{"type":"FeatureCollection","features":[{"type":"Feature","id":"FRA","properties":{"name":"France","id":"FRA"},"geometry":{"type":"MultiPolygon","coordinates":[[[[-54.112,2.114],[-54.477,2.214],[-54.615,2.326],[-54.532,2.34],[-54.493,2.417],[-54.376,2.484],[-54.17,2.853],[-54.177,3.117],[-54.211,3.127],[-54.003,3.455],[-53.995,3.624],[-54.05,3.635],[-54.126,3.789],[-54.241,3.876],[-54.354,4.042],[-54.339,4.152],[-54.407,4.192],[-54.487,4.903],[-54.311,5.226],[-54.061,5.437],[-53.934,5.745],[-53.208,5.502],[-53.271,5.56],[-52.897,5.406],[-52.402,4.974],[-52.389,4.896],[-52.324,4.951],[-52.279,4.931],[-52.259,4.892],[-52.34,4.725],[-52.232,4.875],[-52.025,4.694],[-51.951,4.454],[-52.046,4.334],[-51.937,4.392],[-51.909,4.656],[-51.802,4.613],[-51.738,4.413],[-51.69,4.385],[-51.715,4.316],[-51.649,4.152],[-51.683,4.039],[-51.783,3.981],[-51.988,3.705],[-52.228,3.26],[-52.355,3.152],[-52.409,2.897],[-52.691,2.373],[-52.981,2.173],[-53.113,2.219],[-53.269,2.196],[-53.234,2.251],[-53.344,2.35],[-53.532,2.247],[-53.742,2.309],[-53.765,2.369],[-53.964,2.209],[-54.077,2.184],[-54.111,2.114],[-54.112,2.114]]],[[[2.522,51.088],[2.608,50.961],[2.587,50.845],[2.787,50.723],[2.887,50.697],[2.971,50.758],[3.129,50.779],[3.232,50.696],[3.271,50.527],[3.608,50.477],[3.697,50.298],[3.755,50.346],[4.003,50.344],[4.125,50.257],[4.198,50.258],[4.126,50.128],[4.181,50.127],[4.21,50.06],[4.132,49.975],[4.435,49.932],[4.646,49.984],[4.682,50.084],[4.816,50.161],[4.872,50.14],[4.784,49.958],[4.86,49.913],[4.849,49.794],[4.971,49.797],[5.169,49.687],[5.259,49.691],[5.298,49.613],[5.402,49.602],[5.456,49.499],[5.746,49.549],[5.961,49.441],[6.194,49.499],[6.403,49.465],[6.512,49.425],[6.714,49.159],[6.822,49.148],[6.833,49.209],[6.914,49.207],[7.009,49.182],[7.043,49.108],[7.08,49.142],[7.274,49.105],[7.41,49.169],[7.635,49.038],[7.932,49.035],[8.2,48.959],[8.09,48.808],[7.81,48.615],[7.751,48.341],[7.586,48.13],[7.621,47.971],[7.512,47.707],[7.586,47.585],[7.379,47.431],[7.238,47.417],[7.168,47.444],[7.181,47.488],[6.973,47.489],[6.991,47.452],[6.867,47.354],[7.004,47.368],[7.037,47.33],[6.665,47.021],[6.443,46.944],[6.429,46.761],[6.118,46.583],[6.146,46.552],[6.054,46.419],[6.135,46.37],[6.094,46.253],[5.955,46.2],[5.959,46.13],[6.14,46.15],[6.281,46.24],[6.214,46.315],[6.269,46.375],[6.483,46.449],[6.787,46.414],[6.75,46.346],[6.828,46.269],[6.766,46.152],[6.869,46.112],[6.851,46.05],[6.915,46.049],[7.022,45.925],[6.949,45.858],[6.801,45.826],[6.796,45.718],[6.963,45.641],[6.983,45.511],[7.161,45.411],[7.055,45.214],[6.959,45.21],[6.844,45.13],[6.736,45.157],[6.603,45.103],[6.723,45.013],[6.745,44.908],[7.007,44.822],[7.055,44.685],[6.96,44.683],[6.836,44.534],[6.918,44.436],[6.866,44.372],[6.983,44.242],[7.331,44.125],[7.656,44.176],[7.69,44.067],[7.478,43.866],[7.476,43.765],[7.152,43.655],[7.139,43.554],[6.962,43.54],[6.894,43.428],[6.731,43.408],[6.718,43.351],[6.591,43.269],[6.693,43.273],[6.68,43.202],[6.402,43.147],[6.375,43.091],[6.193,43.109],[6.153,43.072],[6.18,43.036],[6.089,43.035],[6.129,43.071],[5.941,43.134],[5.879,43.12],[5.951,43.08],[5.857,43.045],[5.674,43.18],[5.347,43.216],[5.369,43.27],[5.294,43.355],[5.034,43.335],[5.026,43.409],[5.174,43.428],[5.226,43.48],[5.029,43.559],[5.051,43.429],[4.868,43.421],[4.901,43.367],[4.856,43.342],[4.758,43.422],[4.695,43.579],[4.743,43.423],[4.82,43.346],[4.592,43.36],[4.58,43.43],[4.513,43.456],[4.182,43.464],[4.105,43.552],[3.953,43.54],[3.513,43.281],[3.318,43.263],[3.114,43.106],[3.039,42.943],[3.042,42.629],[3.052,42.555],[3.137,42.525],[3.181,42.431],[2.934,42.47],[2.69,42.406],[2.64,42.373],[2.662,42.339],[2.515,42.326],[2.277,42.429],[1.996,42.349],[1.927,42.437],[1.712,42.494],[1.765,42.563],[1.722,42.61],[1.543,42.649],[1.429,42.595],[1.343,42.709],[1.151,42.707],[1.089,42.771],[0.813,42.832],[0.656,42.838],[0.644,42.684],[0.354,42.717],[0.275,42.669],[0.169,42.726],[-0.039,42.685],[-0.119,42.717],[-0.161,42.795],[-0.323,42.843],[-0.569,42.773],[-0.74,42.885],[-0.76,42.947],[-1.15,43.006],[-1.294,43.055],[-1.286,43.109],[-1.348,43.093],[-1.366,43.033],[-1.457,43.045],[-1.488,43.082],[-1.426,43.135],[-1.404,43.243],[-1.559,43.284],[-1.622,43.247],[-1.655,43.298],[-1.747,43.291],[-1.796,43.374],[-1.661,43.4],[-1.477,43.58],[-1.282,44.302],[-1.257,44.556],[-1.187,44.665],[-1.045,44.669],[-1.172,44.778],[-1.26,44.627],[-1.14,45.49],[-1.085,45.569],[-0.766,45.326],[-0.716,45.135],[-0.569,44.998],[-0.535,44.895],[-0.539,44.977],[-0.596,45.025],[-0.494,44.998],[-0.656,45.099],[-0.72,45.361],[-0.795,45.477],[-1.084,45.66],[-1.247,45.71],[-1.23,45.792],[-1.164,45.807],[-0.987,45.717],[-1.152,45.868],[-1.073,45.904],[-1.111,46.018],[-1.049,46.039],[-1.211,46.175],[-1.111,46.303],[-1.177,46.326],[-1.24,46.284],[-1.37,46.354],[-1.449,46.343],[-1.481,46.408],[-1.626,46.431],[-1.789,46.533],[-1.795,46.495],[-1.91,46.692],[-2.119,46.82],[-2.129,46.893],[-1.991,47.035],[-2.03,47.092],[-2.241,47.142],[-2.165,47.168],[-2.161,47.271],[-2.015,47.3],[-1.727,47.211],[-2.01,47.32],[-2.148,47.313],[-2.278,47.246],[-2.542,47.3],[-2.436,47.307],[-2.556,47.383],[-2.392,47.424],[-2.495,47.491],[-2.364,47.506],[-2.632,47.52],[-2.577,47.554],[-2.817,47.499],[-2.909,47.558],[-2.741,47.551],[-2.689,47.604],[-2.707,47.643],[-2.709,47.602],[-2.789,47.643],[-2.919,47.596],[-2.975,47.664],[-2.94,47.561],[-3.012,47.607],[-3.123,47.599],[-3.085,47.478],[-3.132,47.478],[-3.141,47.598],[-3.201,47.64],[-3.118,47.732],[-3.193,47.746],[-3.159,47.711],[-3.224,47.656],[-3.358,47.697],[-3.283,47.691],[-3.358,47.711],[-3.283,47.787],[-3.446,47.705],[-3.528,47.78],[-3.852,47.801],[-3.962,47.9],[-4.037,47.855],[-4.132,47.924],[-4.111,47.869],[-4.186,47.874],[-4.153,47.842],[-4.185,47.813],[-4.372,47.807],[-4.347,47.863],[-4.435,47.976],[-4.728,48.041],[-4.285,48.115],[-4.302,48.196],[-4.379,48.232],[-4.485,48.243],[-4.557,48.177],[-4.547,48.253],[-4.626,48.287],[-4.547,48.347],[-4.516,48.296],[-4.187,48.308],[-4.325,48.322],[-4.269,48.363],[-4.454,48.335],[-4.29,48.432],[-4.768,48.345],[-4.765,48.52],[-4.722,48.568],[-4.577,48.568],[-4.608,48.603],[-4.53,48.602],[-4.564,48.63],[-4.343,48.679],[-4.194,48.65],[-4.174,48.691],[-3.974,48.733],[-3.955,48.658],[-3.892,48.678],[-3.852,48.63],[-3.81,48.733],[-3.585,48.683],[-3.58,48.733],[-3.528,48.739],[-3.582,48.791],[-3.515,48.842],[-3.398,48.807],[-3.23,48.872],[-3.221,48.794],[-3.091,48.871],[-3.125,48.76],[-3.008,48.821],[-3.042,48.788],[-2.933,48.767],[-2.947,48.733],[-2.682,48.509],[-2.46,48.636],[-2.487,48.65],[-2.316,48.699],[-2.282,48.671],[-2.33,48.63],[-2.251,48.65],[-2.214,48.582],[-2.052,48.65],[-1.98,48.514],[-1.939,48.534],[-1.98,48.589],[-1.953,48.575],[-2.029,48.643],[-1.946,48.699],[-1.844,48.712],[-1.861,48.641],[-1.796,48.616],[-1.357,48.643],[-1.554,48.747],[-1.603,48.849],[-1.543,48.935],[-1.546,49.03],[-1.508,49.034],[-1.594,49.029],[-1.569,49.144],[-1.61,49.216],[-1.548,49.225],[-1.625,49.219],[-1.699,49.356],[-1.816,49.384],[-1.885,49.531],[-1.84,49.62],[-1.946,49.678],[-1.935,49.724],[-1.607,49.65],[-1.409,49.712],[-1.263,49.696],[-1.228,49.624],[-1.306,49.558],[-1.176,49.415],[-1.182,49.356],[-1.123,49.345],[-1.072,49.397],[-0.94,49.392],[-0.411,49.343],[-0.219,49.28],[0.411,49.452],[0.493,49.494],[0.257,49.464],[0.077,49.535],[0.236,49.729],[0.597,49.857],[1.221,49.979],[1.456,50.124],[1.521,50.215],[1.673,50.193],[1.542,50.278],[1.552,50.349],[1.61,50.371],[1.555,50.405],[1.61,50.548],[1.563,50.678],[1.606,50.79],[1.581,50.869],[1.921,50.997],[2.521,51.087],[2.522,51.088]],[[1.983,42.441],[1.968,42.486],[1.961,42.444],[1.983,42.441]]],[[[-60.81,14.462],[-60.871,14.408],[-60.869,14.476],[-61.07,14.467],[-61.106,14.517],[-60.996,14.565],[-61.16,14.667],[-61.219,14.847],[-61.136,14.877],[-60.961,14.75],[-60.879,14.777],[-60.934,14.75],[-60.937,14.666],[-60.832,14.579],[-60.81,14.469],[-60.81,14.462]]],[[[-61.194,15.932],[-61.275,15.874],[-61.332,15.932],[-61.268,16.009],[-61.197,15.945],[-61.194,15.932]]],[[[-60.989,16.346],[-61.092,16.305],[-61.015,16.354],[-60.989,16.346]]],[[[-61.552,16.286],[-61.566,16.034],[-61.695,15.949],[-61.769,16.088],[-61.797,16.312],[-61.738,16.365],[-61.558,16.292],[-61.552,16.286]]],[[[-61.544,16.285],[-61.496,16.365],[-61.534,16.449],[-61.463,16.513],[-61.366,16.349],[-61.164,16.253],[-61.462,16.202],[-61.548,16.271],[-61.544,16.285]]],[[[55.788,-21.103],[55.855,-21.157],[55.812,-21.343],[55.575,-21.368],[55.35,-21.271],[55.225,-21.03],[55.287,-20.912],[55.456,-20.861],[55.664,-20.905],[55.776,-21.084],[55.788,-21.103]]],[[[45.262,-12.763],[45.277,-12.747],[45.283,-12.743],[45.262,-12.763]]],[[[45.201,-12.723],[45.186,-12.969],[45.097,-12.982],[45.063,-12.899],[45.136,-12.904],[45.042,-12.698],[45.091,-12.647],[45.184,-12.718],[45.201,-12.723]]],[[[9.457,42.647],[9.482,42.62],[9.477,42.62],[9.457,42.647]]],[[[8.566,42.209],[8.549,42.242],[8.688,42.273],[8.549,42.377],[8.66,42.43],[8.709,42.579],[8.787,42.562],[8.805,42.606],[9.05,42.662],[9.118,42.732],[9.292,42.675],[9.343,42.749],[9.306,42.839],[9.36,42.929],[9.347,43.004],[9.464,42.99],[9.483,42.802],[9.443,42.641],[9.528,42.564],[9.56,42.147],[9.403,41.953],[9.402,41.706],[9.347,41.62],[9.292,41.626],[9.279,41.598],[9.351,41.581],[9.211,41.448],[9.211,41.407],[9.25,41.428],[9.223,41.373],[9.096,41.404],[9.121,41.435],[9.08,41.482],[8.936,41.489],[8.792,41.561],[8.802,41.639],[8.923,41.695],[8.655,41.75],[8.785,41.824],[8.751,41.846],[8.805,41.907],[8.614,41.901],[8.586,41.969],[8.745,42.057],[8.56,42.154],[8.578,42.204],[8.566,42.209]]],[[[-1.219,45.944],[-1.176,45.899],[-1.209,45.814],[-1.405,46.053],[-1.248,46.002],[-1.219,45.951],[-1.219,45.944]]],[[[-1.281,46.156],[-1.556,46.252],[-1.308,46.207],[-1.271,46.16],[-1.281,46.156]]],[[[-2.337,46.732],[-2.269,46.697],[-2.371,46.704],[-2.357,46.734],[-2.337,46.732]]],[[[-2.2,46.985],[-2.143,46.91],[-2.296,47.033],[-2.201,47.0],[-2.2,46.985]]],[[[-3.115,47.331],[-3.067,47.302],[-3.223,47.312],[-3.262,47.383],[-3.149,47.355],[-3.115,47.331]]],[[[-5.05,48.479],[-5.133,48.458],[-5.069,48.485],[-5.05,48.479]]],[[[-61.625,15.871],[-61.621,15.868],[-61.616,15.86],[-61.625,15.871]]],[[[-61.566,15.878],[-61.596,15.863],[-61.568,15.881],[-61.566,15.878]]],[[[6.235,43.022],[6.165,43.005],[6.233,43.016],[6.235,43.022]]]]}},{"type":"Feature","id":"UKR","properties":{"name":"Ukraine","id":"UKR"},"geometry":{"type":"MultiPolygon","coordinates":[[[[31.764,52.101],[31.859,52.1],[31.91,52.029],[32.233,52.081],[32.367,52.247],[32.354,52.322],[32.394,52.327],[32.909,52.241],[33.183,52.367],[33.481,52.358],[33.51,52.288],[33.804,52.355],[34.065,52.159],[34.096,51.952],[34.413,51.778],[34.376,51.709],[34.089,51.667],[34.224,51.515],[34.186,51.394],[34.309,51.335],[34.186,51.249],[34.608,51.234],[34.675,51.168],[35.079,51.208],[35.144,51.058],[35.355,51.026],[35.278,50.993],[35.285,50.944],[35.342,50.916],[35.469,50.669],[35.378,50.622],[35.425,50.5],[35.541,50.45],[35.611,50.352],[35.697,50.345],[35.837,50.423],[36.106,50.421],[36.269,50.281],[36.41,50.305],[36.594,50.204],[36.849,50.324],[37.415,50.432],[37.48,50.34],[37.599,50.291],[37.597,50.197],[37.728,50.079],[37.916,50.003],[38.0,49.9],[38.166,49.941],[38.174,50.06],[38.3,50.061],[38.356,49.981],[38.665,49.965],[38.687,49.914],[38.937,49.803],[39.156,49.874],[39.261,49.745],[39.558,49.724],[39.623,49.613],[39.802,49.542],[39.998,49.608],[40.116,49.591],[40.035,49.487],[40.16,49.334],[40.142,49.246],[39.952,49.125],[39.919,49.048],[39.698,49.028],[39.674,48.97],[39.759,48.895],[39.95,48.853],[40.034,48.886],[40.053,48.85],[39.975,48.79],[39.779,48.808],[39.632,48.587],[39.855,48.556],[39.845,48.484],[39.924,48.376],[39.816,48.308],[39.979,48.29],[39.991,48.254],[39.843,48.12],[39.843,48.036],[39.76,48.015],[39.796,47.961],[39.734,47.816],[38.877,47.861],[38.796,47.82],[38.735,47.677],[38.319,47.591],[38.189,47.301],[38.298,47.256],[38.203,47.192],[38.217,47.103],[38.142,47.038],[38.108,47.026],[38.13,47.075],[38.072,47.1],[37.546,47.082],[37.335,46.882],[37.227,46.937],[36.854,46.8],[36.769,46.637],[36.803,46.725],[36.696,46.78],[36.4,46.724],[36.278,46.607],[36.189,46.669],[35.902,46.653],[35.491,46.448],[35.162,46.128],[34.982,46.078],[35.044,46.142],[35.2,46.183],[35.342,46.336],[35.268,46.351],[35.285,46.437],[35.188,46.512],[35.209,46.396],[35.108,46.298],[34.894,46.252],[34.812,46.177],[34.976,45.717],[34.789,45.804],[34.784,45.899],[34.689,45.974],[34.465,45.955],[34.334,46.07],[34.068,46.105],[33.846,46.196],[33.67,46.218],[33.66,46.148],[33.55,46.136],[33.516,46.046],[33.215,46.128],[33.235,46.224],[33.123,46.136],[33.023,46.17],[33.018,46.128],[32.766,46.136],[32.503,46.076],[32.262,46.128],[32.269,46.205],[32.129,46.21],[31.886,46.32],[31.882,46.279],[31.801,46.285],[31.767,46.318],[31.8,46.342],[32.062,46.394],[32.008,46.449],[31.749,46.5],[31.687,46.43],[31.508,46.588],[31.582,46.545],[32.318,46.464],[32.646,46.65],[32.336,46.562],[32.248,46.607],[32.146,46.56],[32.023,46.629],[31.94,46.759],[32.007,46.915],[31.936,46.955],[31.977,47.009],[31.865,47.026],[31.897,47.093],[31.742,47.259],[31.727,47.221],[31.806,47.193],[31.816,47.123],[31.874,47.094],[31.837,47.008],[31.947,46.999],[31.899,46.944],[31.968,46.937],[31.945,46.86],[31.865,46.807],[31.899,46.65],[31.493,46.629],[31.618,46.813],[31.508,46.745],[31.441,46.8],[31.506,46.72],[31.416,46.629],[31.16,46.629],[30.791,46.553],[30.755,46.516],[30.798,46.446],[30.772,46.396],[30.652,46.345],[30.682,46.3],[30.494,46.08],[30.138,45.82],[30.127,45.891],[30.095,45.815],[29.991,45.847],[29.953,45.772],[29.926,45.814],[29.932,45.724],[29.888,45.765],[29.802,45.737],[29.86,45.669],[29.734,45.614],[29.683,45.697],[29.694,45.781],[29.638,45.826],[29.59,45.559],[29.707,45.573],[29.606,45.478],[29.713,45.436],[29.732,45.476],[29.756,45.428],[29.73,45.238],[29.674,45.214],[29.65,45.346],[29.431,45.43],[29.228,45.424],[28.93,45.279],[28.79,45.321],[28.76,45.274],[28.803,45.244],[28.71,45.227],[28.33,45.323],[28.286,45.422],[28.199,45.462],[28.271,45.522],[28.502,45.509],[28.537,45.58],[28.474,45.658],[28.738,45.838],[28.74,45.953],[28.957,46.001],[28.939,46.089],[29.015,46.183],[28.934,46.259],[28.946,46.455],[29.184,46.538],[29.201,46.357],[29.283,46.397],[29.307,46.472],[29.375,46.416],[29.458,46.485],[29.481,46.425],[29.616,46.362],[29.714,46.471],[29.828,46.339],[30.081,46.374],[30.132,46.423],[29.902,46.531],[29.95,46.579],[29.928,46.81],[29.559,46.946],[29.602,47.061],[29.57,47.091],[29.52,47.06],[29.478,47.112],[29.545,47.136],[29.557,47.324],[29.481,47.338],[29.41,47.28],[29.233,47.446],[29.156,47.45],[29.117,47.533],[29.239,47.756],[29.178,47.79],[29.236,47.871],[29.124,47.976],[28.95,47.935],[28.833,48.025],[28.799,48.112],[28.574,48.155],[28.519,48.149],[28.48,48.065],[28.412,48.171],[28.317,48.135],[28.358,48.239],[28.093,48.237],[28.076,48.315],[27.583,48.486],[27.209,48.361],[27.037,48.4],[27.033,48.36],[26.943,48.351],[26.832,48.391],[26.778,48.366],[26.774,48.287],[26.68,48.33],[26.587,48.249],[26.303,48.212],[26.271,48.094],[26.173,47.993],[25.262,47.899],[25.08,47.743],[24.897,47.71],[24.542,47.944],[24.231,47.897],[24.009,47.961],[23.855,47.934],[23.78,47.988],[23.461,47.971],[23.139,48.098],[23.063,48.007],[22.924,48.005],[22.878,47.947],[22.801,48.091],[22.605,48.097],[22.481,48.243],[22.357,48.243],[22.257,48.357],[22.272,48.403],[22.133,48.405],[22.139,48.57],[22.31,48.682],[22.369,48.856],[22.449,48.971],[22.521,48.993],[22.54,49.072],[22.867,49.01],[22.841,49.095],[22.682,49.161],[22.738,49.275],[22.641,49.529],[22.666,49.567],[23.101,49.957],[23.682,50.368],[23.981,50.405],[24.011,50.493],[24.108,50.541],[24.081,50.713],[23.958,50.808],[24.143,50.856],[23.979,50.938],[23.864,51.148],[23.635,51.305],[23.698,51.404],[23.608,51.511],[23.617,51.625],[23.75,51.644],[23.981,51.586],[24.244,51.718],[24.391,51.88],[25.138,51.949],[25.768,51.929],[26.855,51.749],[27.151,51.757],[27.189,51.664],[27.277,51.651],[27.267,51.587],[27.477,51.624],[27.693,51.589],[27.664,51.493],[27.714,51.464],[27.831,51.613],[28.071,51.558],[28.21,51.652],[28.334,51.528],[28.461,51.572],[28.604,51.554],[28.637,51.45],[28.729,51.401],[28.8,51.533],[29.063,51.631],[29.16,51.603],[29.32,51.366],[29.466,51.385],[29.638,51.491],[29.829,51.43],[30.149,51.484],[30.32,51.402],[30.355,51.305],[30.54,51.235],[30.646,51.367],[30.588,51.427],[30.618,51.467],[30.584,51.542],[30.515,51.604],[30.742,51.898],[30.941,51.994],[30.919,52.059],[31.096,52.08],[31.229,52.038],[31.383,52.117],[31.65,52.097],[31.764,52.101]]],[[[29.919,45.691],[30.126,45.811],[29.731,45.591],[29.902,45.68],[29.919,45.691]]],[[[32.989,46.043],[33.057,46.025],[32.619,46.06],[32.979,46.053],[32.989,46.043]]],[[[31.94,46.205],[32.166,46.149],[31.58,46.263],[31.504,46.373],[31.618,46.259],[31.94,46.205]]]]}},{"type":"Feature","id":"BLR","properties":{"name":"Belarus","id":"BLR"},"geometry":{"type":"Polygon","coordinates":[[[23.606,51.517],[23.532,51.659],[23.676,51.994],[23.637,52.084],[23.512,52.124],[23.488,52.182],[23.19,52.241],[23.166,52.289],[23.392,52.51],[23.869,52.67],[23.922,52.743],[23.911,53.005],[23.859,53.068],[23.894,53.152],[23.591,53.611],[23.486,53.939],[23.627,53.898],[24.17,53.959],[24.257,53.894],[24.378,53.887],[24.667,53.994],[24.806,53.975],[24.782,54.093],[24.822,54.135],[25.072,54.132],[25.206,54.257],[25.37,54.248],[25.459,54.299],[25.554,54.231],[25.502,54.222],[25.516,54.145],[25.763,54.156],[25.789,54.236],[25.696,54.321],[25.529,54.321],[25.631,54.508],[25.74,54.569],[25.721,54.767],[25.783,54.87],[25.87,54.939],[26.139,54.969],[26.264,55.14],[26.601,55.121],[26.657,55.215],[26.801,55.273],[26.45,55.327],[26.596,55.568],[26.616,55.688],[26.823,55.706],[26.981,55.827],[27.593,55.794],[27.645,55.923],[27.927,56.109],[28.111,56.157],[28.311,56.043],[28.39,56.089],[28.611,56.088],[28.732,55.947],[28.831,55.938],[29.031,56.024],[29.396,55.948],[29.444,55.907],[29.344,55.787],[29.481,55.681],[29.684,55.771],[29.806,55.771],[29.908,55.843],[30.106,55.822],[30.2,55.858],[30.469,55.794],[30.742,55.594],[30.886,55.6],[30.918,55.388],[30.794,55.286],[30.96,55.163],[31.006,55.023],[30.913,55.025],[30.917,54.954],[30.815,54.928],[30.771,54.786],[31.168,54.622],[31.065,54.492],[31.209,54.448],[31.325,54.229],[31.823,54.053],[31.838,53.962],[31.745,53.795],[32.084,53.81],[32.442,53.714],[32.49,53.677],[32.399,53.635],[32.429,53.562],[32.72,53.439],[32.717,53.335],[32.455,53.3],[32.479,53.275],[32.424,53.204],[32.117,53.081],[31.796,53.112],[31.756,53.187],[31.614,53.21],[31.379,53.182],[31.364,53.089],[31.247,53.014],[31.561,52.787],[31.57,52.725],[31.481,52.682],[31.629,52.548],[31.551,52.512],[31.608,52.372],[31.567,52.311],[31.699,52.251],[31.682,52.202],[31.764,52.101],[31.383,52.117],[31.229,52.038],[31.096,52.08],[30.919,52.059],[30.941,51.994],[30.742,51.898],[30.515,51.604],[30.584,51.542],[30.618,51.467],[30.588,51.427],[30.646,51.367],[30.551,51.237],[30.355,51.305],[30.32,51.402],[30.149,51.484],[29.829,51.43],[29.638,51.491],[29.466,51.385],[29.32,51.366],[29.16,51.603],[29.063,51.631],[28.8,51.533],[28.729,51.401],[28.637,51.45],[28.604,51.554],[28.461,51.572],[28.334,51.528],[28.21,51.652],[28.071,51.558],[27.831,51.613],[27.714,51.464],[27.664,51.493],[27.693,51.589],[27.477,51.624],[27.267,51.587],[27.277,51.651],[27.189,51.664],[27.151,51.757],[26.855,51.749],[25.768,51.929],[25.138,51.949],[24.391,51.88],[24.244,51.718],[23.981,51.586],[23.75,51.644],[23.617,51.625],[23.615,51.513],[23.606,51.517]]]}},{"type":"Feature","id":"LTU","properties":{"name":"Lithuania","id":"LTU"},"geometry":{"type":"MultiPolygon","coordinates":[[[[26.595,55.667],[26.605,55.59],[26.45,55.327],[26.801,55.273],[26.657,55.215],[26.601,55.121],[26.264,55.14],[26.139,54.969],[25.87,54.939],[25.783,54.87],[25.721,54.767],[25.74,54.569],[25.631,54.508],[25.529,54.321],[25.696,54.321],[25.789,54.236],[25.763,54.156],[25.516,54.145],[25.502,54.222],[25.554,54.231],[25.459,54.299],[25.37,54.248],[25.206,54.257],[25.072,54.132],[24.822,54.135],[24.782,54.093],[24.821,54.02],[24.789,53.97],[24.667,53.994],[24.378,53.887],[24.257,53.894],[24.17,53.959],[23.627,53.898],[23.486,53.939],[23.474,54.113],[23.354,54.217],[23.05,54.295],[22.963,54.382],[22.838,54.401],[22.767,54.356],[22.707,54.419],[22.675,54.492],[22.701,54.68],[22.848,54.814],[22.821,54.885],[22.633,54.958],[22.565,55.068],[22.077,55.029],[22.003,55.093],[21.504,55.194],[21.375,55.29],[21.268,55.249],[21.257,55.369],[21.183,55.346],[21.248,55.418],[21.223,55.52],[21.061,55.789],[21.053,56.073],[21.19,56.084],[21.328,56.224],[22.094,56.417],[22.666,56.349],[22.925,56.412],[23.062,56.304],[23.288,56.373],[23.482,56.33],[23.707,56.354],[24.139,56.257],[24.319,56.299],[24.481,56.269],[24.871,56.443],[25.073,56.198],[25.662,56.141],[26.179,55.85],[26.28,55.743],[26.537,55.67],[26.595,55.667]]],[[[20.989,55.273],[20.925,55.283],[21.082,55.498],[21.085,55.723],[21.132,55.656],[21.106,55.421],[20.989,55.291],[20.989,55.273]]]]}},{"type":"Feature","id":"RUS","properties":{"name":"Russia","id":"RUS"},"geometry":{"type":"MultiPolygon","coordinates":[[[[87.816,49.166],[87.4,49.071],[87.324,49.085],[87.272,49.205],[87.025,49.249],[86.913,49.339],[86.933,49.39],[86.814,49.45],[86.824,49.509],[86.592,49.587],[86.776,49.695],[86.748,49.783],[86.61,49.796],[86.475,49.671],[86.272,49.584],[86.177,49.463],[86.07,49.526],[85.946,49.481],[85.941,49.56],[85.673,49.56],[85.615,49.617],[85.224,49.596],[85.056,49.873],[84.955,49.907],[84.955,49.99],[85.025,50.004],[84.987,50.067],[84.839,50.081],[84.441,50.245],[84.331,50.213],[84.25,50.26],[84.177,50.439],[84.196,50.511],[84.102,50.629],[83.976,50.686],[83.951,50.78],[83.82,50.868],[83.434,50.993],[83.108,50.993],[82.976,50.882],[82.726,50.901],[82.673,50.79],[82.476,50.714],[82.328,50.752],[82.147,50.702],[81.744,50.785],[81.674,50.736],[81.46,50.73],[81.419,50.762],[81.466,50.834],[81.401,50.959],[81.052,50.956],[81.152,51.187],[81.022,51.177],[80.924,51.216],[80.906,51.284],[80.843,51.258],[80.683,51.302],[80.599,51.209],[80.422,51.188],[80.411,51.105],[80.464,51.044],[80.439,50.958],[80.181,50.876],[80.143,50.817],[80.015,50.839],[80.086,50.752],[80.021,50.767],[79.043,51.993],[77.867,53.272],[77.613,53.443],[76.495,53.992],[76.377,54.154],[76.665,54.134],[76.838,54.297],[76.834,54.346],[76.753,54.377],[76.904,54.433],[76.896,54.464],[76.673,54.436],[76.623,54.356],[76.476,54.323],[76.234,54.347],[76.177,54.307],[76.184,54.252],[75.64,54.099],[75.429,54.09],[75.361,54.06],[75.434,53.987],[75.028,53.808],[74.772,53.831],[74.616,53.681],[74.438,53.673],[74.457,53.57],[74.388,53.462],[74.27,53.515],[74.223,53.595],[74.077,53.566],[74.058,53.625],[73.904,53.639],[73.653,53.609],[73.411,53.43],[73.347,53.459],[73.391,53.52],[73.231,53.572],[73.23,53.662],[73.307,53.686],[73.347,53.788],[73.438,53.809],[73.391,53.828],[73.432,53.865],[73.683,53.874],[73.741,54.058],[73.602,54.071],[73.518,53.956],[73.393,53.974],[73.36,53.938],[73.063,53.979],[72.942,54.122],[72.624,54.135],[72.503,54.051],[72.656,54.043],[72.7,53.958],[72.557,53.977],[72.392,53.908],[72.419,54.016],[72.358,54.093],[72.483,54.136],[72.299,54.178],[72.324,54.253],[72.185,54.357],[72.043,54.378],[72.103,54.312],[72.067,54.222],[72.17,54.197],[72.178,54.136],[72.1,54.132],[71.984,54.232],[71.762,54.248],[71.709,54.132],[71.647,54.109],[71.477,54.11],[71.453,54.181],[71.321,54.201],[71.161,54.102],[71.044,54.186],[71.052,54.263],[70.971,54.305],[71.191,54.318],[71.141,54.564],[71.265,54.662],[71.201,54.724],[71.006,54.774],[70.946,54.888],[70.977,55.078],[70.793,55.233],[70.82,55.294],[70.441,55.283],[70.382,55.206],[70.214,55.132],[69.94,55.2],[69.674,55.334],[69.335,55.385],[69.186,55.326],[69.123,55.398],[68.927,55.434],[68.971,55.279],[68.701,55.36],[68.605,55.196],[68.177,55.171],[68.308,55.073],[68.166,54.956],[67.882,54.97],[67.698,54.868],[67.311,54.86],[67.213,54.797],[65.977,54.612],[65.933,54.703],[65.744,54.601],[65.45,54.627],[65.449,54.557],[65.198,54.516],[65.184,54.31],[65.085,54.309],[64.911,54.403],[64.72,54.334],[64.579,54.386],[64.004,54.32],[64.008,54.229],[63.897,54.194],[63.709,54.25],[63.368,54.163],[63.157,54.18],[63.085,54.086],[62.581,54.054],[62.525,53.872],[62.39,53.942],[62.444,53.992],[62.413,54.027],[62.003,54.017],[62.004,53.932],[61.856,53.943],[61.791,54.001],[61.62,53.993],[61.582,53.948],[61.338,54.063],[61.194,54.018],[61.211,53.908],[61.145,53.95],[60.996,53.941],[60.978,53.883],[61.085,53.875],[61.199,53.797],[61.008,53.636],[60.88,53.633],[61.281,53.542],[61.503,53.589],[61.555,53.506],[61.412,53.436],[61.235,53.503],[61.137,53.373],[61.163,53.299],[61.514,53.209],[61.643,53.243],[61.764,53.169],[62.051,53.125],[62.116,53.065],[62.094,52.992],[61.959,52.935],[61.82,52.978],[61.606,52.948],[61.448,53.021],[60.975,52.971],[61.058,52.922],[60.696,52.735],[60.673,52.672],[60.803,52.628],[60.815,52.522],[60.936,52.489],[61.04,52.335],[60.672,52.144],[60.426,52.13],[60.203,51.993],[60.003,51.993],[59.986,51.952],[60.061,51.859],[60.138,51.889],[60.452,51.805],[60.476,51.776],[60.356,51.692],[60.376,51.663],[60.515,51.618],[60.937,51.611],[60.945,51.544],[61.029,51.483],[61.474,51.426],[61.563,51.296],[61.664,51.258],[61.534,51.206],[61.427,50.833],[61.372,50.782],[60.718,50.653],[60.3,50.685],[60.177,50.742],[60.136,50.844],[60.021,50.854],[59.962,50.83],[59.915,50.674],[59.816,50.563],[59.523,50.475],[59.452,50.537],[59.563,50.58],[59.438,50.631],[59.273,50.616],[59.197,50.663],[58.926,50.678],[58.748,50.795],[58.664,50.79],[58.641,50.863],[58.55,50.893],[58.595,51.023],[58.378,51.071],[58.308,51.15],[58.168,51.055],[57.769,51.12],[57.722,50.909],[57.556,50.919],[57.468,50.858],[57.334,50.897],[57.154,51.1],[56.716,51.072],[56.688,50.969],[56.478,51.073],[56.315,50.884],[56.158,50.906],[56.079,50.725],[55.66,50.53],[55.468,50.657],[55.305,50.665],[55.084,50.797],[55.048,50.884],[54.638,51.028],[54.534,51.003],[54.546,50.953],[54.503,50.928],[54.638,50.886],[54.676,50.603],[54.499,50.523],[54.38,50.619],[54.479,50.853],[54.276,50.904],[54.145,50.993],[54.112,51.096],[53.936,51.186],[53.674,51.22],[53.594,51.289],[53.61,51.388],[53.407,51.484],[53.166,51.515],[52.944,51.453],[52.78,51.508],[52.546,51.46],[52.308,51.775],[52.092,51.659],[51.869,51.673],[51.765,51.593],[51.782,51.493],[51.693,51.454],[51.584,51.535],[51.462,51.475],[51.304,51.472],[51.237,51.536],[51.359,51.561],[51.372,51.63],[51.234,51.685],[50.925,51.68],[50.767,51.759],[50.791,51.597],[50.671,51.568],[50.694,51.611],[50.582,51.635],[50.525,51.566],[50.527,51.47],[50.36,51.413],[50.325,51.303],[49.987,51.23],[49.779,51.102],[49.437,51.112],[49.347,50.964],[49.424,50.882],[49.369,50.827],[49.144,50.782],[48.83,50.596],[48.568,50.637],[48.673,50.58],[48.783,50.111],[48.874,50.07],[48.886,50.02],[48.785,49.933],[48.43,49.81],[48.239,49.865],[48.075,50.105],[47.808,50.32],[47.599,50.453],[47.47,50.412],[47.295,50.275],[47.322,50.237],[47.265,50.186],[47.328,50.109],[47.309,50.045],[46.9,49.82],[46.775,49.333],[46.979,49.244],[47.04,49.15],[46.93,49.004],[46.754,48.914],[46.478,48.411],[47.099,48.265],[47.104,48.101],[47.192,48.072],[47.044,47.986],[47.159,47.872],[47.124,47.808],[47.36,47.683],[47.412,47.836],[47.65,47.766],[48.044,47.77],[48.174,47.713],[48.411,47.446],[48.525,47.41],[48.697,47.101],[49.006,46.769],[48.917,46.703],[48.764,46.683],[48.677,46.758],[48.557,46.762],[48.455,46.661],[48.53,46.638],[48.539,46.568],[48.918,46.474],[49.306,46.263],[49.16,46.292],[49.15,46.336],[49.059,46.252],[49.105,46.241],[49.115,46.151],[49.042,46.196],[48.935,46.142],[48.932,46.085],[48.899,46.148],[48.887,46.108],[48.839,46.149],[48.874,46.078],[48.791,46.128],[48.818,46.056],[48.714,46.13],[48.627,46.087],[48.729,46.02],[48.655,45.957],[48.752,45.966],[48.791,45.841],[48.716,45.814],[48.71,45.882],[48.555,45.967],[48.357,45.869],[48.399,45.835],[48.289,45.837],[48.221,45.765],[48.243,45.71],[48.079,45.752],[48.007,45.701],[47.859,45.724],[47.818,45.608],[47.752,45.691],[47.56,45.772],[47.626,45.709],[47.654,45.559],[47.541,45.666],[47.433,45.694],[47.503,45.717],[47.385,45.75],[47.572,45.567],[47.542,45.537],[47.494,45.585],[47.538,45.506],[47.497,45.43],[47.381,45.411],[47.46,45.391],[47.384,45.299],[47.37,45.186],[47.297,45.187],[47.201,44.97],[47.146,44.929],[47.099,44.956],[47.078,44.785],[46.989,44.915],[47.01,44.83],[46.962,44.765],[46.722,44.655],[46.723,44.549],[46.68,44.528],[46.759,44.401],[47.026,44.36],[47.122,44.223],[47.246,44.212],[47.462,43.86],[47.441,43.819],[47.503,43.781],[47.394,43.606],[47.366,43.621],[47.404,43.511],[47.465,43.552],[47.544,43.865],[47.596,43.901],[47.702,43.874],[47.602,43.766],[47.491,43.463],[47.493,43.296],[47.57,43.334],[47.586,43.3],[47.486,43.213],[47.462,43.021],[47.698,42.867],[47.727,42.663],[47.868,42.585],[48.096,42.35],[48.387,41.937],[48.579,41.845],[48.37,41.58],[48.054,41.461],[47.871,41.208],[47.547,41.206],[47.268,41.303],[47.141,41.552],[47.027,41.557],[46.902,41.713],[46.769,41.776],[46.741,41.851],[46.568,41.787],[46.526,41.882],[46.224,41.993],[45.934,42.028],[45.881,42.102],[45.631,42.201],[45.736,42.448],[45.699,42.508],[45.323,42.53],[45.123,42.702],[45.03,42.689],[44.859,42.76],[44.773,42.61],[44.679,42.724],[44.508,42.75],[44.272,42.702],[44.197,42.629],[43.94,42.552],[43.723,42.625],[43.801,42.746],[43.156,42.942],[42.999,43.042],[43.0,43.099],[42.83,43.169],[42.615,43.137],[42.355,43.236],[42.043,43.181],[41.578,43.215],[41.381,43.335],[41.012,43.375],[40.652,43.539],[40.52,43.505],[40.233,43.576],[40.073,43.551],[39.963,43.393],[39.329,43.896],[38.758,44.274],[38.217,44.387],[38.056,44.559],[37.985,44.564],[37.778,44.73],[37.8,44.635],[37.499,44.668],[37.371,44.748],[37.306,44.91],[37.192,44.991],[36.84,45.109],[36.702,45.104],[36.577,45.194],[36.962,45.283],[36.947,45.32],[36.789,45.292],[36.758,45.354],[36.803,45.313],[36.848,45.367],[36.782,45.388],[36.668,45.326],[36.705,45.391],[36.833,45.443],[37.139,45.336],[37.078,45.239],[37.319,45.272],[37.159,45.326],[37.381,45.306],[37.519,45.369],[37.505,45.334],[37.601,45.331],[37.591,45.289],[37.635,45.334],[37.729,45.302],[37.7,45.339],[37.758,45.402],[37.717,45.389],[37.703,45.457],[37.744,45.45],[37.635,45.608],[37.641,45.456],[37.586,45.432],[37.595,45.635],[37.626,45.668],[37.703,45.622],[37.667,45.669],[37.829,45.753],[37.94,46.02],[38.098,46.058],[38.032,46.025],[38.074,46.025],[38.042,45.961],[38.08,45.946],[38.001,45.833],[38.04,45.816],[38.167,46.121],[38.249,46.142],[38.427,46.038],[38.56,46.033],[38.571,46.105],[38.3,46.219],[38.123,46.378],[37.981,46.4],[37.995,46.354],[37.905,46.411],[37.731,46.67],[37.982,46.617],[38.272,46.732],[38.314,46.676],[38.575,46.654],[38.586,46.696],[38.513,46.732],[38.378,46.708],[38.415,46.833],[38.804,46.894],[39.075,47.033],[39.28,47.013],[39.304,47.085],[39.389,47.115],[39.28,47.088],[39.264,47.261],[39.088,47.286],[38.945,47.253],[38.938,47.19],[38.847,47.164],[38.568,47.115],[38.478,47.142],[38.56,47.218],[38.776,47.246],[38.81,47.288],[38.553,47.23],[38.428,47.134],[38.217,47.103],[38.203,47.192],[38.301,47.276],[38.191,47.317],[38.319,47.591],[38.735,47.677],[38.831,47.848],[39.759,47.833],[39.796,47.961],[39.76,48.015],[39.843,48.036],[39.843,48.12],[39.993,48.273],[39.816,48.308],[39.924,48.376],[39.835,48.573],[39.632,48.587],[39.779,48.808],[39.975,48.79],[40.054,48.869],[39.759,48.895],[39.674,48.97],[39.681,49.02],[39.919,49.048],[39.952,49.125],[40.142,49.246],[40.16,49.334],[40.035,49.487],[40.131,49.58],[39.998,49.608],[39.802,49.542],[39.623,49.613],[39.558,49.724],[39.261,49.745],[39.156,49.874],[38.937,49.803],[38.687,49.914],[38.665,49.965],[38.356,49.981],[38.3,50.061],[38.174,50.06],[38.166,49.941],[38.0,49.9],[37.916,50.003],[37.728,50.079],[37.597,50.197],[37.599,50.291],[37.48,50.34],[37.415,50.432],[36.849,50.324],[36.594,50.204],[36.41,50.305],[36.269,50.281],[36.106,50.421],[35.837,50.423],[35.697,50.345],[35.611,50.352],[35.541,50.45],[35.425,50.5],[35.378,50.622],[35.469,50.669],[35.342,50.916],[35.285,50.944],[35.278,50.993],[35.355,51.026],[35.144,51.058],[35.079,51.208],[34.675,51.168],[34.608,51.234],[34.186,51.249],[34.309,51.335],[34.186,51.394],[34.224,51.515],[34.089,51.667],[34.376,51.709],[34.413,51.778],[34.096,51.952],[34.065,52.159],[33.804,52.355],[33.51,52.288],[33.481,52.358],[33.183,52.367],[32.909,52.241],[32.394,52.327],[32.354,52.322],[32.367,52.247],[32.233,52.081],[31.91,52.029],[31.859,52.1],[31.764,52.101],[31.682,52.202],[31.699,52.251],[31.567,52.311],[31.608,52.372],[31.551,52.512],[31.629,52.548],[31.481,52.682],[31.57,52.725],[31.561,52.787],[31.247,53.014],[31.364,53.089],[31.416,53.2],[31.739,53.193],[31.796,53.112],[31.931,53.088],[32.201,53.098],[32.424,53.204],[32.479,53.275],[32.455,53.3],[32.717,53.335],[32.72,53.439],[32.429,53.562],[32.399,53.635],[32.49,53.677],[32.442,53.714],[32.084,53.81],[31.745,53.795],[31.838,53.962],[31.823,54.053],[31.325,54.229],[31.209,54.448],[31.065,54.492],[31.168,54.622],[30.771,54.786],[30.815,54.928],[30.917,54.954],[30.913,55.025],[31.006,55.023],[30.96,55.163],[30.794,55.286],[30.918,55.388],[30.881,55.451],[30.913,55.572],[30.848,55.611],[30.742,55.594],[30.469,55.794],[30.218,55.855],[29.908,55.843],[29.806,55.771],[29.684,55.771],[29.481,55.681],[29.351,55.766],[29.384,55.88],[29.444,55.907],[29.377,55.954],[29.031,56.024],[28.831,55.938],[28.732,55.947],[28.621,56.083],[28.538,56.098],[28.29,56.047],[28.149,56.142],[28.217,56.271],[28.164,56.438],[28.093,56.502],[28.132,56.536],[28.011,56.588],[27.981,56.687],[27.865,56.743],[27.914,56.82],[27.786,56.871],[27.628,56.844],[27.751,57.042],[27.682,57.104],[27.824,57.159],[27.84,57.291],[27.511,57.43],[27.528,57.528],[27.353,57.528],[27.328,57.583],[27.382,57.603],[27.391,57.68],[27.508,57.715],[27.502,57.773],[27.554,57.795],[27.525,57.807],[27.799,57.861],[27.665,57.918],[27.63,58.088],[27.495,58.221],[27.494,58.32],[27.555,58.395],[27.411,58.755],[27.478,58.875],[27.713,58.992],[27.882,59.276],[28.182,59.356],[28.019,59.482],[28.073,59.578],[28.0,59.681],[28.007,59.758],[28.124,59.792],[28.224,59.691],[28.375,59.666],[28.476,59.852],[28.833,59.787],[28.976,59.831],[29.034,59.887],[28.98,59.93],[29.161,60.003],[30.162,59.868],[30.246,59.975],[29.948,60.03],[29.849,60.167],[29.701,60.201],[29.052,60.184],[28.799,60.369],[28.746,60.342],[28.617,60.382],[28.439,60.56],[28.703,60.461],[28.645,60.67],[28.735,60.693],[28.69,60.738],[28.401,60.665],[28.216,60.548],[27.9,60.528],[27.863,60.567],[27.794,60.533],[28.798,61.097],[29.203,61.246],[30.648,62.193],[30.926,62.302],[31.244,62.503],[31.57,62.906],[31.263,63.101],[31.204,63.213],[30.461,63.473],[29.981,63.742],[30.202,63.793],[30.552,64.022],[30.586,64.085],[30.533,64.163],[30.558,64.22],[30.032,64.397],[30.07,64.472],[29.955,64.569],[30.181,64.643],[30.119,64.768],[29.78,64.796],[29.634,64.907],[29.598,65.034],[29.85,65.122],[29.808,65.135],[29.833,65.205],[29.58,65.235],[29.72,65.329],[29.726,65.492],[29.839,65.565],[29.703,65.629],[30.099,65.656],[30.112,65.712],[29.9,66.108],[29.651,66.288],[29.524,66.491],[29.052,66.908],[29.1,66.991],[29.52,67.298],[29.916,67.508],[30.009,67.686],[29.651,67.824],[29.331,68.073],[28.69,68.183],[28.448,68.53],[28.801,68.835],[28.41,68.899],[29.12,69.047],[29.24,69.115],[29.377,69.302],[29.967,69.373],[30.225,69.541],[30.22,69.6],[30.119,69.635],[30.512,69.536],[30.853,69.527],[30.927,69.578],[30.928,69.672],[30.841,69.806],[31.409,69.716],[31.297,69.613],[31.478,69.698],[31.811,69.688],[31.701,69.737],[31.711,69.827],[31.848,69.853],[32.099,69.792],[31.913,69.936],[32.054,69.964],[32.267,69.876],[32.488,69.851],[32.523,69.803],[33.133,69.729],[33.107,69.649],[32.872,69.583],[32.17,69.655],[32.174,69.729],[32.112,69.753],[32.102,69.674],[31.968,69.654],[32.056,69.637],[32.016,69.564],[32.399,69.584],[32.434,69.564],[32.392,69.537],[32.502,69.517],[32.194,69.435],[32.537,69.51],[32.899,69.482],[32.77,69.414],[33.085,69.476],[32.862,69.365],[32.823,69.301],[32.989,69.394],[33.318,69.451],[33.524,69.428],[33.376,69.308],[33.235,69.27],[33.448,69.288],[33.476,69.27],[33.297,69.229],[33.544,69.209],[33.061,69.083],[33.016,69.039],[33.023,68.955],[33.064,69.058],[33.427,69.105],[33.576,69.199],[33.572,69.304],[33.724,69.337],[33.722,69.304],[33.873,69.311],[33.852,69.339],[34.421,69.311],[34.982,69.229],[34.973,69.193],[35.264,69.215],[35.147,69.27],[35.183,69.28],[35.874,69.195],[37.681,68.713],[38.067,68.51],[38.33,68.442],[38.391,68.399],[38.389,68.343],[38.765,68.291],[38.51,68.365],[38.639,68.385],[39.521,68.076],[39.86,68.047],[39.71,68.169],[39.793,68.165],[39.913,68.123],[40.004,68.02],[40.411,67.875],[40.322,67.845],[40.467,67.761],[40.655,67.815],[40.801,67.728],[40.923,67.735],[41.04,67.678],[40.999,67.467],[41.15,67.423],[41.109,67.254],[41.34,67.224],[41.336,67.16],[41.39,67.125],[41.343,67.087],[41.36,67.014],[41.267,66.988],[41.305,66.95],[41.178,66.81],[40.745,66.597],[40.566,66.456],[40.085,66.289],[39.344,66.135],[38.554,66.055],[37.656,66.123],[36.887,66.285],[35.558,66.387],[34.804,66.614],[34.48,66.538],[34.356,66.63],[34.522,66.657],[34.092,66.672],[34.161,66.735],[34.141,66.774],[34.069,66.702],[33.947,66.685],[33.833,66.696],[33.592,66.831],[33.606,66.79],[33.52,66.802],[33.626,66.748],[33.524,66.782],[33.572,66.742],[33.489,66.769],[33.558,66.728],[33.517,66.724],[33.101,66.858],[32.805,67.01],[32.817,67.063],[32.969,67.091],[32.93,67.1],[32.383,67.16],[31.851,67.153],[32.262,67.125],[32.358,67.07],[32.314,67.06],[32.55,67.0],[32.507,66.949],[32.392,66.954],[32.496,66.933],[32.42,66.886],[32.545,66.883],[32.935,66.742],[32.77,66.742],[33.324,66.646],[32.865,66.598],[32.901,66.575],[33.26,66.618],[33.537,66.536],[33.193,66.579],[32.941,66.528],[33.229,66.533],[33.509,66.464],[33.602,66.502],[33.634,66.474],[33.585,66.46],[33.735,66.426],[33.516,66.406],[33.675,66.357],[33.629,66.344],[33.311,66.317],[33.599,66.33],[33.9,66.229],[34.103,66.247],[34.161,66.185],[34.553,66.094],[34.723,65.988],[34.661,65.953],[34.716,65.933],[34.695,65.909],[34.852,65.9],[34.825,65.843],[34.9,65.824],[34.871,65.774],[34.969,65.728],[34.9,65.706],[34.689,65.81],[34.689,65.728],[34.757,65.713],[34.695,65.686],[34.777,65.597],[34.633,65.487],[34.682,65.453],[34.511,65.456],[34.511,65.412],[34.297,65.385],[34.463,65.364],[34.48,65.281],[34.64,65.241],[34.606,65.227],[34.682,65.2],[34.627,65.172],[34.663,65.127],[34.774,65.1],[34.754,65.055],[34.816,65.043],[34.702,64.98],[34.942,64.858],[34.757,64.774],[35.009,64.743],[34.832,64.698],[34.978,64.612],[34.743,64.556],[35.009,64.494],[34.956,64.452],[35.014,64.423],[35.307,64.372],[35.349,64.296],[35.589,64.322],[35.618,64.34],[35.583,64.411],[35.811,64.342],[35.977,64.199],[36.06,64.218],[36.227,64.136],[36.222,64.075],[36.292,64.01],[36.703,63.925],[37.169,63.895],[37.291,63.818],[37.534,63.801],[37.608,63.816],[37.657,63.899],[37.985,63.946],[38.074,64.017],[38.046,64.148],[37.902,64.24],[38.02,64.309],[37.909,64.343],[37.957,64.364],[37.833,64.358],[37.749,64.442],[37.63,64.377],[37.339,64.34],[37.122,64.395],[36.744,64.681],[36.56,64.717],[36.504,64.836],[36.573,64.83],[36.44,64.917],[36.631,64.904],[36.807,64.959],[36.867,65.076],[36.82,65.147],[37.008,65.173],[37.673,65.036],[37.795,64.921],[38.046,64.854],[38.385,64.845],[38.403,64.774],[38.067,64.781],[38.045,64.744],[38.126,64.696],[38.048,64.646],[38.339,64.758],[38.473,64.743],[38.492,64.768],[38.416,64.802],[38.448,64.818],[39.331,64.64],[39.567,64.545],[39.924,64.603],[39.786,64.597],[39.85,64.676],[40.182,64.559],[40.517,64.541],[40.411,64.737],[40.517,64.774],[40.437,64.809],[40.273,65.021],[40.114,65.075],[39.741,65.357],[39.709,65.448],[39.749,65.552],[40.472,65.813],[40.71,65.972],[41.343,66.063],[41.644,66.173],[42.201,66.532],[42.661,66.443],[42.549,66.385],[43.302,66.426],[43.367,66.347],[43.555,66.324],[43.693,66.237],[43.288,66.09],[43.353,66.041],[43.451,66.037],[43.515,65.974],[43.501,66.053],[43.382,66.072],[43.48,66.131],[43.836,66.186],[44.046,66.081],[44.041,65.994],[44.18,65.864],[44.125,65.988],[44.159,66.087],[44.084,66.159],[44.096,66.262],[44.236,66.447],[44.36,66.508],[44.395,66.622],[44.563,66.666],[44.364,66.782],[44.466,66.82],[44.522,66.919],[44.303,67.056],[44.378,67.104],[43.815,67.177],[43.767,67.278],[44.042,67.68],[44.145,67.679],[44.07,67.714],[44.131,67.792],[44.087,67.885],[44.268,67.927],[44.125,67.934],[44.214,67.989],[44.138,67.995],[44.412,68.063],[44.181,68.036],[44.228,68.297],[43.326,68.614],[43.274,68.658],[43.317,68.667],[43.985,68.551],[45.582,68.514],[45.944,68.446],[46.029,68.324],[46.535,68.133],[46.461,68.112],[46.54,68.108],[46.558,68.016],[46.703,67.892],[46.698,67.816],[45.35,67.73],[45.303,67.694],[45.351,67.663],[45.315,67.592],[45.028,67.532],[44.919,67.441],[44.912,67.372],[45.055,67.284],[45.594,67.158],[45.824,66.899],[46.025,66.833],[46.598,66.858],[46.407,66.746],[46.583,66.815],[47.41,66.929],[47.581,66.87],[47.607,66.946],[47.742,67.031],[47.75,67.121],[47.689,67.196],[47.787,67.252],[47.77,67.338],[47.948,67.444],[47.825,67.56],[47.846,67.601],[48.052,67.652],[48.099,67.639],[48.093,67.592],[48.256,67.683],[48.487,67.664],[48.7,67.716],[49.107,67.639],[48.778,67.727],[48.794,67.831],[48.586,67.934],[48.843,67.865],[49.133,67.863],[50.018,68.091],[49.847,68.016],[50.001,68.058],[50.779,68.379],[51.059,68.351],[52.177,68.582],[52.217,68.585],[52.052,68.492],[52.361,68.475],[52.136,68.379],[52.249,68.318],[52.402,68.338],[52.731,68.474],[52.491,68.592],[52.634,68.659],[52.411,68.586],[52.279,68.598],[52.328,68.633],[53.25,68.878],[53.879,68.974],[54.561,69.0],[53.595,68.907],[53.666,68.866],[53.732,68.866],[53.691,68.886],[53.728,68.897],[54.026,68.845],[53.865,68.798],[53.818,68.689],[53.72,68.657],[53.904,68.507],[53.944,68.406],[53.804,68.345],[53.609,68.413],[53.574,68.4],[53.691,68.345],[53.44,68.373],[53.211,68.269],[53.993,68.221],[54.185,68.321],[54.219,68.318],[54.173,68.262],[54.203,68.21],[54.504,68.312],[54.691,68.176],[54.832,68.173],[54.924,68.253],[54.856,68.324],[54.908,68.329],[54.937,68.398],[55.393,68.564],[55.7,68.577],[55.997,68.66],[56.504,68.628],[56.493,68.585],[56.63,68.642],[56.848,68.572],[57.33,68.565],[57.604,68.742],[57.93,68.751],[57.981,68.794],[57.957,68.846],[58.171,68.889],[58.245,68.888],[58.204,68.832],[58.378,68.756],[58.337,68.736],[58.424,68.743],[58.285,68.8],[58.271,68.894],[58.879,69.003],[59.224,69.0],[58.892,68.934],[59.105,68.903],[59.423,68.757],[59.398,68.701],[59.202,68.706],[59.056,68.62],[59.119,68.532],[59.087,68.417],[59.675,68.336],[59.857,68.381],[59.964,68.466],[59.929,68.538],[59.763,68.639],[59.811,68.688],[60.467,68.722],[60.819,68.894],[60.969,68.907],[60.907,68.927],[60.948,69.003],[60.903,69.122],[60.777,69.177],[60.722,69.174],[60.711,69.106],[60.591,69.133],[60.59,69.256],[60.542,69.316],[60.139,69.578],[60.233,69.665],[60.654,69.673],[60.633,69.725],[60.722,69.743],[60.706,69.824],[60.927,69.867],[61.771,69.762],[63.41,69.671],[64.128,69.55],[65.004,69.304],[64.831,69.294],[64.786,69.147],[64.932,69.197],[64.923,69.261],[65.068,69.268],[65.903,69.113],[65.635,69.127],[65.69,69.085],[67.09,68.856],[67.129,68.839],[67.04,68.797],[67.196,68.707],[67.584,68.603],[67.793,68.479],[68.135,68.423],[68.259,68.334],[68.184,68.242],[68.263,68.249],[68.288,68.188],[68.651,68.318],[68.561,68.373],[68.924,68.637],[69.013,68.806],[69.109,68.879],[68.951,68.903],[69.219,68.962],[68.686,68.918],[68.458,68.985],[68.026,69.319],[68.105,69.397],[68.107,69.549],[68.031,69.541],[68.04,69.49],[67.824,69.511],[67.629,69.591],[67.017,69.703],[66.971,69.688],[67.0,69.653],[66.855,69.637],[66.958,69.537],[66.796,69.586],[66.769,69.762],[66.885,70.013],[66.978,70.058],[66.985,69.97],[67.143,69.983],[67.328,70.106],[67.279,70.106],[67.272,70.189],[67.243,70.145],[67.094,70.221],[67.193,70.382],[67.266,70.415],[67.293,70.477],[67.215,70.524],[67.334,70.758],[67.257,70.826],[67.138,70.842],[66.689,70.77],[66.608,70.881],[66.889,71.079],[66.82,71.101],[66.738,71.052],[66.772,71.024],[66.69,71.001],[66.62,71.058],[66.811,71.161],[66.912,71.295],[67.588,71.415],[67.947,71.528],[68.255,71.688],[68.349,71.675],[68.308,71.717],[68.469,71.826],[68.644,72.033],[68.822,72.326],[68.852,72.467],[68.917,72.484],[68.869,72.532],[68.977,72.656],[69.054,72.662],[68.976,72.696],[69.232,72.805],[69.354,72.953],[69.795,72.964],[69.557,72.914],[69.588,72.878],[71.563,72.916],[72.008,72.834],[71.817,72.812],[71.886,72.797],[72.131,72.832],[72.837,72.71],[72.721,72.703],[72.81,72.655],[72.731,72.597],[72.845,72.52],[72.799,72.413],[72.874,72.281],[72.577,72.045],[72.522,71.922],[72.351,71.864],[72.345,71.708],[72.234,71.685],[72.167,71.599],[71.838,71.532],[71.803,71.48],[72.106,71.29],[72.636,71.132],[72.676,71.09],[72.632,71.011],[72.837,70.86],[72.775,70.695],[72.683,70.617],[72.775,70.538],[72.771,70.425],[72.436,70.286],[72.622,70.162],[72.492,70.041],[72.692,69.837],[72.65,69.748],[72.502,69.647],[72.638,69.441],[72.488,69.414],[72.613,69.359],[72.648,69.292],[72.478,69.177],[72.577,68.94],[72.852,68.798],[73.539,68.581],[73.635,68.517],[73.646,68.458],[73.605,68.432],[73.605,68.482],[73.534,68.482],[73.398,68.361],[73.091,68.214],[73.137,68.166],[73.073,68.09],[73.204,67.957],[73.195,67.85],[73.072,67.816],[73.151,67.732],[73.114,67.69],[73.039,67.729],[72.852,67.635],[72.581,67.62],[72.533,67.52],[72.392,67.467],[72.454,67.401],[72.403,67.328],[72.048,67.303],[72.052,67.268],[72.214,67.224],[72.226,67.159],[72.128,67.207],[72.139,67.16],[71.913,67.132],[72.015,67.111],[71.995,67.056],[71.748,66.916],[71.302,66.954],[71.515,66.878],[71.481,66.827],[71.584,66.732],[71.577,66.659],[71.165,66.659],[71.234,66.625],[71.057,66.625],[71.124,66.584],[71.08,66.569],[70.939,66.584],[70.98,66.536],[70.689,66.515],[70.413,66.563],[70.295,66.638],[70.68,66.716],[70.723,66.762],[70.316,66.68],[70.173,66.707],[70.178,66.742],[70.067,66.76],[69.898,66.872],[69.837,66.816],[69.603,66.838],[69.637,66.797],[69.598,66.789],[69.398,66.83],[68.965,66.81],[69.104,66.771],[69.113,66.619],[69.206,66.569],[69.903,66.415],[70.363,66.334],[71.429,66.356],[71.679,66.324],[71.833,66.235],[72.076,66.236],[72.347,66.306],[72.398,66.413],[72.367,66.471],[72.412,66.509],[72.289,66.501],[72.474,66.611],[72.942,66.657],[73.003,66.739],[73.492,66.823],[73.657,66.942],[73.869,67.001],[73.951,67.211],[73.9,67.296],[74.098,67.432],[74.73,67.686],[74.825,67.94],[74.725,68.152],[74.332,68.386],[74.458,68.506],[74.413,68.62],[74.454,68.694],[74.628,68.775],[76.113,68.978],[76.582,68.975],[76.691,68.873],[76.619,68.805],[76.663,68.763],[77.007,68.653],[77.114,68.567],[77.127,68.606],[77.326,68.523],[77.248,68.457],[77.295,68.382],[77.162,68.294],[77.357,68.233],[77.217,68.105],[77.241,68.044],[77.193,67.985],[77.305,67.91],[77.217,67.831],[77.083,67.833],[77.08,67.79],[77.676,67.617],[77.693,67.545],[79.053,67.571],[78.806,67.625],[78.868,67.653],[78.565,67.604],[78.463,67.633],[78.61,67.663],[78.438,67.703],[78.4,67.637],[78.327,67.68],[77.874,67.685],[77.949,67.728],[77.776,67.778],[77.738,67.74],[77.494,67.751],[77.459,67.786],[77.479,67.907],[77.586,67.948],[77.47,67.995],[77.537,68.129],[77.709,68.222],[78.173,68.274],[78.09,68.36],[77.959,68.398],[77.909,68.469],[77.956,68.495],[77.928,68.519],[77.787,68.515],[77.715,68.621],[77.744,68.715],[77.647,68.911],[76.929,69.009],[76.731,69.131],[76.428,69.144],[76.042,69.239],[75.509,69.261],[75.129,69.157],[75.092,69.133],[75.154,69.119],[75.107,69.104],[74.773,69.081],[74.314,69.146],[73.961,69.084],[73.759,69.169],[73.9,69.421],[73.516,69.746],[73.66,69.86],[73.765,70.079],[73.708,70.161],[74.316,70.52],[74.318,70.668],[73.928,70.855],[73.896,70.973],[73.704,71.071],[73.556,71.255],[73.022,71.429],[73.499,71.665],[73.525,71.706],[73.47,71.773],[73.526,71.822],[74.332,71.956],[74.995,72.138],[75.076,72.21],[75.111,72.346],[75.059,72.595],[74.751,72.82],[75.037,72.882],[75.319,72.819],[75.531,72.741],[75.338,72.683],[75.421,72.697],[75.708,72.566],[75.556,72.498],[75.667,72.333],[75.755,72.306],[75.742,72.266],[75.518,72.153],[75.517,72.076],[75.414,72.031],[75.439,71.985],[75.254,71.942],[75.284,71.894],[75.224,71.842],[75.228,71.777],[75.492,71.666],[75.392,71.618],[75.533,71.542],[75.434,71.502],[75.442,71.462],[75.242,71.454],[75.263,71.366],[76.108,71.204],[76.889,71.19],[76.914,71.072],[76.963,71.113],[76.929,71.161],[77.005,71.184],[77.558,71.174],[77.838,71.125],[77.949,70.976],[78.411,70.895],[79.04,70.937],[79.018,70.969],[79.115,71.004],[78.845,71.013],[78.786,70.991],[78.902,70.976],[78.758,70.935],[78.565,70.963],[78.442,70.914],[78.463,71.024],[78.56,71.045],[78.497,71.115],[78.346,71.1],[78.498,71.045],[78.238,71.11],[78.311,71.208],[78.279,71.259],[77.928,71.257],[77.901,71.313],[77.988,71.375],[77.712,71.281],[77.436,71.333],[77.525,71.305],[77.492,71.301],[77.104,71.424],[76.713,71.463],[76.581,71.529],[76.272,71.573],[76.264,71.653],[75.997,71.908],[76.354,71.999],[76.878,72.05],[77.585,71.831],[78.11,71.88],[78.226,71.983],[77.986,72.11],[77.713,72.115],[77.511,72.062],[77.377,72.11],[77.491,72.175],[77.442,72.21],[77.474,72.222],[77.668,72.193],[78.125,72.385],[78.498,72.408],[79.391,72.386],[80.01,72.208],[80.835,72.083],[80.821,72.025],[80.732,72.045],[80.814,72.08],[80.632,72.046],[81.25,71.859],[81.342,71.764],[81.737,71.7],[82.867,71.786],[83.019,71.729],[83.252,71.726],[83.305,71.658],[83.012,71.529],[82.985,71.463],[83.048,71.415],[82.273,71.279],[82.279,71.188],[82.353,71.096],[82.208,70.987],[82.417,70.777],[82.082,70.565],[82.153,70.518],[82.24,70.277],[82.349,70.202],[82.252,70.376],[82.24,70.497],[82.157,70.572],[82.465,70.613],[82.431,70.695],[82.554,70.762],[82.479,70.805],[82.569,70.853],[82.579,70.911],[82.735,70.966],[82.877,70.917],[82.902,71.001],[82.967,70.934],[83.134,70.882],[83.137,70.764],[83.065,70.693],[83.057,70.597],[82.993,70.572],[83.053,70.5],[83.011,70.427],[82.664,70.26],[82.644,70.181],[82.883,70.089],[83.111,70.069],[83.177,70.083],[83.183,70.139],[82.952,70.325],[83.534,70.332],[83.775,70.477],[83.757,70.569],[83.603,70.703],[83.602,70.77],[83.383,70.976],[83.382,71.033],[83.116,71.113],[83.257,71.117],[83.148,71.245],[83.376,71.37],[83.382,71.465],[83.563,71.51],[83.631,71.576],[83.619,71.631],[83.411,71.751],[83.416,71.808],[83.361,71.841],[82.97,71.898],[82.678,71.879],[82.471,72.021],[82.185,72.093],[82.3,72.134],[82.307,72.183],[82.198,72.282],[81.208,72.355],[80.704,72.545],[80.834,72.621],[80.686,72.646],[80.632,72.734],[80.773,72.806],[80.842,72.922],[80.814,72.974],[80.75,73.038],[80.437,73.101],[80.595,73.115],[80.569,73.142],[80.231,73.176],[80.563,73.222],[80.528,73.281],[80.255,73.33],[80.677,73.505],[80.506,73.498],[80.513,73.567],[81.957,73.663],[83.484,73.655],[84.793,73.765],[85.008,73.71],[85.427,73.712],[85.585,73.819],[86.016,73.867],[86.783,73.902],[87.08,73.872],[87.104,73.845],[87.011,73.779],[85.787,73.481],[85.833,73.332],[86.663,73.122],[86.782,73.001],[86.765,73.084],[86.66,73.152],[85.934,73.324],[85.852,73.375],[85.844,73.44],[85.882,73.496],[86.204,73.558],[87.165,73.611],[87.344,73.704],[87.249,73.691],[87.281,73.73],[87.617,73.824],[87.664,73.891],[87.545,73.914],[87.454,73.825],[87.296,73.841],[86.94,74.033],[87.42,74.012],[87.362,74.048],[86.896,74.07],[86.724,74.132],[86.803,74.184],[86.711,74.224],[86.02,74.263],[85.906,74.355],[86.297,74.313],[86.255,74.389],[86.049,74.416],[86.475,74.458],[86.591,74.437],[86.624,74.388],[86.954,74.389],[86.716,74.302],[86.949,74.343],[86.993,74.27],[87.05,74.306],[87.016,74.367],[87.262,74.355],[87.08,74.39],[87.079,74.442],[86.796,74.424],[86.535,74.512],[86.782,74.561],[85.74,74.636],[85.9,74.723],[86.101,74.736],[86.125,74.773],[86.028,74.814],[86.091,74.821],[86.367,74.775],[86.213,74.766],[86.321,74.708],[86.474,74.725],[86.639,74.697],[86.605,74.663],[86.692,74.622],[86.958,74.609],[86.903,74.654],[86.954,74.684],[86.762,74.704],[86.914,74.758],[87.064,74.725],[87.061,74.84],[87.386,74.944],[87.173,74.985],[87.426,75.006],[87.48,74.987],[87.445,74.953],[87.574,74.93],[87.564,74.965],[87.79,75.026],[86.899,75.088],[87.025,75.164],[87.953,75.1],[88.307,75.176],[88.371,75.255],[88.626,75.267],[88.55,75.314],[88.612,75.344],[89.085,75.403],[88.757,75.417],[89.132,75.453],[89.246,75.507],[89.395,75.449],[89.704,75.444],[89.613,75.492],[90.058,75.52],[89.915,75.561],[89.954,75.578],[90.887,75.671],[90.978,75.62],[91.128,75.666],[91.58,75.638],[91.7,75.736],[92.371,75.74],[94.163,75.944],[93.74,75.9],[93.546,75.953],[93.419,75.873],[93.258,75.952],[93.32,75.972],[93.277,75.982],[92.964,75.931],[93.108,75.911],[93.007,75.887],[92.888,75.896],[92.827,75.965],[92.929,75.993],[92.952,76.067],[93.101,76.024],[93.231,76.054],[93.121,76.096],[93.43,76.107],[93.334,76.068],[93.427,76.012],[93.999,76.054],[93.636,76.123],[93.686,76.132],[94.374,76.121],[94.459,76.052],[94.739,76.116],[94.54,76.15],[94.573,76.16],[95.055,76.112],[95.39,76.164],[96.196,76.088],[96.038,76.081],[95.993,76.062],[96.075,76.047],[95.979,76.034],[96.005,75.993],[95.575,75.889],[95.74,75.856],[95.937,75.949],[96.342,75.972],[96.266,75.993],[96.301,75.999],[96.519,76.016],[96.548,76.006],[96.5,75.978],[96.665,75.965],[96.461,75.872],[96.835,75.889],[97.251,76.043],[97.397,76.047],[97.199,75.993],[97.247,75.958],[97.185,75.931],[97.312,75.935],[97.394,75.989],[97.824,75.988],[97.701,76.052],[97.548,76.054],[97.712,76.096],[97.913,76.059],[98.161,76.091],[98.22,76.103],[97.918,76.123],[98.816,76.267],[98.713,76.205],[99.235,76.224],[99.296,76.205],[99.09,76.164],[99.214,76.13],[99.574,76.155],[99.6,76.131],[99.468,76.109],[99.755,76.049],[99.682,75.966],[99.679,75.876],[99.424,75.793],[99.571,75.78],[99.902,75.927],[99.825,76.024],[99.866,76.108],[99.643,76.196],[99.591,76.272],[99.02,76.362],[99.02,76.399],[98.818,76.494],[100.304,76.462],[100.851,76.54],[101.057,76.486],[101.016,76.459],[101.316,76.484],[102.25,76.383],[100.878,76.555],[101.105,76.616],[101.126,76.733],[101.235,76.767],[100.981,76.787],[100.858,76.873],[100.919,76.976],[101.206,76.986],[101.238,77.051],[101.166,77.061],[101.207,77.099],[102.076,77.391],[102.271,77.381],[103.197,77.659],[103.593,77.632],[104.023,77.733],[104.29,77.738],[104.326,77.73],[104.257,77.685],[104.289,77.673],[104.752,77.706],[104.867,77.613],[105.334,77.541],[105.874,77.569],[105.833,77.541],[105.977,77.425],[106.292,77.37],[105.758,77.369],[105.435,77.274],[105.538,77.267],[105.456,77.24],[104.142,77.089],[104.772,77.122],[105.341,77.089],[105.928,77.144],[105.737,77.061],[105.785,77.041],[105.435,77.0],[105.895,76.995],[106.206,77.062],[106.755,77.001],[106.649,77.034],[106.83,77.055],[107.003,77.003],[107.286,77.021],[107.238,77.006],[107.5,76.925],[107.266,76.891],[107.355,76.869],[107.225,76.858],[107.19,76.842],[107.286,76.836],[107.19,76.801],[107.08,76.808],[106.926,76.713],[106.724,76.719],[106.799,76.675],[106.612,76.56],[106.397,76.604],[106.367,76.575],[106.417,76.509],[106.82,76.469],[107.27,76.535],[107.845,76.535],[107.985,76.623],[107.902,76.671],[107.946,76.737],[108.32,76.725],[108.286,76.705],[109.398,76.76],[110.061,76.692],[110.359,76.756],[110.705,76.727],[111.09,76.762],[111.137,76.747],[111.069,76.719],[111.119,76.682],[111.555,76.684],[111.446,76.63],[111.826,76.596],[112.199,76.472],[111.829,76.341],[112.257,76.454],[112.748,76.335],[112.658,76.322],[112.74,76.267],[112.693,76.232],[112.501,76.239],[112.858,76.144],[112.761,76.075],[112.57,76.047],[112.962,76.065],[113.042,76.116],[112.987,76.144],[113.059,76.164],[113.303,76.116],[113.256,76.159],[113.289,76.171],[112.932,76.26],[113.259,76.266],[113.296,76.246],[113.241,76.205],[113.359,76.211],[113.46,76.148],[113.453,76.041],[113.549,76.021],[113.501,75.986],[113.556,75.972],[113.532,75.954],[113.44,75.944],[113.563,75.896],[113.481,75.856],[113.781,75.939],[113.89,75.854],[113.72,75.671],[113.72,75.619],[113.556,75.54],[113.426,75.54],[113.617,75.656],[113.068,75.683],[113.138,75.711],[112.559,75.851],[112.337,75.848],[112.871,75.711],[112.748,75.698],[112.878,75.647],[112.789,75.589],[112.814,75.557],[113.035,75.553],[112.993,75.61],[113.267,75.651],[113.309,75.616],[113.255,75.574],[113.291,75.551],[113.638,75.524],[113.72,75.41],[113.549,75.406],[113.671,75.369],[113.605,75.285],[112.88,74.993],[112.147,74.878],[112.056,74.789],[111.772,74.669],[111.403,74.691],[110.986,74.594],[111.052,74.579],[110.96,74.548],[110.557,74.481],[110.332,74.496],[110.281,74.478],[110.39,74.451],[110.363,74.418],[110.212,74.372],[109.561,74.314],[109.98,74.296],[109.797,74.162],[108.996,74.016],[108.551,73.812],[108.438,73.82],[108.492,73.773],[108.067,73.635],[108.094,73.663],[108.037,73.677],[107.749,73.612],[107.147,73.618],[107.101,73.574],[107.17,73.553],[106.882,73.444],[106.785,73.341],[106.232,73.323],[106.063,73.273],[106.009,73.155],[105.853,73.095],[105.834,73.002],[105.628,72.902],[105.073,72.765],[105.483,72.768],[106.036,72.953],[106.657,72.832],[107.103,72.856],[106.255,72.967],[106.176,73.094],[106.36,73.194],[106.776,73.141],[107.036,73.182],[107.722,73.169],[108.092,73.246],[108.317,73.222],[108.396,73.258],[108.198,73.279],[109.221,73.387],[109.255,73.42],[109.209,73.469],[109.435,73.427],[109.18,73.51],[109.194,73.552],[109.512,73.458],[109.714,73.453],[110.104,73.516],[110.157,73.546],[110.089,73.56],[110.124,73.58],[110.925,73.704],[110.876,73.735],[110.918,73.766],[110.664,73.787],[110.287,73.706],[109.8,73.705],[109.737,73.662],[109.531,73.775],[109.558,73.834],[109.82,73.877],[109.887,73.961],[110.021,74.014],[110.581,73.991],[110.959,73.909],[111.103,73.95],[111.068,73.98],[111.126,74.03],[111.536,74.051],[111.582,74.026],[111.198,73.978],[111.295,73.869],[111.436,73.813],[112.372,73.705],[112.945,73.79],[112.935,73.882],[112.823,73.957],[112.847,73.995],[113.131,73.882],[113.428,73.634],[113.423,73.591],[113.293,73.57],[113.131,73.45],[113.498,73.336],[113.521,73.104],[113.455,72.993],[113.487,72.964],[113.118,72.861],[113.177,72.733],[113.497,72.645],[114.09,72.601],[113.391,72.681],[113.238,72.735],[113.158,72.823],[113.542,72.977],[113.531,73.048],[113.601,73.104],[113.529,73.183],[113.562,73.253],[113.724,73.321],[114.036,73.347],[113.775,73.356],[113.467,73.505],[113.915,73.536],[114.109,73.6],[114.854,73.609],[115.413,73.71],[116.603,73.675],[117.444,73.589],[118.45,73.589],[118.998,73.491],[118.707,73.444],[118.467,73.478],[118.346,73.403],[118.428,73.375],[118.353,73.282],[118.394,73.238],[118.918,73.12],[119.535,73.055],[119.723,72.959],[120.534,72.874],[120.573,72.889],[119.842,72.957],[119.764,73.008],[121.055,72.932],[121.791,72.977],[121.964,72.964],[121.924,72.926],[122.043,72.892],[122.732,72.827],[122.308,72.941],[122.953,72.892],[122.43,72.985],[122.614,73.031],[123.138,72.918],[123.235,72.935],[123.349,72.988],[123.314,73.026],[123.4,73.093],[123.468,73.08],[123.397,73.122],[123.401,73.174],[123.547,73.197],[123.513,73.176],[123.585,73.16],[123.671,73.203],[123.539,73.22],[123.332,73.351],[123.413,73.391],[123.218,73.409],[123.307,73.426],[123.282,73.464],[123.417,73.444],[123.246,73.546],[123.37,73.56],[123.314,73.594],[123.424,73.581],[123.37,73.663],[123.591,73.717],[123.629,73.697],[123.562,73.643],[123.657,73.635],[123.602,73.615],[123.646,73.603],[123.974,73.627],[123.905,73.7],[123.931,73.745],[123.877,73.773],[123.986,73.759],[124.055,73.724],[123.993,73.691],[124.06,73.685],[124.383,73.806],[124.726,73.708],[124.856,73.724],[124.98,73.676],[124.987,73.628],[125.137,73.704],[125.151,73.656],[125.212,73.649],[125.178,73.622],[125.214,73.616],[125.172,73.577],[125.198,73.551],[125.365,73.583],[125.652,73.525],[125.521,73.457],[125.563,73.409],[125.639,73.458],[125.877,73.461],[125.816,73.491],[125.918,73.54],[125.973,73.532],[125.912,73.436],[125.941,73.428],[126.014,73.509],[126.288,73.557],[126.405,73.512],[126.391,73.464],[126.329,73.43],[126.171,73.459],[126.152,73.436],[126.255,73.403],[126.158,73.381],[126.42,73.409],[126.549,73.347],[126.59,73.296],[126.565,73.233],[126.659,73.303],[126.563,73.381],[126.73,73.444],[126.829,73.389],[126.833,73.44],[126.932,73.43],[126.918,73.504],[126.83,73.519],[127.05,73.549],[127.988,73.471],[127.899,73.436],[128.077,73.406],[127.96,73.347],[128.34,73.361],[128.235,73.265],[128.659,73.261],[128.969,73.177],[128.851,73.156],[128.864,73.116],[128.777,73.071],[129.066,73.128],[129.444,73.029],[129.479,72.979],[129.36,72.94],[128.928,72.98],[128.291,72.909],[128.214,72.861],[128.228,72.819],[128.129,72.786],[129.358,72.703],[129.198,72.655],[128.479,72.725],[128.396,72.673],[127.905,72.667],[128.611,72.483],[129.258,72.464],[129.242,72.416],[129.501,72.332],[129.34,72.305],[129.358,72.263],[129.564,72.231],[129.242,72.134],[129.489,72.128],[128.934,72.073],[128.494,72.203],[128.57,72.244],[128.529,72.259],[128.15,72.317],[127.859,72.429],[127.666,72.43],[127.864,72.332],[127.747,72.326],[127.78,72.306],[128.192,72.228],[128.442,72.1],[128.453,72.024],[128.624,71.963],[128.664,71.863],[128.927,71.739],[129.184,71.809],[129.041,72.019],[129.287,71.883],[129.31,71.804],[129.544,71.723],[129.305,71.761],[128.908,71.708],[128.82,71.658],[128.875,71.597],[129.146,71.613],[129.249,71.55],[129.236,71.497],[129.314,71.466],[129.392,71.347],[129.653,71.261],[129.763,71.148],[129.626,71.086],[130.08,71.083],[130.222,70.994],[130.167,70.969],[130.62,70.866],[130.699,70.888],[130.769,70.978],[130.891,70.845],[130.888,70.763],[131.042,70.739],[131.226,70.75],[131.546,70.887],[131.771,71.1],[131.761,71.135],[131.866,71.149],[131.827,71.182],[131.851,71.208],[132.188,71.216],[131.942,71.267],[132.264,71.682],[132.539,71.884],[132.718,71.946],[133.066,71.971],[133.341,71.886],[133.354,71.834],[133.031,71.955],[132.796,71.911],[132.813,71.831],[132.715,71.811],[132.73,71.769],[132.985,71.72],[133.152,71.579],[133.909,71.399],[134.168,71.371],[134.585,71.406],[134.739,71.368],[134.651,71.297],[134.669,71.264],[134.77,71.367],[134.697,71.421],[134.778,71.429],[134.81,71.482],[135.033,71.539],[135.423,71.531],[135.341,71.566],[135.622,71.623],[135.985,71.635],[136.444,71.576],[136.516,71.558],[136.547,71.477],[136.775,71.523],[137.275,71.385],[137.239,71.367],[137.492,71.347],[137.445,71.313],[137.485,71.298],[137.403,71.285],[137.532,71.246],[137.705,71.285],[137.671,71.251],[137.739,71.251],[137.692,71.221],[137.526,71.22],[137.766,71.168],[137.813,71.12],[138.074,71.134],[137.994,71.191],[137.842,71.182],[137.739,71.229],[138.067,71.225],[138.24,71.278],[137.996,71.302],[138.363,71.319],[137.829,71.387],[138.015,71.474],[138.039,71.559],[138.099,71.581],[138.5,71.613],[138.404,71.58],[138.438,71.539],[138.577,71.552],[138.555,71.607],[138.756,71.643],[139.045,71.569],[139.158,71.449],[139.116,71.429],[139.192,71.415],[139.346,71.422],[139.443,71.495],[140.033,71.472],[139.735,71.672],[139.692,71.792],[139.809,71.861],[139.336,71.95],[139.635,71.955],[139.712,71.998],[139.716,72.083],[139.874,72.178],[140.132,72.154],[140.219,72.186],[140.197,72.214],[139.561,72.232],[139.432,72.183],[139.533,72.164],[139.257,72.179],[139.35,72.134],[139.192,72.163],[139.094,72.248],[139.329,72.423],[139.542,72.498],[140.577,72.496],[141.111,72.587],[140.933,72.601],[141.011,72.668],[140.992,72.709],[140.583,72.867],[140.726,72.899],[141.273,72.866],[141.551,72.774],[142.232,72.702],[143.487,72.7],[145.41,72.556],[146.854,72.354],[145.353,72.347],[145.17,72.421],[144.943,72.438],[144.708,72.374],[144.521,72.225],[144.342,72.294],[144.105,72.278],[144.416,72.175],[145.069,72.264],[146.929,72.313],[146.495,72.066],[145.973,71.856],[145.942,71.888],[145.999,71.939],[145.993,72.03],[146.347,72.128],[146.079,72.17],[145.968,72.071],[145.942,72.155],[145.849,72.162],[145.907,72.203],[145.88,72.219],[145.613,72.244],[145.75,72.21],[145.621,72.08],[145.791,72.028],[145.806,71.929],[145.329,71.871],[144.971,71.98],[144.974,71.914],[145.216,71.843],[145.029,71.771],[144.886,71.771],[144.921,71.743],[144.893,71.675],[145.333,71.661],[145.57,71.741],[146.036,71.786],[146.365,71.906],[146.619,72.075],[147.196,72.33],[148.402,72.311],[149.611,72.148],[149.951,72.0],[150.074,71.894],[149.709,71.773],[149.369,71.904],[149.149,71.771],[148.834,71.812],[149.039,71.758],[149.005,71.703],[148.827,71.675],[149.953,71.67],[150.102,71.595],[149.952,71.592],[149.965,71.529],[149.868,71.462],[150.117,71.516],[150.671,71.49],[150.515,71.346],[150.047,71.21],[150.409,71.285],[150.657,71.39],[150.739,71.394],[150.595,71.278],[151.033,71.394],[151.591,71.31],[152.137,71.017],[151.681,70.976],[152.505,70.848],[152.541,70.791],[152.613,70.835],[153.664,70.861],[154.239,70.965],[155.48,71.062],[155.53,70.976],[155.605,71.066],[155.936,71.099],[157.989,71.048],[159.238,70.829],[159.843,70.582],[160.094,70.31],[160.088,70.238],[159.938,70.128],[159.689,70.134],[159.915,70.099],[159.851,70.055],[159.863,69.993],[159.692,69.911],[159.801,69.807],[159.769,69.762],[159.862,69.79],[160.169,69.703],[160.141,69.729],[160.256,69.719],[160.319,69.654],[160.516,69.687],[160.915,69.647],[161.006,69.577],[160.921,69.462],[161.039,69.195],[160.963,69.106],[161.415,68.982],[161.219,68.792],[161.21,68.692],[161.107,68.605],[161.032,68.56],[160.758,68.564],[160.821,68.527],[161.134,68.561],[161.347,68.701],[161.29,68.754],[161.319,68.79],[161.574,68.921],[161.559,69.03],[161.399,69.221],[161.463,69.287],[161.415,69.331],[161.484,69.345],[161.436,69.38],[161.703,69.496],[162.026,69.551],[162.19,69.65],[162.299,69.652],[162.327,69.702],[162.769,69.654],[163.165,69.721],[163.585,69.684],[164.027,69.774],[164.439,69.621],[164.834,69.567],[165.675,69.596],[166.075,69.523],[166.894,69.496],[167.674,69.772],[167.802,69.775],[168.083,69.709],[167.926,69.654],[168.254,69.544],[168.192,69.38],[168.288,69.243],[168.851,69.188],[169.371,69.077],[169.454,68.845],[169.625,68.777],[170.351,68.828],[170.625,68.749],[170.549,68.793],[170.564,68.825],[170.449,68.863],[170.633,68.918],[170.728,68.822],[170.68,68.94],[170.979,69.056],[171.159,69.044],[171.028,69.055],[170.98,69.144],[170.9,69.171],[170.913,69.304],[170.749,69.391],[170.606,69.59],[170.161,69.613],[170.232,69.689],[170.592,69.765],[170.523,69.938],[170.557,70.092],[170.407,70.113],[170.482,70.142],[171.994,69.993],[172.725,69.981],[172.861,69.903],[173.236,69.819],[173.198,69.783],[173.479,69.836],[173.254,69.919],[173.164,69.887],[173.279,69.942],[173.461,69.949],[173.738,69.852],[173.788,69.884],[173.928,69.845],[174.071,69.887],[175.088,69.846],[175.716,69.881],[175.53,69.856],[175.997,69.769],[176.143,69.782],[176.158,69.821],[175.782,69.885],[176.128,69.894],[176.272,69.819],[176.242,69.774],[176.504,69.754],[176.735,69.675],[177.358,69.617],[178.212,69.443],[178.365,69.487],[178.773,69.415],[179.068,69.325],[178.666,69.383],[178.654,69.317],[179.261,69.272],[179.959,68.996],[179.548,69.113],[179.692,69.016],[180,68.981],[180,65.066],[179.78,65.018],[179.479,64.823],[179.171,64.793],[178.562,64.592],[178.486,64.611],[178.756,64.682],[178.218,64.658],[178.273,64.669],[177.625,64.72],[177.643,64.748],[177.389,64.836],[177.492,64.85],[177.433,64.929],[177.238,64.946],[177.17,65.028],[176.937,65.083],[176.608,65.032],[176.419,65.09],[176.306,65.055],[176.546,65.001],[176.959,65.047],[177.222,64.915],[177.224,64.864],[177.3,64.823],[177.04,64.773],[176.886,64.842],[176.626,64.868],[176.436,64.811],[176.397,64.86],[176.046,64.963],[175.715,64.794],[175.041,64.778],[174.75,64.689],[174.442,64.692],[174.772,64.681],[175.107,64.765],[175.712,64.775],[176.082,64.919],[176.424,64.71],[176.145,64.628],[176.114,64.542],[176.21,64.62],[176.368,64.634],[176.458,64.692],[176.582,64.674],[176.743,64.571],[176.986,64.711],[177.338,64.781],[177.492,64.768],[177.362,64.548],[177.454,64.421],[177.813,64.254],[178.184,64.206],[178.075,64.254],[178.283,64.354],[178.218,64.427],[178.184,64.411],[178.2,64.44],[178.589,64.035],[178.484,64.071],[178.383,64.001],[178.492,63.987],[178.383,63.973],[178.639,63.946],[178.643,64.001],[178.759,63.623],[178.609,63.676],[178.733,63.608],[178.355,63.63],[178.269,63.565],[178.372,63.522],[178.51,63.579],[178.711,63.57],[178.72,63.476],[178.595,63.411],[178.699,63.386],[178.838,63.435],[178.754,63.538],[178.777,63.595],[178.816,63.491],[179.006,63.321],[178.848,63.404],[178.809,63.35],[179.386,63.161],[179.418,63.068],[179.242,63.006],[179.316,62.906],[179.541,62.849],[179.609,62.706],[179.563,62.625],[179.433,62.616],[179.349,62.506],[179.149,62.496],[179.113,62.448],[179.15,62.342],[179.074,62.287],[178.938,62.366],[178.061,62.541],[177.307,62.582],[177.341,62.588],[177.266,62.616],[177.334,62.688],[177.32,62.746],[177.458,62.815],[177.333,62.807],[177.266,62.712],[177.189,62.71],[177.128,62.746],[177.148,62.796],[176.992,62.869],[177.042,62.769],[176.928,62.673],[177.05,62.584],[177.266,62.588],[176.709,62.499],[176.724,62.541],[176.662,62.535],[176.594,62.486],[176.642,62.472],[176.279,62.317],[175.633,62.191],[175.306,62.075],[175.395,62.123],[175.318,62.11],[175.258,62.169],[175.251,62.066],[175.174,62.022],[174.765,61.917],[174.805,61.944],[174.6,61.985],[174.727,61.886],[174.49,61.815],[174.353,61.848],[174.155,61.801],[174.193,61.817],[174.073,61.842],[174.021,61.797],[174.107,61.78],[173.805,61.65],[173.802,61.692],[173.545,61.749],[173.474,61.643],[173.481,61.555],[173.331,61.547],[173.286,61.465],[173.128,61.397],[172.897,61.472],[172.716,61.431],[172.955,61.314],[172.895,61.278],[172.668,61.334],[172.767,61.263],[172.647,61.191],[172.338,61.211],[172.434,61.143],[172.243,61.143],[172.263,61.115],[172.49,61.081],[172.373,61.013],[172.009,61.101],[172.201,60.976],[172.047,60.861],[172.007,60.855],[172.004,60.936],[171.958,60.953],[171.949,60.848],[171.537,60.807],[171.633,60.745],[171.413,60.69],[171.468,60.731],[171.396,60.783],[171.372,60.643],[171.179,60.559],[170.751,60.529],[170.811,60.498],[170.717,60.428],[170.516,60.451],[170.662,60.332],[170.502,60.273],[170.401,59.966],[170.265,59.92],[170.119,59.968],[170.119,60.019],[169.956,60.059],[169.849,60.182],[169.975,60.232],[169.755,60.276],[169.693,60.416],[169.264,60.55],[169.371,60.567],[169.214,60.629],[169.133,60.587],[169.167,60.567],[168.65,60.553],[168.28,60.596],[167.838,60.511],[167.768,60.553],[167.772,60.497],[167.592,60.445],[167.48,60.468],[167.434,60.42],[167.336,60.471],[167.374,60.406],[167.282,60.416],[167.306,60.393],[167.192,60.355],[167.025,60.428],[167.048,60.328],[166.898,60.3],[166.932,60.259],[166.245,59.831],[166.11,59.827],[166.103,59.909],[166.175,60.12],[166.285,60.197],[166.233,60.396],[166.313,60.393],[166.373,60.499],[166.013,60.44],[165.924,60.382],[166.212,60.457],[165.671,60.252],[165.461,60.219],[165.445,60.259],[165.445,60.197],[165.229,60.097],[165.16,60.129],[165.192,60.17],[165.082,60.113],[164.999,60.135],[165.024,60.072],[165.13,60.084],[165.212,59.991],[165.014,59.848],[164.839,59.787],[164.702,59.981],[164.489,60.111],[164.321,60.089],[164.369,60.025],[164.339,59.992],[164.118,59.941],[164.109,59.903],[164.19,59.854],[164.042,59.908],[164.205,59.998],[163.629,60.047],[163.683,59.974],[163.794,59.991],[163.688,59.898],[163.535,59.905],[163.362,59.827],[163.39,59.632],[163.18,59.558],[163.21,59.56],[163.171,59.506],[163.321,59.411],[163.313,59.288],[163.244,59.238],[163.286,59.299],[163.133,59.291],[163.067,59.234],[163.262,59.081],[163.164,59.034],[163.165,59.097],[163.074,59.142],[162.883,59.133],[163.078,59.008],[163.069,58.968],[162.878,58.906],[162.92,58.972],[162.89,58.979],[162.816,58.887],[162.677,58.874],[162.786,58.874],[162.788,58.832],[162.405,58.654],[162.17,58.406],[161.993,58.087],[162.026,57.929],[162.082,57.882],[162.456,57.784],[162.355,57.689],[162.522,57.754],[162.491,57.887],[162.53,57.937],[162.69,57.97],[163.004,57.838],[163.219,57.813],[163.33,57.709],[163.242,57.67],[163.243,57.595],[163.075,57.461],[162.8,57.346],[162.786,57.145],[162.86,57.051],[162.79,56.922],[162.784,56.763],[162.967,56.704],[163.239,56.733],[163.281,56.688],[163.239,56.623],[163.278,56.564],[163.25,56.451],[163.353,56.322],[163.366,56.181],[163.118,56.106],[163.051,56.005],[162.822,56.056],[162.638,56.221],[162.557,56.229],[163.116,56.501],[163.02,56.538],[162.91,56.426],[162.683,56.484],[162.414,56.384],[162.593,56.268],[162.057,56.069],[162.077,56.022],[161.764,55.555],[161.748,55.376],[161.813,55.179],[161.875,55.079],[162.152,54.863],[162.107,54.825],[162.128,54.76],[161.724,54.509],[161.312,54.49],[161.151,54.597],[160.741,54.535],[160.053,54.176],[159.902,53.982],[159.844,53.797],[159.867,53.694],[159.818,53.66],[159.915,53.591],[159.873,53.666],[159.931,53.645],[159.96,53.497],[159.791,53.516],[159.975,53.332],[159.915,53.269],[159.969,53.215],[160.018,53.265],[160.059,53.097],[159.771,53.204],[159.825,53.283],[159.164,53.135],[158.709,52.892],[158.592,53.062],[158.438,53.025],[158.436,52.92],[158.53,52.906],[158.506,52.947],[158.647,52.899],[158.5,52.779],[158.599,52.714],[158.565,52.647],[158.5,52.621],[158.421,52.659],[158.427,52.594],[158.524,52.57],[158.53,52.488],[158.421,52.412],[158.543,52.421],[158.571,52.392],[158.503,52.358],[158.558,52.313],[158.39,52.226],[158.427,52.184],[158.319,52.13],[158.287,51.968],[158.015,51.766],[157.913,51.631],[157.537,51.486],[157.476,51.361],[157.352,51.33],[156.67,50.864],[156.762,50.984],[156.762,51.078],[156.708,51.088],[156.722,51.195],[156.524,51.312],[156.439,52.216],[156.282,52.529],[156.371,52.49],[156.372,52.447],[156.447,52.511],[156.266,52.598],[156.111,52.935],[155.955,53.786],[155.728,54.427],[155.551,55.284],[155.686,56.039],[155.762,56.119],[155.947,56.622],[156.125,56.832],[156.174,56.846],[156.064,56.716],[156.206,56.854],[156.461,56.948],[156.552,57.109],[156.684,57.048],[157.001,57.426],[156.931,57.658],[156.82,57.736],[156.749,57.73],[156.981,57.857],[157.242,57.77],[157.47,57.804],[157.64,58.025],[157.947,57.983],[158.225,58.025],[158.338,57.953],[158.295,58.025],[158.229,58.039],[159.153,58.508],[159.237,58.468],[159.194,58.542],[159.504,58.697],[159.728,58.883],[159.73,59.011],[159.803,59.096],[160.336,59.361],[160.497,59.552],[160.847,59.618],[161.284,59.871],[161.467,60.032],[161.897,60.203],[161.948,60.27],[161.893,60.303],[161.939,60.417],[162.206,60.538],[162.754,60.646],[162.917,60.76],[163.325,60.805],[163.315,60.722],[163.436,60.832],[163.751,60.883],[163.774,60.919],[163.734,60.939],[163.487,61.002],[163.618,61.059],[163.666,61.145],[163.933,61.235],[164.029,61.347],[163.952,61.435],[163.751,61.443],[163.866,61.647],[164.045,61.683],[164.127,62.262],[164.418,62.353],[164.538,62.451],[165.225,62.383],[165.297,62.323],[165.124,62.451],[165.651,62.459],[165.11,62.485],[164.766,62.558],[164.598,62.673],[164.447,62.689],[164.055,62.656],[163.908,62.584],[163.764,62.602],[163.476,62.545],[163.399,62.576],[163.168,62.432],[163.369,62.328],[163.232,62.311],[163.091,62.227],[163.15,62.113],[163.105,62.08],[163.193,62.067],[163.026,61.921],[163.058,61.898],[162.977,61.8],[163.343,61.706],[163.327,61.658],[163.112,61.616],[163.076,61.585],[163.112,61.548],[163.017,61.517],[162.86,61.603],[162.943,61.65],[162.839,61.708],[162.623,61.659],[162.775,61.594],[162.417,61.676],[161.986,61.373],[161.888,61.431],[161.89,61.336],[161.807,61.372],[161.802,61.317],[161.596,61.255],[161.567,61.184],[161.471,61.196],[161.412,61.152],[161.446,61.121],[160.915,60.9],[160.792,60.718],[160.687,60.76],[160.636,60.716],[160.41,60.706],[160.431,60.749],[160.358,60.659],[160.186,60.578],[160.136,60.602],[160.147,60.662],[160.22,60.665],[160.252,60.772],[160.17,60.825],[160.254,60.825],[160.241,60.875],[160.358,60.911],[160.444,61.036],[160.202,61.038],[159.899,60.916],[159.798,60.931],[160.0,61.106],[159.918,61.214],[159.943,61.244],[159.776,61.242],[159.819,61.289],[159.996,61.284],[159.91,61.314],[160.107,61.43],[160.035,61.459],[160.285,61.554],[160.26,61.625],[160.319,61.667],[160.259,61.69],[160.414,61.765],[160.362,61.814],[160.4,61.831],[160.346,61.945],[160.039,61.846],[159.881,61.705],[159.708,61.721],[159.708,61.685],[159.577,61.653],[159.512,61.7],[159.566,61.817],[159.478,61.764],[159.356,61.817],[159.402,61.853],[159.36,61.893],[159.118,61.917],[158.895,61.894],[158.837,61.821],[158.548,61.83],[158.485,61.79],[158.26,61.826],[158.08,61.734],[157.537,61.792],[157.393,61.746],[157.365,61.685],[157.028,61.651],[156.924,61.552],[156.67,61.516],[156.624,61.371],[156.655,61.197],[156.547,61.209],[156.374,61.149],[155.943,60.923],[155.973,60.905],[155.917,60.859],[155.914,60.704],[155.83,60.729],[155.492,60.582],[155.48,60.534],[155.34,60.525],[154.952,60.367],[154.692,60.201],[154.51,60.025],[154.488,59.946],[154.564,60.094],[154.408,60.063],[154.473,59.879],[154.221,59.87],[154.229,59.73],[154.368,59.575],[154.22,59.664],[154.197,59.583],[154.075,59.509],[154.138,59.457],[154.298,59.443],[154.402,59.535],[154.38,59.47],[154.427,59.421],[154.537,59.423],[154.436,59.484],[154.429,59.547],[154.554,59.513],[154.644,59.543],[154.878,59.461],[154.963,59.496],[155.21,59.344],[155.216,59.305],[155.158,59.296],[155.197,59.237],[155.15,59.222],[155.194,59.176],[154.813,59.194],[154.791,59.131],[154.438,59.216],[154.333,59.192],[154.358,59.111],[154.049,59.053],[153.692,59.185],[153.769,59.247],[153.648,59.191],[153.369,59.241],[153.348,59.154],[153.284,59.149],[153.35,59.134],[153.337,59.09],[153.007,59.061],[152.9,58.904],[152.557,58.95],[152.363,59.06],[152.02,58.875],[151.354,58.833],[151.236,58.998],[151.088,59.102],[151.217,59.092],[151.438,59.17],[151.924,59.138],[152.322,59.207],[152.137,59.296],[151.979,59.265],[151.734,59.307],[151.77,59.35],[151.666,59.459],[151.396,59.604],[151.322,59.556],[150.907,59.559],[150.942,59.461],[150.78,59.432],[150.74,59.44],[150.766,59.484],[150.504,59.489],[150.774,59.562],[150.601,59.541],[150.306,59.646],[149.375,59.772],[149.327,59.759],[149.379,59.725],[149.041,59.643],[149.104,59.592],[149.081,59.56],[149.201,59.525],[149.212,59.469],[148.892,59.467],[148.84,59.501],[148.888,59.546],[148.846,59.553],[148.743,59.472],[148.736,59.368],[148.865,59.405],[148.861,59.354],[148.916,59.395],[148.99,59.375],[148.934,59.317],[148.964,59.273],[148.935,59.233],[148.842,59.277],[148.788,59.236],[148.437,59.262],[148.394,59.379],[148.219,59.409],[147.845,59.377],[147.789,59.344],[147.847,59.297],[147.826,59.27],[147.591,59.304],[147.546,59.238],[147.271,59.332],[146.72,59.382],[146.504,59.463],[146.319,59.402],[146.319,59.238],[146.363,59.213],[146.323,59.18],[146.205,59.205],[146.05,59.139],[145.825,59.241],[145.957,59.417],[145.818,59.416],[145.809,59.367],[145.675,59.436],[145.001,59.37],[143.904,59.423],[143.494,59.319],[143.165,59.381],[142.262,59.125],[142.015,58.997],[141.584,58.618],[140.904,58.383],[140.667,58.191],[140.496,57.845],[140.302,57.748],[140.035,57.713],[139.79,57.483],[139.621,57.467],[139.418,57.297],[139.197,57.273],[139.026,57.14],[138.933,57.135],[138.885,57.019],[138.806,57.032],[138.606,56.945],[138.582,56.785],[138.543,56.794],[138.55,56.86],[138.454,56.839],[138.261,56.616],[138.13,56.586],[138.125,56.507],[138.258,56.466],[138.223,56.424],[138.069,56.438],[138.054,56.388],[137.914,56.36],[137.724,56.136],[137.444,56.049],[137.391,55.946],[137.296,55.961],[136.773,55.661],[136.43,55.565],[136.162,55.318],[135.869,55.174],[135.469,55.057],[135.173,54.821],[135.244,54.701],[135.654,54.666],[135.75,54.571],[136.207,54.621],[136.535,54.596],[136.662,54.685],[136.681,54.615],[136.823,54.648],[136.883,54.591],[136.807,54.516],[136.841,54.432],[136.739,54.414],[136.821,54.316],[136.752,54.284],[136.814,54.249],[136.763,54.204],[136.814,54.159],[136.659,53.935],[136.685,53.808],[136.775,53.773],[136.899,53.847],[137.108,53.808],[137.186,53.851],[137.291,54.036],[137.157,54.044],[137.061,54.146],[137.395,54.308],[137.736,54.321],[137.484,54.085],[137.437,54.146],[137.308,54.118],[137.32,54.049],[137.591,53.956],[137.863,53.968],[137.609,53.834],[137.488,53.671],[137.345,53.665],[137.218,53.601],[137.335,53.529],[137.918,53.587],[138.15,53.673],[138.284,53.739],[138.366,53.909],[138.579,53.999],[138.58,53.828],[138.246,53.566],[138.216,53.492],[138.439,53.514],[138.656,53.732],[138.772,54.016],[138.767,54.105],[138.665,54.077],[138.747,54.242],[138.644,54.297],[138.739,54.316],[139.302,54.191],[139.768,54.304],[139.816,54.215],[140.241,54.057],[140.236,54.001],[140.331,53.97],[140.257,53.869],[140.522,53.727],[140.581,53.639],[141.098,53.475],[140.95,53.489],[140.931,53.436],[140.995,53.448],[141.229,53.316],[141.407,53.304],[141.358,53.221],[141.424,53.218],[141.433,53.149],[141.364,53.073],[141.186,53.05],[141.262,53.036],[141.189,52.987],[140.861,53.118],[140.707,53.111],[140.933,53.032],[140.966,52.945],[141.083,52.884],[141.261,52.852],[141.201,52.777],[141.316,52.659],[141.128,52.423],[141.402,52.226],[141.54,52.221],[141.556,52.162],[141.355,52.106],[141.303,52.022],[141.426,51.925],[141.2,51.824],[141.109,51.679],[140.915,51.624],[140.901,51.494],[140.8,51.454],[140.819,51.417],[140.896,51.429],[140.874,51.372],[140.686,51.313],[140.714,51.261],[140.659,51.224],[140.707,51.032],[140.674,50.948],[140.53,50.862],[140.542,50.805],[140.463,50.699],[140.515,50.617],[140.442,50.53],[140.545,50.344],[140.523,50.151],[140.601,50.075],[140.691,50.08],[140.482,49.975],[140.415,49.875],[140.535,49.777],[140.507,49.692],[140.561,49.575],[140.454,49.421],[140.436,49.294],[140.336,49.288],[140.39,49.275],[140.346,49.229],[140.356,49.096],[140.295,49.088],[140.344,49.047],[140.219,49.014],[140.281,48.965],[140.359,49.021],[140.398,48.993],[140.213,48.767],[140.177,48.462],[139.262,47.788],[138.969,47.318],[138.891,47.305],[138.563,47.03],[138.349,46.664],[138.345,46.549],[138.202,46.454],[138.034,46.156],[137.671,45.795],[137.397,45.624],[137.145,45.375],[136.811,45.193],[136.78,45.108],[136.558,44.948],[136.444,44.785],[136.355,44.789],[136.165,44.497],[135.838,44.363],[135.819,44.291],[135.656,44.169],[135.624,44.038],[135.541,44.004],[135.512,43.922],[135.464,43.95],[135.464,43.894],[135.519,43.881],[135.426,43.763],[135.275,43.689],[135.236,43.734],[135.182,43.711],[135.224,43.645],[135.14,43.508],[134.194,43.08],[133.927,42.883],[133.84,42.898],[133.717,42.817],[133.593,42.853],[133.158,42.688],[133.024,42.699],[132.996,42.723],[133.079,42.75],[132.99,42.827],[132.816,42.756],[132.757,42.832],[132.763,42.908],[132.578,42.84],[132.503,42.924],[132.404,42.942],[132.312,42.845],[132.291,43.086],[132.382,43.191],[132.308,43.238],[132.346,43.298],[132.29,43.313],[132.227,43.23],[131.93,43.07],[131.886,43.086],[131.921,43.12],[131.85,43.1],[132.052,43.315],[131.968,43.271],[131.827,43.338],[131.723,43.21],[131.764,43.186],[131.647,43.169],[131.695,43.175],[131.565,42.996],[131.5,43.0],[131.496,42.942],[131.394,42.945],[131.4,42.873],[131.472,42.873],[131.352,42.774],[131.273,42.777],[131.201,42.614],[131.22,42.555],[131.12,42.667],[130.89,42.6],[130.815,42.634],[130.932,42.618],[130.95,42.653],[130.787,42.654],[130.825,42.699],[130.657,42.664],[130.73,42.579],[130.774,42.597],[130.873,42.528],[130.787,42.462],[130.704,42.295],[130.531,42.53],[130.585,42.569],[130.572,42.622],[130.38,42.697],[130.586,42.817],[130.794,42.869],[130.992,42.849],[131.103,42.91],[131.078,43.032],[131.184,43.121],[131.169,43.202],[131.281,43.38],[131.274,43.451],[131.161,43.533],[131.207,43.975],[131.264,44.054],[131.066,44.682],[130.933,44.842],[131.052,44.909],[131.434,44.961],[131.609,45.09],[131.628,45.198],[131.723,45.215],[131.853,45.338],[131.969,45.234],[132.921,45.028],[133.099,45.108],[133.102,45.287],[133.18,45.494],[133.477,45.628],[133.488,45.687],[133.443,45.71],[133.511,45.779],[133.477,45.82],[133.514,45.879],[133.658,45.935],[133.72,46.064],[133.687,46.142],[133.902,46.259],[133.916,46.313],[133.863,46.339],[133.934,46.391],[133.846,46.471],[134.015,46.665],[134.069,46.981],[134.124,47.071],[134.227,47.118],[134.154,47.258],[134.184,47.328],[134.313,47.42],[134.557,47.471],[134.773,47.711],[134.559,48.01],[134.683,48.136],[134.719,48.263],[134.386,48.381],[133.738,48.251],[133.524,48.095],[133.092,48.107],[132.806,47.936],[132.675,47.951],[132.668,47.881],[132.525,47.708],[132.332,47.737],[131.603,47.662],[131.441,47.741],[131.104,47.677],[130.966,47.704],[130.907,47.884],[130.675,48.064],[130.675,48.136],[130.824,48.294],[130.743,48.412],[130.759,48.486],[130.626,48.482],[130.62,48.56],[130.53,48.616],[130.674,48.871],[130.202,48.883],[129.926,49.026],[129.921,49.082],[129.742,49.196],[129.711,49.274],[129.552,49.29],[129.481,49.421],[129.379,49.425],[129.341,49.341],[129.218,49.391],[129.115,49.349],[128.998,49.441],[128.76,49.471],[128.802,49.565],[128.672,49.611],[128.198,49.539],[127.968,49.603],[127.855,49.585],[127.704,49.661],[127.644,49.767],[127.539,49.79],[127.487,50.026],[127.591,50.209],[127.331,50.328],[127.359,50.415],[127.289,50.466],[127.367,50.578],[127.289,50.675],[127.287,50.751],[126.932,51.064],[126.905,51.208],[126.972,51.324],[126.899,51.317],[126.87,51.252],[126.809,51.289],[126.909,51.391],[126.8,51.419],[126.807,51.534],[126.677,51.577],[126.726,51.709],[126.648,51.741],[126.439,51.998],[126.556,52.131],[126.317,52.2],[126.439,52.275],[126.316,52.316],[126.351,52.377],[126.276,52.463],[126.2,52.467],[126.212,52.533],[125.991,52.586],[125.983,52.653],[126.069,52.68],[126.035,52.727],[126.088,52.775],[125.977,52.765],[125.837,52.907],[125.646,52.885],[125.734,52.982],[125.621,53.062],[125.521,53.042],[125.074,53.212],[124.898,53.186],[124.87,53.108],[124.652,53.209],[124.384,53.246],[124.253,53.376],[124.122,53.353],[123.971,53.455],[123.614,53.563],[123.542,53.514],[123.514,53.562],[123.482,53.518],[123.253,53.568],[123.154,53.513],[122.86,53.474],[122.402,53.451],[122.317,53.496],[121.203,53.277],[120.874,53.28],[120.28,52.866],[120.033,52.761],[120.034,52.625],[120.079,52.59],[120.454,52.639],[120.724,52.542],[120.626,52.347],[120.758,52.237],[120.784,52.158],[120.697,52.049],[120.706,51.98],[120.648,51.911],[120.493,51.876],[120.1,51.66],[119.953,51.398],[119.895,51.384],[119.916,51.331],[119.82,51.275],[119.815,51.216],[119.762,51.215],[119.741,51.072],[119.518,50.905],[119.497,50.737],[119.294,50.599],[119.244,50.446],[119.138,50.393],[119.357,50.341],[119.316,50.093],[119.092,49.987],[118.644,49.955],[117.874,49.513],[117.058,49.673],[116.722,49.802],[116.575,49.922],[116.218,50.014],[115.716,49.878],[115.388,49.891],[114.997,50.144],[114.754,50.236],[114.286,50.277],[113.85,50.081],[113.58,50.02],[113.183,49.802],[113.061,49.596],[112.777,49.501],[112.473,49.534],[112.03,49.412],[111.661,49.396],[111.479,49.343],[111.338,49.365],[110.731,49.138],[110.371,49.242],[110.181,49.162],[109.729,49.266],[109.516,49.256],[109.287,49.339],[108.538,49.327],[108.236,49.532],[108.106,49.554],[108.016,49.602],[108.016,49.656],[107.927,49.67],[107.947,49.933],[107.192,50.006],[107.057,50.074],[106.974,50.196],[106.657,50.327],[106.222,50.292],[106.056,50.334],[105.985,50.4],[105.329,50.476],[105.106,50.39],[104.406,50.301],[104.122,50.148],[103.785,50.186],[103.601,50.134],[103.277,50.198],[103.202,50.297],[102.927,50.303],[102.618,50.399],[102.513,50.504],[102.303,50.564],[102.276,50.65],[102.329,50.719],[102.217,50.799],[102.23,50.979],[102.147,51.098],[102.135,51.24],[102.193,51.307],[102.075,51.375],[101.526,51.476],[101.35,51.45],[100.511,51.727],[99.918,51.749],[99.71,51.881],[99.324,51.934],[98.995,52.058],[98.928,52.13],[98.856,52.107],[98.683,51.819],[98.332,51.718],[98.228,51.583],[98.22,51.475],[98.04,51.457],[97.923,51.318],[97.929,51.215],[97.806,51.001],[97.985,50.847],[97.944,50.774],[98.038,50.623],[98.293,50.519],[98.262,50.284],[98.048,50.023],[97.83,49.923],[97.756,49.961],[97.567,49.917],[97.574,49.848],[97.343,49.734],[97.153,49.75],[96.969,49.887],[96.702,49.914],[96.585,49.858],[96.503,49.922],[96.346,49.889],[96.056,49.999],[95.946,49.939],[95.828,50.02],[95.501,49.887],[95.355,49.948],[95.076,49.946],[94.922,50.046],[94.603,50.02],[94.492,50.152],[94.354,50.224],[94.259,50.558],[93.105,50.599],[93.011,50.623],[92.962,50.778],[92.796,50.788],[92.65,50.674],[92.361,50.868],[92.302,50.843],[92.243,50.72],[92.159,50.689],[91.75,50.684],[91.416,50.461],[91.012,50.425],[90.727,50.292],[90.684,50.216],[90.475,50.215],[90.021,50.071],[89.969,49.967],[89.668,49.927],[89.615,49.842],[89.702,49.72],[89.442,49.644],[89.372,49.582],[89.216,49.634],[89.178,49.598],[89.195,49.522],[88.975,49.456],[88.868,49.538],[88.871,49.436],[88.616,49.493],[88.2,49.454],[88.116,49.357],[88.144,49.271],[87.957,49.169],[87.837,49.16],[87.816,49.166]]],[[[22.767,54.356],[19.61,54.457],[19.9,54.667],[19.962,54.773],[19.921,54.89],[19.977,54.965],[20.482,54.976],[20.925,55.283],[20.99,55.27],[20.531,54.965],[21.091,54.902],[21.243,54.961],[21.183,55.202],[21.375,55.29],[21.504,55.194],[22.003,55.093],[22.05,55.034],[22.565,55.068],[22.633,54.958],[22.821,54.885],[22.848,54.814],[22.701,54.68],[22.675,54.492],[22.707,54.419],[22.767,54.356]]],[[[33.629,46.125],[33.67,46.218],[33.802,46.203],[34.105,46.095],[34.334,46.07],[34.465,45.955],[34.689,45.974],[34.784,45.899],[34.81,45.785],[35.002,45.729],[35.332,45.371],[35.481,45.298],[35.716,45.341],[35.833,45.471],[35.854,45.414],[35.986,45.363],[36.118,45.457],[36.284,45.477],[36.299,45.443],[36.583,45.427],[36.638,45.351],[36.502,45.347],[36.437,45.272],[36.409,45.149],[36.44,45.067],[36.225,45.008],[36.048,45.049],[35.993,44.998],[35.848,44.992],[35.706,45.095],[35.506,45.114],[35.408,45.062],[35.435,45.005],[35.374,44.998],[35.367,44.943],[35.256,44.959],[35.081,44.794],[34.986,44.84],[34.721,44.811],[34.469,44.73],[34.331,44.545],[34.103,44.425],[33.938,44.381],[33.721,44.4],[33.372,44.576],[33.572,44.621],[33.516,44.634],[33.548,44.699],[33.516,44.785],[33.62,44.931],[33.537,45.117],[33.396,45.19],[33.26,45.156],[32.899,45.354],[32.591,45.32],[32.513,45.341],[32.482,45.409],[32.644,45.522],[32.828,45.562],[32.868,45.63],[33.176,45.743],[33.169,45.784],[33.265,45.754],[33.482,45.854],[33.692,45.861],[33.694,45.914],[33.777,45.93],[33.62,45.951],[33.644,46.105],[33.629,46.125]]],[[[-180,65.066],[-180,68.982],[-179.58,68.909],[-179.514,68.921],[-179.523,68.965],[-179.32,68.812],[-178.845,68.752],[-178.485,68.592],[-178.725,68.676],[-178.7,68.543],[-178.021,68.416],[-177.951,68.338],[-178.074,68.259],[-177.705,68.345],[-178.375,68.557],[-177.492,68.292],[-177.766,68.263],[-177.635,68.195],[-177.338,68.245],[-177.174,68.199],[-177.259,68.211],[-177.219,68.14],[-177.075,68.164],[-176.565,68.01],[-176.725,68.038],[-176.789,67.979],[-176.539,67.895],[-176.209,67.902],[-176.533,68.003],[-175.921,67.851],[-176.116,67.807],[-176.137,67.777],[-176.07,67.727],[-176.341,67.696],[-176.206,67.645],[-175.682,67.59],[-175.767,67.652],[-175.897,67.65],[-175.849,67.705],[-176.012,67.727],[-175.824,67.813],[-175.266,67.659],[-175.312,67.635],[-175.291,67.606],[-175.127,67.5],[-175.227,67.533],[-175.172,67.435],[-175.367,67.358],[-175.16,67.337],[-174.969,67.425],[-175.08,67.481],[-174.756,67.303],[-174.86,67.275],[-174.908,67.037],[-174.7,66.917],[-174.763,66.899],[-174.688,66.732],[-174.764,66.754],[-174.971,66.665],[-174.806,66.593],[-174.436,66.532],[-174.395,66.475],[-174.461,66.459],[-174.466,66.401],[-174.389,66.338],[-174.438,66.344],[-174.464,66.28],[-174.354,66.277],[-174.296,66.343],[-174.368,66.337],[-174.166,66.399],[-174.206,66.473],[-174.016,66.472],[-173.953,66.446],[-173.979,66.406],[-173.929,66.341],[-174.019,66.305],[-173.999,66.219],[-173.797,66.308],[-173.895,66.336],[-173.705,66.371],[-173.691,66.439],[-173.833,66.506],[-174.264,66.566],[-173.931,66.668],[-173.935,66.78],[-174.026,66.961],[-174.239,66.972],[-174.191,67.027],[-174.282,67.047],[-174.496,67.021],[-174.356,67.061],[-174.612,67.061],[-173.751,67.073],[-173.646,67.116],[-173.447,67.075],[-173.495,67.063],[-173.464,67.029],[-173.389,67.078],[-173.071,67.044],[-173.272,67.052],[-173.143,67.0],[-173.295,66.981],[-173.307,66.904],[-173.267,66.878],[-173.32,66.862],[-173.303,66.822],[-173.087,66.847],[-173.226,66.911],[-173.074,66.993],[-173.051,66.934],[-172.782,66.894],[-172.362,66.933],[-173.035,67.023],[-172.986,67.039],[-171.719,66.951],[-171.64,66.93],[-171.694,66.88],[-171.63,66.83],[-171.353,66.772],[-171.363,66.675],[-170.385,66.317],[-170.514,66.283],[-170.538,66.234],[-170.653,66.248],[-170.626,66.235],[-170.274,66.29],[-170.106,66.193],[-170.338,66.186],[-170.136,66.139],[-169.923,66.15],[-170.044,66.193],[-169.952,66.184],[-169.707,66.131],[-169.641,66.068],[-169.719,66.006],[-169.982,66.039],[-170.606,65.861],[-170.516,65.83],[-170.571,65.761],[-170.489,65.671],[-170.588,65.605],[-170.875,65.623],[-171.463,65.833],[-171.264,65.656],[-170.982,65.592],[-170.975,65.511],[-171.039,65.467],[-171.251,65.522],[-172.034,65.474],[-171.744,65.5],[-172.093,65.568],[-172.26,65.545],[-172.206,65.581],[-172.322,65.622],[-172.29,65.666],[-172.86,65.7],[-172.39,65.582],[-172.398,65.527],[-172.32,65.465],[-172.428,65.47],[-172.389,65.432],[-172.264,65.418],[-172.093,65.484],[-172.203,65.325],[-172.189,65.242],[-172.377,65.275],[-172.702,65.248],[-172.551,65.206],[-172.202,65.217],[-172.171,65.152],[-172.256,65.137],[-172.227,65.1],[-172.08,65.076],[-172.323,64.948],[-172.558,64.925],[-172.763,64.838],[-173.0,64.855],[-173.164,64.765],[-172.922,64.821],[-172.806,64.803],[-172.755,64.733],[-173.043,64.66],[-172.845,64.649],[-172.967,64.561],[-172.816,64.612],[-172.465,64.558],[-172.411,64.489],[-172.22,64.407],[-172.59,64.37],[-172.712,64.4],[-172.815,64.504],[-172.883,64.495],[-173.013,64.462],[-172.788,64.438],[-172.822,64.32],[-172.951,64.339],[-172.924,64.264],[-173.106,64.241],[-173.368,64.285],[-173.363,64.366],[-173.264,64.446],[-173.312,64.452],[-173.284,64.521],[-173.415,64.617],[-173.353,64.507],[-173.385,64.395],[-173.635,64.332],[-173.989,64.412],[-174.042,64.528],[-174.347,64.644],[-174.306,64.666],[-174.652,64.725],[-174.592,64.817],[-174.653,64.898],[-174.723,64.807],[-174.898,64.798],[-174.952,64.861],[-174.988,64.766],[-175.411,64.771],[-175.457,64.797],[-175.368,64.847],[-175.482,64.844],[-175.865,64.999],[-175.767,65.038],[-175.81,65.087],[-175.735,65.147],[-175.882,65.258],[-175.909,65.403],[-176.044,65.452],[-176.977,65.608],[-177.246,65.539],[-177.416,65.441],[-178.461,65.473],[-178.532,65.523],[-178.424,65.713],[-178.514,65.763],[-178.628,65.73],[-178.636,65.775],[-178.903,65.92],[-178.869,65.938],[-178.978,66.049],[-178.799,65.994],[-178.684,66.013],[-178.682,66.102],[-178.496,66.14],[-178.54,66.268],[-178.477,66.383],[-178.604,66.361],[-178.622,66.296],[-178.785,66.167],[-178.982,66.159],[-179.118,66.243],[-179.082,66.306],[-179.164,66.414],[-179.198,66.399],[-179.171,66.289],[-179.424,66.344],[-179.218,66.182],[-179.252,66.145],[-179.575,66.111],[-179.691,66.142],[-179.582,66.159],[-179.693,66.184],[-179.829,65.947],[-179.767,65.82],[-179.277,65.63],[-179.321,65.575],[-179.261,65.532],[-179.499,65.396],[-179.524,65.235],[-179.663,65.141],[-179.936,65.066],[-180,65.066]]],[[[180,71.536],[180,70.992],[179.807,70.913],[179.667,70.875],[179.131,70.879],[178.793,70.805],[178.623,71.038],[178.905,71.237],[179.849,71.518],[180,71.536]]],[[[-180,70.992],[-180,71.537],[-179.736,71.586],[-179.327,71.555],[-179.075,71.6],[-178.395,71.541],[-178.006,71.449],[-178.04,71.408],[-177.718,71.305],[-177.514,71.293],[-177.443,71.237],[-177.638,71.117],[-177.93,71.041],[-179.342,70.908],[-179.908,70.997],[-180,70.992]]],[[[131.92,43.02],[131.883,42.961],[131.757,42.99],[131.778,43.045],[131.859,43.037],[131.827,43.065],[131.921,43.024],[131.92,43.02]]],[[[142.529,54.297],[142.543,54.237],[142.635,54.266],[142.625,54.327],[142.723,54.426],[143.013,54.119],[142.852,53.872],[142.934,53.858],[143.002,53.701],[142.927,53.83],[142.907,53.767],[143.029,53.646],[142.996,53.626],[143.071,53.598],[142.988,53.563],[143.121,53.518],[143.125,53.468],[143.071,53.461],[143.094,53.382],[143.183,53.399],[143.211,53.363],[143.361,52.871],[143.297,52.454],[143.194,52.337],[143.198,52.426],[143.272,52.463],[143.235,52.481],[143.293,52.592],[143.261,52.598],[143.119,52.338],[143.178,52.314],[143.151,52.12],[143.116,52.153],[143.098,52.104],[143.159,51.996],[143.125,51.967],[143.163,51.874],[143.213,51.855],[143.238,51.892],[143.318,51.706],[143.261,51.678],[143.224,51.522],[143.338,51.508],[143.365,51.645],[143.448,51.508],[143.475,51.343],[143.379,51.35],[143.475,51.289],[143.483,51.214],[143.521,51.247],[143.495,51.309],[143.522,51.285],[143.79,50.309],[144.003,50.013],[144.385,49.073],[144.685,48.873],[144.703,48.689],[144.757,48.643],[144.677,48.656],[144.633,48.808],[144.504,48.949],[144.058,49.253],[143.403,49.4],[143.259,49.393],[143.331,49.314],[143.667,49.315],[143.174,49.246],[143.009,49.123],[142.988,48.917],[142.537,48.01],[142.545,47.767],[142.748,47.445],[142.714,47.437],[142.879,47.389],[143.016,47.254],[143.098,46.876],[143.174,46.863],[143.084,46.813],[143.173,46.708],[143.39,46.708],[143.194,46.78],[143.197,46.841],[143.321,46.796],[143.478,46.828],[143.558,46.396],[143.626,46.375],[143.476,46.19],[143.431,46.025],[143.421,46.223],[143.338,46.409],[143.369,46.555],[143.276,46.56],[143.303,46.514],[143.16,46.598],[142.797,46.594],[142.725,46.741],[142.618,46.719],[142.407,46.554],[142.282,46.327],[142.202,46.031],[142.12,45.992],[142.085,45.901],[141.933,46.036],[141.814,46.538],[142.057,47.054],[142.057,47.17],[141.975,47.298],[141.966,47.612],[142.191,47.967],[142.133,48.334],[141.92,48.609],[141.857,48.774],[141.967,48.862],[142.125,49.462],[142.16,49.678],[142.125,49.898],[142.174,50.086],[142.146,50.364],[142.041,50.551],[142.097,50.822],[142.269,51.112],[142.079,51.471],[141.943,51.559],[141.939,51.612],[141.867,51.612],[141.687,51.747],[141.823,51.744],[141.81,51.806],[141.639,51.885],[141.676,51.912],[141.645,52.085],[141.7,52.166],[141.642,52.318],[141.844,52.591],[141.81,52.604],[141.928,53.021],[141.769,53.372],[142.241,53.529],[142.264,53.38],[142.455,53.38],[142.577,53.5],[142.687,53.529],[142.586,53.576],[142.514,53.546],[142.498,53.658],[142.641,53.682],[142.719,53.64],[142.804,53.707],[142.739,53.846],[142.673,53.714],[142.604,53.698],[142.706,53.864],[142.708,53.948],[142.283,54.304],[142.466,54.272],[142.529,54.297]]],[[[28.635,60.601],[28.557,60.612],[28.589,60.646],[28.631,60.618],[28.635,60.601]]],[[[-172.243,64.816],[-172.043,64.751],[-172.633,64.684],[-172.461,64.828],[-172.329,64.831],[-172.243,64.816]]],[[[70.131,66.556],[69.871,66.478],[69.545,66.591],[69.575,66.638],[69.425,66.768],[69.257,66.746],[69.131,66.797],[69.473,66.798],[69.636,66.694],[69.54,66.764],[70.05,66.709],[70.08,66.639],[70.027,66.625],[70.112,66.57],[70.131,66.556]]],[[[51.3,68.495],[51.498,68.489],[50.792,68.379],[51.172,68.501],[51.3,68.495]]],[[[55.369,68.948],[55.507,68.914],[55.225,68.914],[55.339,68.946],[55.369,68.948]]],[[[54.643,69.009],[54.698,68.982],[54.571,68.964],[54.629,69.006],[54.643,69.009]]],[[[161.487,69.027],[161.515,68.935],[161.409,68.893],[161.477,68.975],[161.456,69.001],[161.135,69.092],[161.169,69.325],[161.066,69.417],[161.092,69.465],[161.375,69.546],[161.389,69.462],[161.292,69.414],[161.361,69.363],[161.374,69.296],[161.319,69.243],[161.389,69.188],[161.414,69.081],[161.487,69.027]]],[[[161.631,69.561],[161.616,69.45],[161.361,69.414],[161.426,69.465],[161.395,69.592],[161.475,69.638],[161.636,69.57],[161.631,69.561]]],[[[71.353,73.385],[71.343,73.331],[71.137,73.293],[71.144,73.347],[71.25,73.418],[71.343,73.402],[71.353,73.385]]],[[[51.41,71.806],[51.44,71.942],[51.61,72.092],[51.866,72.159],[52.067,72.074],[52.188,72.129],[52.2,72.083],[52.368,72.075],[52.409,72.086],[52.368,72.162],[52.49,72.164],[52.402,72.223],[52.485,72.21],[52.417,72.289],[52.588,72.264],[52.684,72.323],[52.581,72.374],[52.868,72.347],[52.69,72.367],[52.684,72.447],[52.82,72.45],[52.68,72.479],[53.102,72.601],[52.724,72.559],[52.812,72.614],[52.755,72.638],[52.98,72.676],[53.218,72.648],[52.575,72.671],[52.375,72.73],[52.617,72.863],[53.027,72.925],[53.382,72.889],[53.293,72.908],[53.396,72.93],[53.142,72.962],[53.153,73.014],[53.382,73.012],[53.122,73.101],[53.323,73.221],[53.753,73.299],[54.191,73.272],[54.532,73.376],[54.935,73.425],[55.304,73.339],[55.758,73.328],[56.435,73.23],[56.582,73.13],[55.808,73.066],[56.466,73.052],[56.377,73.007],[55.616,72.964],[56.252,72.972],[56.22,72.827],[56.063,72.778],[55.481,72.806],[55.432,72.786],[55.811,72.758],[55.946,72.669],[55.616,72.697],[55.723,72.638],[55.623,72.621],[55.685,72.573],[55.618,72.542],[55.267,72.587],[55.543,72.527],[55.536,72.472],[55.116,72.45],[55.466,72.436],[55.476,72.371],[55.377,72.303],[55.575,72.2],[55.343,72.066],[55.453,72.059],[55.35,71.976],[55.39,71.943],[55.225,71.929],[55.506,71.898],[55.529,71.785],[55.672,71.611],[56.014,71.387],[56.106,71.259],[57.039,70.87],[57.467,70.818],[57.639,70.73],[57.433,70.744],[57.539,70.705],[57.398,70.626],[57.452,70.606],[56.74,70.703],[57.343,70.572],[57.296,70.565],[56.597,70.675],[56.699,70.634],[56.585,70.642],[56.493,70.695],[56.581,70.738],[56.552,70.754],[56.199,70.709],[56.302,70.681],[56.238,70.653],[56.434,70.676],[56.528,70.641],[56.453,70.626],[56.655,70.59],[56.514,70.545],[56.401,70.564],[56.563,70.579],[56.041,70.648],[56.178,70.61],[56.132,70.596],[55.808,70.695],[56.048,70.585],[55.719,70.611],[55.603,70.648],[55.792,70.634],[55.738,70.708],[55.599,70.721],[55.747,70.648],[55.405,70.75],[55.35,70.703],[55.473,70.654],[55.25,70.679],[55.296,70.606],[55.163,70.553],[54.761,70.681],[54.712,70.758],[54.513,70.825],[54.568,70.777],[54.492,70.784],[54.479,70.736],[54.767,70.648],[54.287,70.777],[54.294,70.744],[54.225,70.73],[53.855,70.822],[53.89,70.784],[53.545,70.854],[53.54,70.805],[53.3,70.866],[53.577,70.889],[53.705,70.846],[53.674,70.89],[53.725,70.969],[53.502,71.094],[53.904,71.055],[53.937,71.059],[53.807,71.134],[54.244,71.123],[53.992,71.161],[54.164,71.21],[54.064,71.237],[53.943,71.176],[53.801,71.21],[53.832,71.17],[53.796,71.155],[53.451,71.264],[53.595,71.302],[53.682,71.398],[53.951,71.462],[53.576,71.391],[53.544,71.317],[53.413,71.312],[53.252,71.456],[53.444,71.545],[53.348,71.568],[53.113,71.422],[53.03,71.5],[53.039,71.443],[52.882,71.394],[52.821,71.47],[52.82,71.429],[52.718,71.49],[52.61,71.469],[52.644,71.546],[52.547,71.635],[52.499,71.566],[52.368,71.535],[52.416,71.477],[52.28,71.514],[52.269,71.588],[52.142,71.545],[52.279,71.477],[51.84,71.456],[51.532,71.566],[51.55,71.614],[51.406,71.782],[51.41,71.806]]],[[[127.405,73.519],[127.691,73.543],[128.063,73.491],[127.539,73.516],[127.405,73.519]]],[[[86.892,73.697],[86.784,73.608],[86.399,73.594],[86.906,73.704],[86.892,73.697]]],[[[97.158,76.088],[97.335,76.109],[97.047,76.006],[96.699,75.996],[96.748,76.031],[97.158,76.088]]],[[[95.177,76.171],[95.006,76.178],[95.102,76.225],[95.182,76.186],[95.177,76.171]]],[[[94.999,76.273],[94.855,76.239],[94.904,76.212],[94.849,76.186],[94.41,76.212],[94.779,76.211],[94.745,76.26],[94.97,76.275],[94.999,76.273]]],[[[96.575,76.341],[96.767,76.335],[96.685,76.294],[96.383,76.335],[96.427,76.345],[96.575,76.341]]],[[[96.897,76.256],[97.041,76.239],[96.761,76.176],[96.716,76.209],[96.726,76.26],[96.877,76.322],[96.854,76.356],[97.075,76.308],[96.86,76.272],[96.787,76.212],[96.846,76.226],[96.897,76.256]]],[[[94.163,76.596],[94.362,76.575],[93.868,76.589],[93.944,76.616],[94.163,76.596]]],[[[95.266,76.671],[95.327,76.664],[94.818,76.654],[95.122,76.719],[95.197,76.687],[95.266,76.671]]],[[[56.987,74.69],[56.603,74.697],[56.417,74.753],[56.501,74.794],[56.466,74.799],[55.833,74.8],[55.885,74.846],[56.678,74.949],[56.295,74.965],[56.466,75.013],[56.421,75.037],[55.903,74.991],[55.865,75.004],[55.946,75.074],[55.726,75.081],[55.808,75.157],[56.071,75.219],[56.234,75.198],[56.137,75.157],[56.174,75.15],[56.371,75.188],[56.453,75.119],[56.446,75.067],[56.53,75.078],[56.907,75.24],[56.892,75.28],[56.733,75.297],[56.758,75.318],[57.046,75.398],[57.741,75.328],[57.64,75.439],[57.501,75.499],[58.165,75.578],[58.196,75.603],[58.147,75.629],[57.926,75.629],[58.019,75.681],[58.605,75.733],[58.536,75.76],[58.931,75.868],[60.348,76.006],[60.043,76.054],[60.268,76.11],[60.838,76.123],[60.468,76.013],[60.735,76.005],[60.818,76.06],[61.146,76.116],[61.119,76.151],[60.9,76.157],[61.077,76.28],[61.675,76.315],[62.094,76.253],[62.382,76.271],[62.389,76.197],[62.504,76.178],[62.779,76.271],[62.957,76.207],[63.719,76.35],[63.956,76.363],[64.091,76.313],[64.475,76.399],[64.676,76.383],[64.67,76.419],[64.826,76.484],[65.169,76.475],[65.485,76.575],[65.999,76.533],[66.033,76.548],[65.753,76.683],[66.654,76.901],[67.588,77.013],[68.463,76.967],[68.513,76.952],[68.488,76.926],[68.809,76.869],[68.759,76.827],[68.931,76.787],[68.894,76.748],[68.931,76.719],[69.034,76.712],[68.894,76.679],[68.788,76.589],[68.938,76.568],[68.178,76.315],[68.327,76.294],[68.288,76.281],[63.762,75.642],[63.71,75.636],[63.726,75.667],[63.648,75.72],[63.552,75.711],[63.62,75.691],[63.304,75.589],[63.03,75.588],[62.273,75.44],[62.029,75.449],[61.846,75.362],[61.694,75.376],[61.654,75.28],[61.482,75.223],[61.38,75.26],[61.38,75.334],[61.277,75.328],[61.272,75.263],[61.107,75.198],[60.813,75.146],[60.725,75.028],[60.591,75.034],[60.612,75.101],[60.571,75.118],[60.494,75.11],[60.416,75.011],[59.927,75.006],[60.621,74.968],[60.688,74.924],[60.561,74.866],[60.194,74.855],[60.372,74.794],[60.276,74.75],[59.934,74.725],[59.509,74.8],[59.873,74.677],[59.875,74.628],[59.755,74.587],[59.091,74.738],[59.29,74.643],[59.084,74.649],[59.221,74.615],[59.091,74.495],[59.146,74.444],[58.187,74.581],[58.639,74.424],[58.57,74.389],[58.728,74.3],[58.68,74.252],[58.728,74.239],[58.536,74.239],[58.659,74.217],[58.508,74.217],[58.591,74.184],[58.529,74.172],[58.292,74.222],[58.248,74.19],[58.301,74.161],[58.522,74.149],[58.308,74.088],[58.162,74.15],[58.173,74.101],[58.097,74.06],[58.213,74.008],[58.123,73.987],[57.739,74.051],[57.532,74.192],[57.412,74.184],[57.536,74.094],[57.261,74.08],[57.548,74.061],[57.912,73.916],[57.809,73.895],[57.905,73.875],[57.946,73.807],[57.749,73.726],[57.395,73.846],[56.556,73.889],[57.35,73.828],[57.618,73.669],[57.586,73.614],[57.35,73.553],[57.02,73.584],[56.735,73.68],[56.85,73.615],[56.747,73.607],[57.238,73.51],[57.254,73.457],[56.908,73.315],[56.749,73.362],[56.795,73.321],[56.73,73.245],[56.121,73.29],[56.046,73.33],[56.016,73.412],[55.917,73.448],[55.87,73.436],[55.987,73.385],[55.98,73.33],[55.924,73.312],[55.435,73.332],[54.9,73.448],[54.25,73.328],[54.033,73.375],[54.294,73.418],[54.417,73.478],[54.185,73.491],[54.542,73.611],[55.35,73.717],[54.53,73.704],[54.281,73.601],[53.966,73.627],[53.631,73.76],[53.654,73.812],[53.869,73.779],[54.316,73.931],[54.802,73.97],[54.589,74.019],[55.019,74.173],[55.864,74.106],[55.623,74.19],[55.076,74.266],[55.228,74.307],[55.286,74.274],[55.747,74.296],[55.233,74.376],[55.388,74.445],[56.287,74.492],[56.014,74.492],[56.082,74.52],[55.867,74.553],[55.657,74.52],[55.706,74.55],[55.5,74.567],[55.561,74.614],[55.53,74.655],[56.387,74.721],[56.556,74.684],[56.987,74.69]]],[[[93.868,78.147],[93.593,78.172],[93.793,78.203],[93.921,78.157],[93.868,78.147]]],[[[92.457,79.11],[92.724,79.077],[92.176,79.131],[92.213,79.14],[92.457,79.11]]],[[[92.991,79.42],[92.792,79.383],[92.587,79.415],[92.892,79.436],[92.991,79.42]]],[[[92.305,79.453],[92.471,79.433],[92.244,79.382],[91.785,79.42],[92.224,79.453],[92.305,79.453]]],[[[91.372,79.486],[91.531,79.449],[90.794,79.564],[91.144,79.537],[91.372,79.486]]],[[[100.2,79.679],[100.31,79.666],[99.906,79.604],[99.947,79.686],[100.083,79.686],[100.2,79.679]]],[[[94.328,80.029],[93.93,79.974],[93.984,80.015],[94.292,80.039],[94.328,80.029]]],[[[146.175,43.538],[146.23,43.531],[146.209,43.483],[146.134,43.463],[146.079,43.518],[146.157,43.546],[146.175,43.538]]],[[[146.882,43.859],[146.942,43.847],[146.915,43.803],[146.682,43.711],[146.602,43.736],[146.605,43.809],[146.875,43.867],[146.882,43.859]]],[[[146.469,44.429],[146.572,44.45],[146.514,44.364],[146.448,44.379],[146.304,44.282],[146.117,44.254],[145.923,44.114],[145.778,43.933],[145.589,43.848],[145.556,43.653],[145.552,43.716],[145.443,43.725],[145.411,43.836],[145.729,44.044],[146.119,44.506],[146.363,44.422],[146.469,44.429]]],[[[148.799,45.416],[148.844,45.371],[148.817,45.333],[148.278,45.223],[147.913,44.963],[147.768,44.943],[147.701,45.008],[147.654,44.995],[147.645,44.908],[147.226,44.581],[147.055,44.537],[146.958,44.421],[146.862,44.445],[146.95,44.549],[146.937,44.625],[147.001,44.566],[147.038,44.599],[146.999,44.663],[147.091,44.637],[147.197,44.714],[147.204,44.755],[147.122,44.776],[147.109,44.827],[147.217,44.799],[147.264,44.868],[147.467,44.967],[147.511,45.087],[147.62,45.065],[147.757,45.186],[147.895,45.224],[147.861,45.354],[147.94,45.426],[148.005,45.281],[148.07,45.251],[148.312,45.275],[148.56,45.463],[148.727,45.525],[148.851,45.482],[148.797,45.429],[148.799,45.416]]],[[[150.334,46.211],[150.569,46.232],[150.245,46.037],[150.198,45.93],[150.023,45.824],[149.923,45.811],[149.638,45.611],[149.577,45.637],[149.55,45.59],[149.437,45.587],[149.667,45.853],[149.811,45.88],[150.02,46.073],[150.181,46.105],[150.211,46.135],[150.182,46.16],[150.288,46.196],[150.334,46.211]]],[[[152.206,47.129],[152.295,47.142],[151.851,46.79],[151.712,46.807],[151.705,46.848],[151.873,46.872],[152.225,47.177],[152.199,47.129],[152.206,47.129]]],[[[152.503,47.383],[152.524,47.299],[152.43,47.319],[152.45,47.387],[152.503,47.383]]],[[[153.021,47.8],[153.069,47.743],[152.978,47.684],[153.002,47.786],[153.021,47.8]]],[[[153.288,48.077],[153.275,48.033],[153.159,48.092],[153.259,48.104],[153.288,48.077]]],[[[154.213,48.918],[154.221,48.873],[154.056,48.738],[153.973,48.739],[154.184,48.921],[154.213,48.918]]],[[[153.987,48.965],[154.014,48.945],[153.919,48.931],[153.927,48.982],[153.987,48.965]]],[[[154.563,49.157],[154.601,49.111],[154.512,49.08],[154.439,49.157],[154.538,49.16],[154.563,49.157]]],[[[154.448,49.817],[154.491,49.783],[154.448,49.73],[154.374,49.778],[154.422,49.816],[154.448,49.817]]],[[[156.125,50.638],[156.153,50.519],[156.049,50.479],[156.038,50.41],[155.885,50.254],[155.773,50.187],[155.501,50.137],[155.396,49.996],[155.377,50.047],[155.217,50.067],[155.255,50.155],[155.202,50.294],[155.32,50.289],[155.442,50.371],[155.69,50.404],[155.889,50.691],[156.041,50.773],[156.117,50.749],[156.12,50.65],[156.125,50.638]]],[[[156.46,50.874],[156.511,50.766],[156.406,50.63],[156.272,50.633],[156.18,50.688],[156.199,50.781],[156.434,50.876],[156.46,50.874]]],[[[155.563,50.808],[155.468,50.852],[155.474,50.922],[155.631,50.912],[155.67,50.812],[155.6,50.809],[155.563,50.808]]],[[[142.55,54.302],[142.604,54.31],[142.541,54.298],[142.55,54.302]]],[[[137.822,54.458],[137.918,54.509],[137.922,54.464],[137.82,54.385],[137.715,54.367],[137.816,54.444],[137.822,54.458]]],[[[137.623,54.571],[137.641,54.4],[137.568,54.397],[137.547,54.516],[137.608,54.566],[137.623,54.571]]],[[[168.059,54.547],[168.11,54.503],[167.501,54.785],[167.439,54.866],[167.734,54.763],[168.036,54.567],[168.059,54.547]]],[[[137.171,55.12],[137.065,55.0],[137.075,54.933],[136.896,54.96],[136.749,54.931],[136.738,54.885],[136.67,54.907],[136.809,55.018],[137.146,55.126],[137.171,55.12]]],[[[138.047,55.058],[138.212,55.036],[138.011,54.933],[137.986,54.797],[137.719,54.624],[137.485,54.879],[137.226,54.778],[137.275,54.898],[137.461,55.027],[137.568,55.195],[137.952,55.147],[137.986,55.099],[137.883,55.003],[138.025,55.056],[138.047,55.058]]],[[[166.664,54.756],[166.664,54.68],[166.502,54.78],[166.5,54.825],[166.356,54.84],[166.083,55.061],[165.993,55.222],[165.746,55.297],[165.94,55.365],[166.254,55.332],[166.288,55.304],[166.226,55.25],[166.25,55.152],[166.448,54.961],[166.65,54.845],[166.658,54.771],[166.664,54.756]]],[[[150.725,59.128],[150.783,59.091],[150.611,59.006],[150.472,59.004],[150.71,59.14],[150.725,59.128]]],[[[164.707,58.977],[164.632,58.865],[164.408,58.865],[164.256,58.799],[164.17,58.824],[163.846,58.691],[163.585,58.558],[163.49,58.445],[163.413,58.535],[163.611,58.607],[163.78,58.81],[163.782,58.894],[163.913,58.994],[163.696,58.992],[163.749,59.019],[164.283,59.114],[164.558,59.24],[164.71,59.006],[164.707,58.977]]],[[[155.508,59.328],[155.6,59.335],[155.509,59.32],[155.508,59.328]]],[[[29.791,59.995],[29.657,60.025],[29.787,59.997],[29.791,59.995]]],[[[27.885,60.011],[27.805,59.989],[27.82,60.031],[27.869,60.014],[27.885,60.011]]],[[[27.022,60.042],[26.985,60.018],[26.945,60.091],[27.018,60.048],[27.022,60.042]]],[[[28.712,60.295],[28.624,60.27],[28.541,60.347],[28.683,60.3],[28.712,60.295]]],[[[28.517,60.338],[28.426,60.361],[28.514,60.342],[28.517,60.338]]],[[[35.943,64.405],[36.045,64.36],[35.975,64.333],[35.857,64.387],[35.918,64.414],[35.943,64.405]]],[[[35.867,65.031],[35.745,64.962],[35.723,65.026],[35.563,65.052],[35.506,65.121],[35.786,65.165],[35.867,65.076],[35.797,65.114],[35.781,65.073],[35.859,65.045],[35.867,65.031]]],[[[-169.083,65.816],[-168.995,65.816],[-169.051,65.758],[-169.093,65.799],[-169.083,65.816]]],[[[42.646,66.742],[42.668,66.667],[42.426,66.752],[42.63,66.756],[42.646,66.742]]],[[[32.386,67.132],[32.394,67.1],[32.338,67.125],[32.374,67.137],[32.386,67.132]]],[[[59.242,69.178],[59.245,69.146],[58.762,69.339],[59.151,69.255],[59.234,69.19],[59.242,69.178]]],[[[34.03,69.394],[34.216,69.408],[34.407,69.353],[34.027,69.354],[33.998,69.388],[34.03,69.394]]],[[[50.323,69.151],[50.169,69.012],[50.113,68.996],[50.223,69.154],[49.955,69.075],[49.854,69.009],[49.909,68.996],[49.72,68.89],[49.249,68.78],[48.592,68.731],[48.291,68.866],[48.332,68.886],[48.219,68.896],[48.266,68.983],[48.212,69.002],[48.256,69.044],[48.217,69.064],[48.304,69.277],[48.566,69.42],[48.906,69.508],[49.272,69.508],[50.164,69.261],[50.276,69.192],[50.323,69.151]]],[[[169.446,69.849],[169.412,69.763],[169.278,69.76],[169.31,69.664],[169.235,69.592],[168.875,69.568],[168.173,69.695],[167.754,69.832],[167.991,69.957],[168.265,70.024],[169.424,69.873],[169.446,69.849]]],[[[60.54,69.819],[60.448,69.766],[60.476,69.722],[60.254,69.689],[60.033,69.722],[59.934,69.668],[59.563,69.715],[59.547,69.779],[59.624,69.804],[59.431,69.889],[58.94,69.942],[59.132,69.873],[59.016,69.86],[58.696,70.003],[58.57,70.079],[58.605,70.113],[58.549,70.134],[58.611,70.14],[58.591,70.181],[58.453,70.195],[58.501,70.23],[58.412,70.26],[58.824,70.216],[58.495,70.332],[58.639,70.332],[58.755,70.387],[58.741,70.428],[59.024,70.48],[59.533,70.265],[59.554,70.2],[60.036,70.099],[60.328,69.957],[60.414,69.963],[60.531,69.822],[60.54,69.819]]],[[[57.117,70.559],[57.222,70.526],[57.035,70.545],[57.138,70.497],[57.064,70.502],[56.929,70.532],[56.843,70.606],[57.072,70.555],[57.117,70.559]]],[[[162.382,70.681],[162.484,70.654],[162.238,70.654],[162.376,70.679],[162.382,70.681]]],[[[161.662,70.791],[161.695,70.75],[161.463,70.805],[161.531,70.842],[161.676,70.799],[161.662,70.791]]],[[[160.723,70.838],[160.764,70.804],[160.504,70.805],[160.553,70.885],[160.451,70.872],[160.408,70.914],[160.518,70.935],[160.706,70.877],[160.723,70.838]]],[[[53.232,71.216],[53.151,71.096],[53.047,71.072],[53.041,71.034],[53.139,70.994],[53.01,70.968],[52.956,71.057],[52.8,71.093],[52.756,71.177],[52.212,71.308],[52.53,71.388],[52.721,71.349],[52.687,71.398],[52.741,71.406],[52.91,71.367],[53.02,71.281],[52.745,71.374],[52.875,71.333],[52.779,71.319],[53.061,71.238],[53.211,71.257],[53.206,71.216],[53.232,71.216]]],[[[137.914,71.558],[137.966,71.511],[137.693,71.419],[137.267,71.49],[137.411,71.456],[137.344,71.428],[136.992,71.518],[137.218,71.576],[137.706,71.596],[137.905,71.561],[137.914,71.558]]],[[[78.279,72.552],[78.395,72.491],[77.771,72.305],[77.127,72.278],[76.853,72.333],[77.568,72.628],[78.231,72.569],[78.279,72.552]]],[[[128.831,72.655],[128.974,72.594],[128.653,72.527],[128.104,72.635],[128.653,72.676],[128.831,72.655]]],[[[128.317,72.812],[128.419,72.869],[128.994,72.932],[129.22,72.926],[129.399,72.866],[129.417,72.813],[129.207,72.762],[128.653,72.792],[128.317,72.812]]],[[[79.563,72.768],[79.395,72.704],[78.91,72.741],[78.585,72.842],[79.173,73.101],[79.541,72.926],[79.491,72.908],[79.554,72.774],[79.563,72.768]]],[[[74.725,73.107],[74.962,73.06],[74.703,73.079],[74.639,72.96],[74.708,72.902],[74.656,72.859],[74.093,73.028],[74.185,73.107],[74.475,73.134],[74.725,73.107]]],[[[120.279,73.101],[120.23,73.039],[119.721,73.034],[119.765,73.073],[119.634,73.128],[120.022,73.168],[120.248,73.119],[120.279,73.101]]],[[[76.695,73.186],[76.729,73.144],[76.633,73.131],[76.318,73.148],[76.133,73.208],[76.656,73.197],[76.695,73.186]]],[[[71.669,73.227],[71.73,73.034],[71.375,73.179],[70.462,73.051],[70.257,73.038],[70.11,73.101],[69.999,73.061],[70.101,73.018],[69.875,73.038],[70.065,73.237],[69.959,73.399],[70.47,73.499],[70.949,73.517],[71.229,73.465],[71.268,73.444],[71.112,73.447],[71.136,73.393],[71.096,73.313],[70.98,73.265],[71.289,73.252],[71.296,73.296],[71.436,73.353],[71.63,73.252],[71.669,73.227]]],[[[76.757,73.45],[76.072,73.525],[76.162,73.563],[76.731,73.47],[76.757,73.45]]],[[[75.923,73.524],[75.866,73.502],[75.901,73.471],[75.496,73.45],[75.544,73.498],[75.38,73.45],[75.36,73.397],[75.304,73.409],[75.421,73.498],[75.619,73.553],[76.079,73.56],[76.042,73.544],[75.923,73.524]]],[[[143.475,73.321],[143.565,73.231],[143.175,73.177],[141.512,73.299],[140.789,73.41],[139.965,73.327],[139.817,73.339],[139.767,73.418],[139.907,73.471],[140.493,73.485],[140.899,73.801],[141.127,73.882],[142.045,73.917],[142.583,73.825],[143.407,73.543],[143.537,73.444],[143.441,73.409],[143.473,73.328],[143.475,73.321]]],[[[124.586,73.916],[124.661,73.892],[124.514,73.841],[124.288,73.881],[124.381,73.939],[124.576,73.95],[124.459,73.923],[124.586,73.916]]],[[[84.355,74.019],[84.418,73.97],[83.885,74.019],[84.418,74.04],[84.393,74.021],[84.355,74.019]]],[[[83.513,74.121],[83.62,74.091],[83.396,74.075],[83.466,74.047],[83.392,74.036],[82.814,74.094],[83.18,74.155],[83.513,74.121]]],[[[82.568,74.163],[82.74,74.101],[82.62,74.055],[82.321,74.101],[82.454,74.161],[82.568,74.163]]],[[[136.259,73.957],[136.248,73.912],[136.135,73.879],[135.733,74.041],[135.66,74.11],[135.439,74.161],[135.354,74.259],[135.59,74.235],[136.263,73.989],[136.259,73.957]]],[[[141.098,74.149],[141.038,74.004],[140.545,73.916],[140.327,73.939],[140.165,74.071],[140.222,74.22],[140.35,74.254],[140.891,74.277],[141.058,74.234],[141.113,74.166],[141.098,74.149]]],[[[116.098,74.355],[116.091,74.293],[115.89,74.304],[115.941,74.369],[116.063,74.371],[116.098,74.355]]],[[[84.871,74.506],[84.935,74.482],[84.542,74.457],[84.768,74.41],[84.733,74.396],[84.387,74.458],[84.592,74.499],[84.871,74.506]]],[[[113.406,74.444],[113.429,74.394],[113.241,74.3],[113.282,74.28],[113.22,74.245],[112.967,74.194],[112.775,74.088],[112.163,74.139],[111.459,74.314],[111.648,74.38],[111.951,74.371],[112.007,74.538],[112.11,74.551],[113.366,74.467],[113.406,74.444]]],[[[85.539,74.574],[85.645,74.546],[85.631,74.511],[85.312,74.466],[85.148,74.537],[85.237,74.575],[85.539,74.574]]],[[[86.078,74.555],[86.207,74.512],[85.968,74.512],[86.009,74.492],[85.858,74.444],[85.658,74.471],[85.803,74.574],[85.989,74.577],[86.078,74.555]]],[[[79.614,74.602],[79.49,74.517],[79.149,74.608],[79.317,74.591],[79.183,74.629],[79.244,74.659],[79.597,74.603],[79.614,74.602]]],[[[85.227,74.745],[85.097,74.756],[85.496,74.814],[85.658,74.794],[85.706,74.731],[85.366,74.753],[85.227,74.745]]],[[[87.029,74.992],[87.139,74.937],[86.994,74.884],[86.687,74.896],[86.947,74.841],[86.92,74.82],[86.32,74.851],[86.213,74.903],[86.566,74.897],[86.598,74.917],[86.501,74.931],[86.529,74.951],[86.495,74.978],[86.619,74.951],[86.916,74.989],[87.029,74.992]]],[[[82.137,75.142],[82.15,75.095],[82.027,75.129],[82.113,75.159],[82.137,75.142]]],[[[82.24,75.376],[82.294,75.334],[82.041,75.338],[82.013,75.177],[81.907,75.208],[81.871,75.316],[81.712,75.314],[81.688,75.277],[81.492,75.362],[81.752,75.463],[81.793,75.465],[81.739,75.383],[81.94,75.394],[81.869,75.444],[81.951,75.465],[81.897,75.492],[82.171,75.52],[82.13,75.457],[82.165,75.438],[82.013,75.444],[82.231,75.388],[82.24,75.376]]],[[[150.828,75.163],[150.958,75.142],[150.654,75.008],[150.681,74.934],[150.609,74.894],[149.718,74.766],[149.209,74.758],[148.172,74.804],[147.664,74.953],[147.088,75.005],[146.072,75.24],[146.173,75.291],[146.169,75.396],[146.264,75.391],[146.264,75.437],[146.407,75.471],[146.341,75.523],[146.436,75.597],[146.771,75.507],[146.634,75.438],[146.797,75.366],[147.325,75.35],[147.168,75.362],[147.272,75.406],[147.436,75.389],[147.333,75.43],[147.374,75.44],[148.408,75.421],[148.58,75.383],[148.445,75.287],[148.61,75.216],[149.127,75.269],[150.129,75.226],[150.215,75.187],[150.163,75.157],[150.561,75.129],[150.5,75.094],[150.71,75.167],[150.828,75.163]]],[[[136.975,75.592],[137.081,75.568],[136.997,75.579],[136.975,75.592]]],[[[137.06,75.641],[137.14,75.653],[136.97,75.61],[137.013,75.63],[137.06,75.641]]],[[[135.991,75.527],[135.967,75.479],[136.033,75.444],[135.983,75.417],[135.45,75.376],[135.462,75.462],[135.594,75.568],[135.539,75.678],[135.693,75.869],[135.865,75.705],[136.168,75.601],[135.991,75.527]]],[[[82.11,75.889],[82.259,75.876],[81.554,75.931],[81.686,75.931],[82.11,75.889]]],[[[83.279,75.956],[83.213,75.917],[82.862,75.917],[82.824,75.955],[82.259,75.972],[82.657,75.999],[83.244,75.962],[83.279,75.956]]],[[[145.366,75.54],[145.39,75.517],[144.729,75.432],[144.678,75.328],[144.941,75.273],[144.721,75.246],[144.688,75.16],[144.376,75.053],[143.999,75.025],[142.884,75.147],[142.838,75.226],[142.708,75.239],[142.642,75.32],[142.494,75.376],[142.535,75.477],[143.014,75.602],[143.043,75.647],[143.001,75.708],[142.338,75.726],[142.29,75.711],[142.434,75.678],[142.008,75.664],[142.207,75.636],[142.008,75.623],[142.14,75.595],[142.081,75.535],[142.187,75.471],[142.163,75.379],[142.41,75.267],[142.439,75.203],[142.669,75.088],[143.615,75.011],[143.708,74.947],[143.465,74.9],[142.715,74.895],[142.625,74.848],[142.714,74.848],[142.678,74.834],[142.514,74.817],[141.974,74.934],[142.081,74.965],[142.365,74.931],[142.199,75.004],[141.844,74.999],[141.371,74.92],[140.069,74.828],[139.85,74.965],[139.652,74.981],[139.459,74.931],[139.517,74.856],[139.645,74.889],[139.496,74.768],[139.343,74.687],[139.127,74.652],[137.895,74.846],[137.794,74.975],[137.134,75.142],[136.91,75.273],[136.924,75.321],[136.862,75.362],[137.039,75.388],[137.254,75.336],[137.422,75.37],[137.397,75.417],[137.143,75.41],[137.149,75.465],[137.301,75.471],[137.181,75.551],[137.294,75.602],[137.068,75.726],[137.198,75.79],[137.743,75.749],[137.432,75.887],[137.433,75.953],[138.028,76.032],[138.116,76.075],[137.973,76.054],[138.377,76.157],[138.328,76.136],[138.432,76.063],[138.533,76.186],[139.049,76.239],[138.897,76.219],[139.11,76.097],[139.825,75.97],[139.912,75.937],[139.799,75.886],[139.956,75.836],[140.51,75.79],[140.546,75.756],[140.433,75.657],[140.476,75.64],[140.902,75.616],[141.062,75.65],[140.864,75.739],[140.909,75.984],[141.001,76.047],[141.625,76.013],[141.31,76.184],[142.146,76.012],[142.547,75.863],[143.059,75.807],[143.686,75.863],[145.276,75.583],[145.366,75.54]]],[[[96.644,76.267],[96.578,76.195],[96.596,76.157],[96.52,76.191],[96.562,76.232],[96.447,76.272],[96.347,76.255],[96.424,76.212],[96.246,76.205],[96.396,76.178],[96.321,76.136],[96.345,76.105],[96.181,76.155],[95.266,76.219],[95.35,76.289],[95.57,76.238],[95.812,76.303],[96.068,76.28],[96.104,76.232],[96.283,76.309],[96.616,76.266],[96.644,76.267]]],[[[113.292,76.363],[113.118,76.377],[113.264,76.444],[113.309,76.423],[113.262,76.397],[113.447,76.369],[113.413,76.36],[113.292,76.363]]],[[[111.959,76.602],[112.367,76.658],[112.528,76.623],[112.487,76.602],[112.57,76.555],[112.508,76.541],[112.714,76.52],[112.576,76.5],[112.618,76.459],[112.568,76.444],[112.046,76.588],[111.959,76.602]]],[[[96.472,76.692],[96.313,76.623],[95.89,76.616],[95.964,76.676],[96.468,76.708],[96.472,76.692]]],[[[95.65,76.678],[95.835,76.692],[95.529,76.649],[95.417,76.705],[95.619,76.67],[95.65,76.678]]],[[[97.476,76.65],[97.596,76.602],[97.343,76.599],[97.387,76.654],[97.288,76.692],[97.418,76.719],[97.479,76.673],[97.476,76.65]]],[[[149.375,76.738],[149.263,76.711],[149.256,76.634],[149.2,76.627],[148.432,76.629],[148.867,76.734],[149.444,76.75],[149.375,76.738]]],[[[96.527,77.206],[96.589,77.144],[96.235,76.99],[95.684,76.952],[95.951,77.014],[95.232,77.006],[96.462,77.21],[96.527,77.206]]],[[[105.785,77.281],[106.011,77.287],[105.804,77.266],[105.785,77.281]]],[[[89.689,77.281],[89.817,77.211],[89.747,77.164],[89.493,77.141],[89.301,77.147],[89.135,77.218],[89.304,77.308],[89.653,77.302],[89.689,77.281]]],[[[106.361,77.322],[106.457,77.322],[106.333,77.322],[106.361,77.322]]],[[[107.745,77.329],[107.722,77.27],[107.205,77.234],[107.457,77.281],[107.28,77.302],[107.395,77.36],[107.73,77.337],[107.745,77.329]]],[[[106.861,77.446],[106.701,77.384],[106.525,77.39],[106.56,77.438],[106.73,77.47],[106.943,77.459],[106.88,77.446],[106.861,77.446]]],[[[107.704,78.137],[107.451,78.053],[107.391,78.102],[106.395,78.131],[107.338,78.191],[107.686,78.147],[107.704,78.137]]],[[[106.532,78.254],[106.194,78.193],[105.991,78.219],[106.069,78.271],[106.338,78.266],[106.47,78.343],[106.766,78.308],[106.713,78.262],[106.45,78.261],[106.49,78.252],[106.532,78.254]]],[[[105.416,78.583],[105.357,78.506],[104.787,78.336],[104.353,78.341],[103.713,78.256],[103.016,78.256],[102.66,78.164],[102.681,78.213],[102.607,78.226],[101.21,78.194],[100.483,78.03],[99.871,77.952],[99.371,77.96],[99.426,77.987],[99.268,78.042],[99.426,78.076],[99.543,78.18],[99.755,78.265],[100.05,78.343],[100.001,78.418],[100.276,78.58],[100.255,78.665],[100.385,78.752],[100.602,78.798],[101.166,78.761],[100.824,78.809],[100.785,78.895],[100.907,78.985],[101.07,79.035],[101.626,78.987],[100.988,79.063],[101.043,79.133],[101.196,79.147],[101.126,79.165],[101.194,79.203],[101.557,79.254],[101.544,79.341],[101.818,79.371],[101.961,79.261],[102.246,79.242],[102.14,79.357],[102.303,79.433],[102.894,79.381],[103.153,79.31],[102.825,79.227],[102.86,79.22],[102.743,79.159],[102.798,79.138],[102.674,79.077],[102.691,79.032],[102.379,78.822],[102.666,78.892],[102.921,79.058],[103.144,79.058],[103.624,79.171],[103.606,79.138],[104.001,79.128],[104.023,79.097],[103.976,79.063],[104.073,79.005],[104.455,78.967],[104.525,78.885],[104.367,78.857],[104.655,78.83],[104.579,78.775],[104.725,78.791],[104.759,78.853],[105.175,78.809],[105.344,78.642],[105.334,78.605],[105.392,78.599],[105.416,78.583]]],[[[77.614,79.522],[76.696,79.478],[76.641,79.487],[76.699,79.518],[76.621,79.549],[76.174,79.569],[76.051,79.649],[77.595,79.533],[77.614,79.522]]],[[[93.628,79.933],[93.814,79.899],[93.67,79.832],[93.052,79.715],[91.922,79.679],[91.97,79.693],[91.916,79.707],[91.945,79.716],[92.353,79.734],[92.099,79.81],[91.073,79.851],[91.299,79.919],[91.018,79.967],[91.182,79.995],[91.114,80.049],[90.867,80.063],[91.782,80.064],[93.138,79.959],[93.628,79.933]]],[[[51.347,79.953],[51.505,79.933],[50.045,79.974],[50.553,79.988],[51.001,80.103],[51.265,80.056],[51.201,80.011],[51.367,79.962],[51.347,79.953]]],[[[36.594,80.159],[36.854,80.152],[36.617,80.15],[36.594,80.159]]],[[[99.886,79.041],[99.926,78.946],[99.406,78.822],[98.603,78.816],[98.555,78.803],[98.58,78.782],[97.442,78.817],[97.404,78.83],[97.603,78.843],[97.264,78.853],[96.799,78.989],[95.673,79.001],[95.67,79.069],[95.524,79.109],[95.067,79.038],[94.827,79.067],[94.632,79.127],[94.617,79.201],[94.334,79.249],[94.355,79.316],[94.313,79.35],[94.362,79.44],[94.312,79.479],[94.053,79.474],[94.081,79.447],[93.988,79.427],[93.697,79.46],[93.991,79.494],[93.69,79.542],[93.882,79.604],[93.721,79.595],[93.443,79.501],[93.539,79.487],[93.236,79.439],[93.114,79.467],[93.32,79.501],[92.854,79.556],[93.28,79.552],[94.169,79.775],[94.69,79.816],[94.225,79.899],[94.382,79.933],[94.321,79.967],[94.351,79.977],[94.75,80.007],[94.952,80.104],[95.242,80.022],[95.502,80.111],[96.174,80.091],[97.592,80.175],[98.09,80.056],[97.848,79.997],[97.768,79.946],[97.814,79.916],[97.521,79.809],[97.609,79.777],[97.192,79.707],[97.706,79.763],[97.723,79.805],[97.918,79.857],[97.884,79.877],[97.926,79.902],[98.377,79.878],[98.582,79.976],[98.439,80.015],[98.557,80.059],[99.199,80.05],[99.248,80.036],[99.158,80.015],[99.332,80.02],[100.022,79.824],[100.077,79.783],[99.817,79.742],[99.886,79.693],[99.707,79.569],[99.789,79.522],[99.686,79.474],[99.734,79.42],[99.696,79.388],[99.748,79.364],[99.667,79.312],[99.46,79.248],[99.035,79.296],[99.583,79.173],[99.611,79.159],[99.488,79.145],[99.821,79.101],[99.875,79.053],[99.886,79.041]]],[[[50.081,80.068],[49.883,80.07],[49.531,80.159],[49.899,80.234],[50.229,80.226],[50.336,80.182],[50.126,80.142],[50.052,80.084],[50.087,80.074],[50.081,80.068]]],[[[55.795,80.642],[55.603,80.666],[55.706,80.7],[55.432,80.714],[56.53,80.787],[56.946,80.694],[56.329,80.625],[55.838,80.632],[55.795,80.642]]],[[[46.687,80.529],[46.519,80.519],[46.53,80.474],[46.48,80.46],[46.084,80.44],[46.021,80.489],[46.084,80.556],[46.044,80.574],[45.515,80.52],[45.271,80.59],[44.857,80.617],[46.921,80.749],[47.201,80.81],[47.092,80.831],[47.138,80.842],[47.536,80.857],[48.496,80.798],[48.655,80.755],[48.456,80.727],[48.764,80.66],[48.727,80.611],[48.064,80.662],[47.749,80.77],[47.476,80.735],[47.572,80.68],[47.304,80.653],[47.431,80.594],[47.2,80.626],[46.992,80.553],[46.633,80.556],[46.687,80.529]]],[[[62.222,80.813],[62.275,80.784],[62.259,80.741],[62.037,80.666],[62.147,80.639],[62.116,80.622],[61.706,80.597],[61.588,80.556],[61.606,80.529],[61.311,80.511],[61.277,80.501],[61.383,80.491],[61.045,80.405],[60.307,80.496],[59.636,80.431],[59.242,80.529],[59.372,80.57],[59.286,80.582],[59.221,80.653],[59.571,80.79],[59.509,80.804],[59.694,80.837],[60.171,80.854],[60.256,80.831],[59.968,80.81],[60.362,80.79],[61.603,80.896],[62.068,80.88],[62.208,80.823],[62.222,80.813]]],[[[58.13,80.781],[57.816,80.81],[58.746,80.903],[59.029,80.824],[58.896,80.774],[58.421,80.749],[58.13,80.781]]],[[[55.766,80.784],[54.877,80.721],[54.664,80.742],[54.657,80.788],[53.98,80.816],[54.323,80.864],[54.722,80.872],[54.823,80.836],[55.097,80.903],[55.987,80.804],[55.933,80.791],[55.766,80.784]]],[[[51.689,80.727],[51.744,80.714],[51.175,80.618],[50.95,80.537],[49.675,80.482],[49.798,80.452],[49.816,80.401],[49.49,80.364],[48.84,80.388],[48.627,80.295],[48.943,80.273],[49.038,80.241],[48.976,80.213],[49.107,80.19],[48.734,80.159],[48.528,80.209],[48.497,80.193],[48.552,80.159],[48.511,80.124],[48.372,80.092],[48.116,80.137],[48.019,80.089],[47.628,80.072],[47.633,80.118],[47.737,80.162],[48.085,80.207],[47.845,80.213],[47.969,80.235],[47.929,80.247],[47.451,80.24],[47.338,80.213],[47.387,80.187],[47.102,80.17],[46.895,80.192],[46.89,80.237],[46.618,80.295],[47.089,80.372],[47.224,80.309],[48.133,80.326],[48.189,80.338],[47.619,80.405],[48.236,80.427],[48.1,80.476],[47.379,80.454],[48.375,80.571],[48.565,80.543],[48.531,80.515],[48.569,80.506],[49.188,80.521],[49.23,80.537],[49.175,80.556],[49.407,80.617],[49.285,80.645],[49.631,80.64],[49.668,80.653],[49.613,80.687],[49.682,80.721],[49.203,80.694],[49.34,80.735],[48.955,80.735],[49.114,80.769],[49.004,80.776],[50.237,80.933],[50.443,80.906],[49.997,80.865],[50.856,80.919],[51.045,80.851],[50.47,80.81],[50.545,80.79],[50.251,80.742],[50.372,80.713],[51.313,80.79],[51.483,80.737],[51.689,80.727]]],[[[79.807,80.974],[80.437,80.94],[80.326,80.861],[79.128,80.807],[78.975,80.843],[79.211,80.961],[79.73,80.98],[79.807,80.974]]],[[[58.654,81.044],[58.697,81.025],[58.561,80.957],[58.367,80.946],[57.841,81.048],[58.07,81.112],[58.362,81.078],[58.654,81.044]]],[[[57.336,80.892],[57.199,80.906],[57.234,80.933],[57.201,80.954],[56.932,80.974],[56.897,81.016],[56.096,81.091],[56.147,81.123],[56.703,81.113],[58.282,80.927],[57.838,80.853],[57.441,80.884],[57.336,80.892]]],[[[54.564,80.995],[54.417,81.008],[54.671,81.125],[55.52,81.008],[56.019,81.044],[57.716,80.793],[57.059,80.692],[56.668,80.809],[55.799,80.854],[55.377,80.933],[55.381,80.969],[54.998,80.951],[54.86,81.002],[54.564,80.995]]],[[[50.477,81.07],[50.347,81.091],[50.519,81.129],[50.491,81.159],[50.53,81.168],[50.82,81.166],[50.977,81.106],[50.766,81.088],[50.774,81.044],[50.374,81.023],[50.464,81.059],[50.477,81.07]]],[[[91.547,81.154],[91.574,81.136],[91.186,81.057],[89.996,81.105],[89.894,81.174],[90.072,81.215],[91.455,81.193],[91.547,81.154]]],[[[97.747,80.742],[97.973,80.721],[97.719,80.664],[97.131,80.666],[97.192,80.645],[97.047,80.584],[97.021,80.526],[97.149,80.487],[97.209,80.431],[97.206,80.356],[97.423,80.327],[97.188,80.234],[94.53,80.131],[93.75,79.997],[92.965,80.111],[92.066,80.172],[92.195,80.208],[92.888,80.172],[92.281,80.23],[92.107,80.29],[93.32,80.276],[93.244,80.31],[91.422,80.31],[91.662,80.385],[92.628,80.392],[91.888,80.46],[92.769,80.517],[92.825,80.651],[93.27,80.797],[92.497,80.776],[92.731,80.851],[92.677,80.879],[93.163,80.947],[93.053,80.995],[95.547,81.221],[95.034,81.249],[95.104,81.271],[95.777,81.289],[96.02,81.234],[95.968,81.205],[96.135,81.202],[96.555,81.077],[96.544,81.03],[96.733,81.008],[96.644,80.988],[96.766,80.95],[97.411,80.837],[97.755,80.829],[97.789,80.817],[97.747,80.796],[97.884,80.769],[97.781,80.75],[97.747,80.742]]],[[[57.266,81.427],[56.74,81.454],[56.982,81.493],[57.007,81.509],[56.946,81.522],[57.013,81.537],[57.784,81.565],[57.889,81.486],[58.4,81.474],[58.57,81.413],[57.798,81.379],[57.439,81.438],[57.266,81.427]]],[[[62.504,81.653],[62.106,81.68],[62.805,81.722],[62.766,81.707],[63.806,81.66],[63.467,81.589],[62.534,81.638],[62.504,81.653]]],[[[58.295,81.714],[57.891,81.708],[57.946,81.755],[58.145,81.777],[57.94,81.804],[58.156,81.83],[59.215,81.859],[59.44,81.818],[59.331,81.79],[59.356,81.753],[58.649,81.727],[58.295,81.714]]],[[[150.843,46.448],[150.78,46.457],[150.808,46.486],[150.839,46.455],[150.843,46.448]]],[[[154.837,49.65],[154.905,49.631],[154.803,49.479],[154.815,49.31],[154.72,49.267],[154.606,49.293],[154.638,49.424],[154.823,49.645],[154.837,49.65]]],[[[59.034,75.96],[59.262,75.965],[58.693,75.903],[58.991,75.948],[59.034,75.96]]],[[[59.002,79.981],[58.769,80.021],[59.529,80.121],[59.81,80.089],[59.836,80.027],[59.927,79.995],[59.372,79.92],[59.152,79.955],[59.002,79.981]]],[[[55.712,80.103],[56.019,80.182],[56.048,80.2],[55.952,80.262],[55.973,80.323],[56.13,80.351],[56.643,80.325],[56.712,80.368],[57.022,80.364],[57.131,80.306],[57.084,80.258],[57.154,80.199],[57.047,80.154],[57.118,80.096],[56.957,80.066],[55.76,80.104],[55.712,80.103]]],[[[52.623,80.183],[52.357,80.209],[52.183,80.276],[52.569,80.289],[52.86,80.405],[53.15,80.413],[53.869,80.271],[53.733,80.218],[53.59,80.242],[53.49,80.172],[52.645,80.172],[52.623,80.183]]],[[[57.529,80.131],[57.278,80.178],[57.302,80.207],[57.22,80.241],[57.259,80.326],[57.192,80.364],[57.274,80.392],[57.243,80.412],[56.946,80.482],[58.452,80.468],[59.193,80.378],[59.276,80.33],[58.391,80.32],[58.077,80.262],[58.475,80.222],[58.407,80.166],[58.041,80.206],[57.905,80.172],[58.015,80.111],[57.97,80.099],[57.566,80.129],[57.529,80.131]]],[[[53.798,80.473],[53.973,80.529],[53.859,80.554],[53.883,80.611],[54.269,80.589],[54.315,80.577],[54.136,80.556],[54.41,80.543],[54.465,80.482],[54.239,80.42],[53.798,80.473]]],[[[60.256,81.036],[60.613,81.092],[61.702,81.105],[61.606,81.077],[61.6,81.031],[60.988,80.922],[60.023,80.995],[60.208,81.023],[60.256,81.036]]],[[[62.771,80.886],[63.142,80.971],[64.036,80.987],[64.186,81.019],[64.217,81.057],[64.12,81.094],[64.275,81.169],[64.705,81.205],[65.23,81.137],[65.436,81.037],[65.306,80.995],[65.466,80.935],[65.0,80.809],[64.587,80.755],[63.131,80.683],[62.511,80.81],[62.53,80.844],[62.771,80.886]]],[[[57.336,81.205],[57.888,81.246],[58.084,81.215],[57.7,81.137],[56.994,81.166],[57.242,81.189],[57.336,81.205]]],[[[55.647,81.2],[55.561,81.223],[55.609,81.276],[55.432,81.283],[55.541,81.297],[55.466,81.324],[55.712,81.331],[56.545,81.255],[56.603,81.269],[56.391,81.324],[56.418,81.338],[56.336,81.385],[56.726,81.397],[57.905,81.297],[57.048,81.253],[56.615,81.179],[56.24,81.228],[55.74,81.201],[55.647,81.2]]],[[[58.563,81.324],[58.464,81.335],[59.018,81.403],[59.385,81.331],[59.054,81.287],[58.594,81.321],[58.563,81.324]]],[[[61.904,81.605],[62.196,81.565],[61.828,81.564],[61.654,81.605],[61.684,81.61],[61.904,81.605]]],[[[40.455,64.582],[40.195,64.574],[40.055,64.653],[39.824,64.68],[40.188,64.708],[40.45,64.59],[40.455,64.582]]],[[[40.002,64.737],[39.944,64.728],[39.987,64.743],[40.002,64.737]]],[[[40.145,64.734],[40.035,64.761],[40.334,64.772],[40.407,64.642],[40.326,64.638],[40.176,64.728],[40.145,64.734]]],[[[36.013,65.052],[35.892,65.041],[36.007,65.054],[36.013,65.052]]],[[[36.211,65.158],[36.261,65.155],[35.942,65.155],[35.99,65.191],[36.192,65.155],[36.211,65.158]]],[[[54.33,68.311],[54.317,68.259],[54.199,68.256],[54.319,68.312],[54.33,68.311]]],[[[53.912,68.362],[53.991,68.346],[53.958,68.293],[53.866,68.307],[53.882,68.354],[53.912,68.362]]],[[[49.049,68.678],[49.124,68.668],[48.766,68.69],[48.812,68.697],[49.049,68.678]]],[[[49.579,68.819],[49.492,68.792],[49.57,68.817],[49.579,68.819]]],[[[54.267,68.817],[54.395,68.783],[54.222,68.821],[54.267,68.817]]],[[[49.814,68.899],[49.752,68.877],[49.788,68.889],[49.814,68.899]]],[[[54.974,68.94],[55.02,68.915],[54.928,68.94],[54.974,68.94]]],[[[50.083,68.961],[50.001,68.932],[50.072,68.955],[50.083,68.961]]],[[[67.217,69.421],[67.308,69.438],[67.132,69.364],[66.939,69.439],[67.165,69.42],[67.217,69.421]]],[[[67.328,69.573],[67.345,69.522],[67.259,69.439],[67.022,69.477],[67.155,69.56],[67.318,69.583],[67.328,69.573]]],[[[66.837,70.392],[66.868,70.381],[66.596,70.489],[66.676,70.535],[66.819,70.396],[66.837,70.392]]],[[[66.559,70.544],[66.583,70.502],[66.478,70.535],[66.397,70.63],[66.428,70.8],[66.48,70.764],[66.454,70.684],[66.552,70.586],[66.559,70.544]]],[[[66.6,70.914],[66.508,70.828],[66.434,70.827],[66.6,71.004],[66.594,70.922],[66.6,70.914]]],[[[53.37,71.292],[53.161,71.355],[53.24,71.354],[53.37,71.292]]],[[[152.875,76.151],[152.884,76.116],[152.773,76.083],[152.555,76.139],[152.71,76.187],[152.864,76.166],[152.875,76.151]]],[[[156.661,77.108],[156.492,77.098],[156.639,77.116],[156.661,77.108]]],[[[92.062,77.63],[92.11,77.611],[91.985,77.587],[91.866,77.629],[91.944,77.644],[92.062,77.63]]],[[[58.815,79.917],[58.87,79.901],[58.248,79.933],[58.614,79.979],[58.79,79.917],[58.815,79.917]]],[[[60.167,80.169],[60.21,80.149],[59.891,80.175],[60.101,80.184],[60.167,80.169]]],[[[54.408,80.285],[54.382,80.21],[54.178,80.189],[54.101,80.273],[54.395,80.29],[54.408,80.285]]],[[[55.499,80.317],[55.498,80.277],[55.235,80.228],[54.932,80.244],[55.157,80.279],[55.071,80.301],[55.386,80.327],[55.499,80.317]]],[[[54.987,80.414],[55.271,80.409],[55.13,80.374],[54.981,80.412],[54.987,80.414]]],[[[54.842,80.431],[54.771,80.393],[54.39,80.387],[54.627,80.477],[54.817,80.44],[54.842,80.431]]],[[[54.821,80.465],[54.622,80.511],[55.069,80.499],[54.982,80.449],[54.821,80.465]]],[[[59.737,81.19],[58.995,81.198],[59.417,81.201],[59.737,81.19]]],[[[60.563,81.274],[60.432,81.244],[59.841,81.292],[60.535,81.284],[60.563,81.274]]],[[[58.369,81.58],[58.276,81.593],[58.702,81.613],[58.369,81.58],[58.369,81.58]]],[[[132.45,42.828],[132.476,42.8],[132.402,42.832],[132.428,42.896],[132.449,42.845],[132.45,42.828]]],[[[47.851,43.999],[47.763,43.928],[47.628,43.963],[47.839,44.001],[47.851,43.999]]],[[[47.997,45.468],[47.944,45.5],[47.917,45.633],[47.957,45.65],[47.997,45.52],[47.997,45.468]]],[[[139.225,54.589],[139.277,54.613],[139.214,54.586],[139.225,54.589]]],[[[138.19,54.716],[138.241,54.714],[138.181,54.715],[138.19,54.716]]],[[[149.033,59.192],[149.141,59.208],[149.103,59.162],[149.033,59.183],[149.033,59.192]]],[[[-172.475,64.642],[-172.458,64.611],[-172.519,64.593],[-172.725,64.626],[-172.656,64.641],[-172.475,64.642]]],[[[67.381,68.792],[67.393,68.757],[67.116,68.798],[67.338,68.809],[67.381,68.792]]],[[[-175.586,71.38],[-175.629,71.352],[-175.811,71.412],[-175.599,71.381],[-175.586,71.38]]],[[[161.894,69.654],[161.867,69.555],[161.752,69.553],[161.666,69.621],[161.817,69.658],[161.894,69.654]]],[[[170.125,69.773],[170.275,69.773],[170.101,69.687],[169.955,69.727],[170.054,69.764],[170.125,69.773]]],[[[83.305,70.806],[83.469,70.738],[83.305,70.645],[83.259,70.549],[83.31,70.443],[83.065,70.365],[83.132,70.434],[83.147,70.65],[83.257,70.801],[83.305,70.806]]],[[[97.646,76.756],[97.46,76.718],[97.161,76.754],[97.646,76.759],[97.646,76.756]]],[[[89.047,77.141],[89.136,77.127],[88.92,76.977],[88.816,76.985],[88.664,77.08],[88.786,77.124],[89.047,77.141]]]]}},{"type":"Feature","id":"CZE","properties":{"name":"Czechia","id":"CZE"},"geometry":{"type":"Polygon","coordinates":[[[14.81,50.858],[14.982,50.859],[14.997,50.959],[14.961,50.993],[15.144,51.012],[15.27,50.953],[15.256,50.9],[15.356,50.775],[15.442,50.8],[15.792,50.743],[15.848,50.675],[15.971,50.679],[15.982,50.604],[16.086,50.647],[16.332,50.644],[16.426,50.568],[16.2,50.406],[16.344,50.37],[16.661,50.093],[16.818,50.187],[17.015,50.218],[16.866,50.408],[16.893,50.433],[17.188,50.378],[17.424,50.241],[17.708,50.311],[17.748,50.218],[17.589,50.163],[17.633,50.106],[17.732,50.095],[17.839,49.974],[18.032,50.003],[18.002,50.047],[18.292,49.908],[18.559,49.907],[18.618,49.714],[18.788,49.669],[18.833,49.51],[18.536,49.482],[18.388,49.39],[18.385,49.342],[18.161,49.259],[18.076,49.047],[17.914,49.01],[17.879,48.934],[17.727,48.863],[17.535,48.813],[17.167,48.86],[17.025,48.746],[16.945,48.604],[16.873,48.719],[16.675,48.734],[16.52,48.806],[16.358,48.727],[16.085,48.743],[15.818,48.872],[15.681,48.858],[15.275,48.987],[15.142,48.937],[15.137,48.993],[15.004,49.01],[14.94,48.763],[14.8,48.777],[14.676,48.576],[14.458,48.643],[14.316,48.558],[14.041,48.601],[13.991,48.7],[13.816,48.766],[13.609,48.946],[13.427,48.96],[13.0,49.295],[12.778,49.333],[12.644,49.429],[12.496,49.67],[12.384,49.743],[12.524,49.905],[12.451,49.981],[12.247,50.045],[12.175,50.183],[12.08,50.243],[12.111,50.277],[12.076,50.315],[12.149,50.312],[12.3,50.161],[12.336,50.259],[12.51,50.389],[12.817,50.443],[12.953,50.404],[13.01,50.493],[13.16,50.497],[13.232,50.582],[13.369,50.628],[13.448,50.597],[13.557,50.707],[13.835,50.724],[13.96,50.802],[14.347,50.88],[14.382,50.921],[14.238,50.982],[14.288,51.037],[14.482,51.037],[14.574,50.975],[14.55,50.912],[14.629,50.921],[14.613,50.846],[14.795,50.832],[14.81,50.858]]]}},{"type":"Feature","id":"DEU","properties":{"name":"Germany","id":"DEU"},"geometry":{"type":"MultiPolygon","coordinates":[[[[13.816,48.766],[13.802,48.612],[13.717,48.522],[13.455,48.573],[13.406,48.377],[12.863,48.197],[12.739,48.113],[12.991,47.847],[12.892,47.724],[13.02,47.713],[13.072,47.659],[13.002,47.466],[12.779,47.555],[12.813,47.612],[12.762,47.667],[12.497,47.629],[12.424,47.692],[12.239,47.679],[12.242,47.732],[12.177,47.706],[12.207,47.646],[12.174,47.605],[11.62,47.59],[11.551,47.514],[11.413,47.506],[11.384,47.445],[11.237,47.394],[11.194,47.429],[10.979,47.391],[10.859,47.531],[10.584,47.562],[10.483,47.533],[10.429,47.577],[10.428,47.396],[10.306,47.302],[10.16,47.271],[10.209,47.372],[10.083,47.359],[10.072,47.439],[9.946,47.541],[9.833,47.535],[9.782,47.588],[9.613,47.522],[9.183,47.67],[8.882,47.656],[8.798,47.72],[8.717,47.695],[8.713,47.757],[8.558,47.801],[8.464,47.764],[8.391,47.665],[8.607,47.656],[8.574,47.592],[8.522,47.622],[8.354,47.581],[8.233,47.622],[8.042,47.561],[7.82,47.595],[7.767,47.556],[7.61,47.565],[7.66,47.597],[7.586,47.585],[7.512,47.707],[7.621,47.971],[7.579,48.114],[7.751,48.341],[7.81,48.615],[8.09,48.808],[8.2,48.959],[7.932,49.035],[7.635,49.038],[7.41,49.169],[7.274,49.105],[7.08,49.142],[7.043,49.108],[7.009,49.182],[6.914,49.207],[6.833,49.209],[6.822,49.148],[6.726,49.156],[6.512,49.425],[6.345,49.455],[6.351,49.567],[6.5,49.712],[6.503,49.796],[6.303,49.835],[6.096,50.049],[6.147,50.214],[6.375,50.315],[6.337,50.481],[6.171,50.518],[6.249,50.614],[6.159,50.622],[6.081,50.713],[6.012,50.709],[5.973,50.782],[6.064,50.908],[6.0,50.929],[6.004,50.974],[5.875,50.965],[5.858,51.019],[6.147,51.152],[6.061,51.171],[6.057,51.212],[6.208,51.388],[6.193,51.509],[6.086,51.596],[6.099,51.644],[5.939,51.732],[5.931,51.816],[6.156,51.842],[6.093,51.885],[6.127,51.897],[6.345,51.821],[6.378,51.86],[6.744,51.908],[6.809,51.98],[6.68,52.06],[7.026,52.231],[7.048,52.365],[6.973,52.451],[6.715,52.462],[6.672,52.542],[6.744,52.56],[6.704,52.583],[6.737,52.635],[7.018,52.626],[7.062,52.824],[7.193,52.998],[7.195,53.245],[7.255,53.32],[7.367,53.303],[7.024,53.376],[7.051,53.513],[7.142,53.537],[7.087,53.587],[7.226,53.666],[8.031,53.708],[8.053,53.636],[8.168,53.553],[8.059,53.502],[8.077,53.469],[8.205,53.411],[8.315,53.475],[8.292,53.529],[8.231,53.525],[8.271,53.613],[8.552,53.544],[8.49,53.486],[8.504,53.358],[8.498,53.475],[8.566,53.547],[8.486,53.7],[8.588,53.87],[8.673,53.892],[8.861,53.831],[9.211,53.872],[9.283,53.862],[9.582,53.591],[9.832,53.544],[9.584,53.612],[9.395,53.831],[8.916,53.937],[8.833,54.036],[8.997,54.03],[9.018,54.098],[8.953,54.15],[8.861,54.125],[8.813,54.18],[8.84,54.256],[8.963,54.318],[8.678,54.269],[8.6,54.338],[8.696,54.359],[8.635,54.365],[8.648,54.406],[8.886,54.418],[9.012,54.506],[8.879,54.607],[8.826,54.598],[8.853,54.619],[8.805,54.688],[8.689,54.735],[8.661,54.896],[8.904,54.898],[9.195,54.85],[9.244,54.802],[9.451,54.81],[9.58,54.866],[9.583,54.83],[9.824,54.757],[9.948,54.78],[10.018,54.701],[9.929,54.674],[10.039,54.667],[10.027,54.56],[9.84,54.475],[10.143,54.492],[10.204,54.461],[10.142,54.324],[10.318,54.443],[10.731,54.31],[10.935,54.38],[11.136,54.386],[11.067,54.359],[11.067,54.184],[10.753,54.05],[10.902,53.961],[11.175,54.018],[11.243,53.945],[11.334,53.961],[11.458,53.906],[11.519,54.036],[11.69,54.155],[12.088,54.194],[12.115,54.098],[12.095,54.146],[12.143,54.18],[12.109,54.183],[12.342,54.304],[12.534,54.488],[12.921,54.433],[12.438,54.388],[12.369,54.269],[12.458,54.256],[12.41,54.269],[12.479,54.332],[12.681,54.411],[12.718,54.414],[12.684,54.372],[12.855,54.358],[13.009,54.438],[13.096,54.372],[13.115,54.28],[13.289,54.234],[13.349,54.18],[13.322,54.167],[13.403,54.174],[13.484,54.091],[13.479,54.125],[13.712,54.174],[13.808,54.105],[13.746,54.036],[13.906,53.943],[13.817,53.853],[14.037,53.755],[14.264,53.752],[14.213,53.708],[14.264,53.7],[14.304,53.509],[14.442,53.252],[14.343,53.049],[14.144,52.96],[14.165,52.896],[14.124,52.851],[14.645,52.577],[14.545,52.382],[14.584,52.291],[14.712,52.236],[14.686,52.121],[14.761,52.077],[14.586,51.804],[14.732,51.658],[14.71,51.53],[14.955,51.435],[15.022,51.237],[14.955,51.064],[14.759,50.81],[14.613,50.846],[14.629,50.921],[14.55,50.912],[14.574,50.975],[14.482,51.037],[14.288,51.037],[14.238,50.982],[14.382,50.921],[14.347,50.88],[13.96,50.802],[13.835,50.724],[13.557,50.707],[13.448,50.597],[13.369,50.628],[13.232,50.582],[13.16,50.497],[13.01,50.493],[12.953,50.404],[12.817,50.443],[12.51,50.389],[12.336,50.259],[12.3,50.161],[12.24,50.257],[12.076,50.315],[12.111,50.277],[12.08,50.243],[12.175,50.183],[12.247,50.045],[12.451,49.981],[12.524,49.905],[12.384,49.743],[12.496,49.67],[12.644,49.429],[12.778,49.333],[13.0,49.295],[13.179,49.118],[13.3,49.094],[13.459,48.945],[13.609,48.946],[13.796,48.78],[13.816,48.766]]],[[[14.21,53.938],[14.201,53.878],[13.84,53.85],[13.932,53.899],[13.904,53.995],[13.973,53.989],[13.959,53.941],[14.048,53.941],[14.051,54.005],[13.946,54.067],[13.891,54.01],[13.856,54.002],[13.864,54.05],[13.774,54.023],[13.815,54.101],[13.753,54.153],[13.815,54.174],[14.209,53.939],[14.21,53.938]]],[[[6.798,53.604],[6.722,53.591],[6.757,53.563],[6.66,53.599],[6.785,53.62],[6.798,53.604]]],[[[6.874,53.673],[6.911,53.684],[7.047,53.694],[6.874,53.673]]],[[[7.133,53.708],[7.346,53.728],[7.174,53.701],[7.133,53.708]]],[[[7.367,53.728],[7.436,53.728],[7.381,53.729],[7.367,53.728]]],[[[8.12,53.721],[8.196,53.728],[8.12,53.714],[8.12,53.721]]],[[[7.517,53.762],[7.627,53.751],[7.482,53.727],[7.487,53.761],[7.517,53.762]]],[[[7.661,53.762],[7.813,53.783],[7.669,53.758],[7.661,53.762]]],[[[7.874,53.776],[7.956,53.783],[7.875,53.788],[7.874,53.776]]],[[[11.376,53.982],[11.498,54.023],[11.458,53.961],[11.447,53.997],[11.391,53.974],[11.376,53.982]]],[[[11.528,54.075],[11.616,54.112],[11.534,54.057],[11.528,54.075]]],[[[8.963,54.524],[8.888,54.468],[8.813,54.482],[8.919,54.53],[8.963,54.524]]],[[[11.256,54.479],[11.314,54.414],[11.113,54.415],[11.006,54.468],[11.073,54.531],[11.24,54.496],[11.256,54.479]]],[[[13.143,54.598],[13.061,54.468],[13.102,54.596],[13.143,54.578],[13.143,54.598]]],[[[13.698,54.392],[13.766,54.345],[13.723,54.278],[13.651,54.297],[13.712,54.332],[13.617,54.318],[13.691,54.352],[13.5,54.345],[13.36,54.275],[13.418,54.266],[13.407,54.228],[13.312,54.251],[13.335,54.284],[13.15,54.29],[13.178,54.31],[13.115,54.338],[13.267,54.386],[13.157,54.427],[13.273,54.482],[13.143,54.543],[13.298,54.52],[13.369,54.585],[13.349,54.524],[13.377,54.565],[13.431,54.493],[13.507,54.488],[13.521,54.571],[13.441,54.557],[13.369,54.612],[13.253,54.565],[13.293,54.642],[13.231,54.653],[13.391,54.688],[13.445,54.68],[13.383,54.636],[13.425,54.585],[13.671,54.566],[13.575,54.472],[13.677,54.401],[13.698,54.392]]],[[[8.332,54.694],[8.401,54.633],[8.292,54.667],[8.342,54.701],[8.332,54.694]]],[[[8.498,54.756],[8.594,54.722],[8.552,54.685],[8.395,54.715],[8.464,54.755],[8.498,54.756]]],[[[8.36,54.948],[8.388,54.894],[8.654,54.894],[8.307,54.865],[8.284,54.742],[8.298,54.913],[8.374,55.035],[8.463,55.051],[8.395,55.044],[8.43,55.03],[8.352,54.967],[8.36,54.948]]],[[[8.635,54.543],[8.701,54.548],[8.641,54.492],[8.596,54.514],[8.627,54.54],[8.635,54.543]]],[[[7.904,54.18],[7.899,54.178],[7.898,54.182],[7.904,54.18]]],[[[7.912,54.192],[7.93,54.195],[7.933,54.19],[7.912,54.192]]]]}},{"type":"Feature","id":"EST","properties":{"name":"Estonia","id":"EST"},"geometry":{"type":"MultiPolygon","coordinates":[[[[24.306,57.868],[24.464,58.072],[24.471,58.251],[24.551,58.334],[24.362,58.397],[24.243,58.28],[24.112,58.241],[23.98,58.318],[23.741,58.343],[23.677,58.435],[23.679,58.524],[23.561,58.583],[23.501,58.562],[23.498,58.697],[23.547,58.71],[23.533,58.747],[23.803,58.731],[23.785,58.778],[23.874,58.772],[23.784,58.801],[23.429,58.765],[23.526,58.82],[23.422,58.929],[23.628,58.979],[23.56,59.053],[23.614,59.011],[23.553,58.971],[23.408,59.026],[23.518,59.073],[23.471,59.212],[23.642,59.257],[23.73,59.23],[23.757,59.284],[24.081,59.271],[24.035,59.389],[24.222,59.355],[24.163,59.402],[24.306,59.419],[24.334,59.471],[24.643,59.436],[24.622,59.471],[24.675,59.496],[24.773,59.45],[24.816,59.489],[24.773,59.56],[24.803,59.571],[24.934,59.508],[25.098,59.498],[25.146,59.539],[25.409,59.491],[25.416,59.527],[25.544,59.535],[25.485,59.67],[25.677,59.566],[25.719,59.588],[25.695,59.671],[25.826,59.575],[25.883,59.631],[25.945,59.595],[25.989,59.634],[26.091,59.586],[26.665,59.552],[26.938,59.45],[27.873,59.408],[28.019,59.482],[28.186,59.375],[28.001,59.334],[28.077,59.305],[27.882,59.276],[27.713,58.992],[27.478,58.875],[27.411,58.755],[27.555,58.395],[27.494,58.32],[27.495,58.221],[27.63,58.088],[27.665,57.918],[27.799,57.861],[27.525,57.807],[27.554,57.795],[27.502,57.773],[27.508,57.715],[27.391,57.68],[27.382,57.603],[27.328,57.583],[27.353,57.528],[27.085,57.549],[26.873,57.627],[26.796,57.571],[26.5,57.516],[26.025,57.774],[26.015,57.843],[25.793,57.856],[25.73,57.923],[25.602,57.912],[25.282,58.073],[25.25,58.051],[25.284,58.008],[25.232,57.985],[25.094,58.067],[24.534,57.945],[24.35,57.859],[24.306,57.868]]],[[[23.943,58.113],[24.013,58.154],[23.971,58.1],[23.943,58.113]]],[[[23.231,58.505],[23.333,58.456],[23.157,58.478],[23.042,58.371],[22.955,58.381],[22.903,58.312],[22.721,58.27],[22.757,58.242],[22.723,58.225],[22.535,58.254],[22.295,58.193],[22.203,57.994],[22.048,57.915],[21.963,57.984],[22.203,58.148],[21.844,58.294],[21.908,58.299],[21.873,58.342],[22.011,58.354],[21.832,58.511],[21.996,58.513],[22.089,58.422],[22.188,58.543],[22.273,58.502],[22.288,58.569],[22.55,58.63],[22.648,58.587],[22.922,58.617],[23.189,58.51],[23.231,58.505]]],[[[23.382,58.58],[23.362,58.532],[23.235,58.535],[23.059,58.603],[23.198,58.681],[23.33,58.653],[23.374,58.586],[23.382,58.58]]],[[[23.364,59.029],[23.385,58.981],[23.299,58.971],[23.163,58.969],[23.114,59.022],[23.344,59.039],[23.364,59.029]]],[[[22.292,58.895],[22.045,58.936],[22.463,58.971],[22.587,59.087],[22.667,59.085],[22.737,59.005],[22.934,58.984],[23.041,58.841],[22.88,58.833],[22.845,58.777],[22.778,58.824],[22.655,58.703],[22.556,58.687],[22.463,58.716],[22.497,58.738],[22.44,58.841],[22.325,58.897],[22.292,58.895]]],[[[24.516,59.598],[24.543,59.548],[24.489,59.56],[24.5,59.596],[24.516,59.598]]],[[[23.261,57.814],[23.23,57.792],[23.24,57.823],[23.261,57.814]]]]}},{"type":"Feature","id":"LVA","properties":{"name":"Latvia","id":"LVA"},"geometry":{"type":"Polygon","coordinates":[[[27.353,57.528],[27.528,57.528],[27.511,57.43],[27.84,57.291],[27.824,57.159],[27.682,57.104],[27.751,57.042],[27.628,56.844],[27.786,56.871],[27.914,56.82],[27.865,56.743],[27.981,56.687],[28.011,56.588],[28.126,56.548],[28.093,56.502],[28.164,56.438],[28.217,56.271],[28.149,56.142],[27.927,56.109],[27.645,55.923],[27.593,55.794],[26.981,55.827],[26.823,55.706],[26.481,55.678],[26.28,55.743],[26.179,55.85],[25.662,56.141],[25.073,56.198],[24.871,56.443],[24.481,56.269],[24.319,56.299],[24.139,56.257],[23.707,56.354],[23.482,56.33],[23.288,56.373],[23.062,56.304],[22.925,56.412],[22.666,56.349],[22.094,56.417],[21.328,56.224],[21.19,56.084],[21.053,56.073],[20.969,56.253],[21.006,56.52],[21.031,56.408],[21.08,56.403],[21.058,56.504],[20.992,56.549],[21.058,56.689],[21.053,56.829],[21.382,57.009],[21.434,57.306],[21.73,57.574],[21.999,57.6],[22.484,57.742],[22.61,57.755],[22.591,57.645],[22.656,57.586],[23.13,57.371],[23.261,57.099],[23.695,56.967],[23.953,57.013],[24.401,57.258],[24.306,57.868],[25.094,58.067],[25.167,58.059],[25.217,57.985],[25.284,58.008],[25.25,58.051],[25.282,58.073],[25.602,57.912],[25.73,57.923],[25.793,57.856],[26.015,57.843],[26.025,57.774],[26.5,57.516],[26.796,57.571],[26.873,57.627],[27.32,57.516],[27.353,57.528]]]}},{"type":"Feature","id":"NOR","properties":{"name":"Norway","id":"NOR"},"geometry":{"type":"MultiPolygon","coordinates":[[[[20.623,69.036],[20.102,69.022],[20.341,68.91],[20.357,68.805],[20.237,68.659],[19.962,68.541],[20.246,68.477],[19.971,68.351],[19.038,68.506],[18.645,68.501],[18.436,68.574],[18.162,68.53],[18.136,68.396],[18.189,68.199],[17.921,67.973],[17.321,68.105],[16.783,67.897],[16.587,67.626],[16.429,67.534],[16.2,67.508],[16.127,67.423],[16.438,67.2],[16.416,67.053],[16.039,66.888],[15.669,66.599],[15.426,66.491],[15.482,66.275],[15.053,66.153],[14.541,66.125],[14.649,65.802],[14.561,65.701],[14.514,65.318],[14.38,65.24],[14.311,65.084],[13.643,64.584],[14.097,64.465],[14.148,64.169],[13.964,64.01],[13.234,64.091],[12.982,64.059],[12.682,63.956],[12.17,63.598],[12.22,63.474],[11.992,63.289],[12.223,63.001],[12.093,62.907],[12.156,62.734],[12.091,62.586],[12.314,62.286],[12.162,61.725],[12.416,61.582],[12.614,61.547],[12.888,61.35],[12.704,61.046],[12.253,61.002],[12.377,60.754],[12.594,60.515],[12.605,60.419],[12.492,60.312],[12.525,60.162],[12.483,60.081],[12.144,59.898],[11.85,59.872],[11.897,59.714],[11.675,59.607],[11.812,59.25],[11.664,58.92],[11.452,58.896],[11.389,59.081],[11.182,59.116],[11.176,59.197],[11.136,59.142],[11.088,59.176],[11.099,59.134],[11.032,59.128],[10.948,59.183],[10.916,59.142],[10.902,59.197],[10.823,59.164],[10.773,59.252],[10.738,59.217],[10.779,59.313],[10.674,59.316],[10.66,59.4],[10.592,59.431],[10.645,59.493],[10.662,59.438],[10.69,59.481],[10.615,59.697],[10.56,59.726],[10.656,59.857],[10.718,59.738],[10.753,59.889],[10.689,59.912],[10.475,59.85],[10.502,59.709],[10.615,59.608],[10.543,59.536],[10.437,59.518],[10.398,59.688],[10.224,59.724],[10.379,59.658],[10.381,59.535],[10.237,59.56],[10.478,59.43],[10.445,59.349],[10.514,59.303],[10.47,59.248],[10.361,59.271],[10.29,59.135],[10.307,59.06],[10.272,59.114],[10.262,59.039],[10.224,59.114],[10.207,59.016],[10.115,59.005],[10.163,59.052],[10.017,59.034],[10.015,58.973],[9.846,58.956],[9.782,59.051],[9.688,59.091],[9.669,59.051],[9.631,59.131],[9.539,59.121],[9.724,58.984],[9.47,58.929],[9.511,58.895],[9.299,58.882],[9.271,58.833],[9.45,58.833],[9.306,58.739],[9.071,58.741],[9.216,58.703],[9.059,58.683],[9.201,58.672],[9.034,58.595],[8.913,58.607],[8.95,58.547],[8.909,58.501],[8.579,58.347],[8.501,58.257],[8.409,58.272],[8.244,58.203],[8.223,58.135],[8.123,58.102],[8.025,58.141],[8.08,58.162],[8.03,58.225],[7.956,58.093],[7.664,58.067],[7.579,58.018],[7.25,58.059],[7.007,57.993],[6.999,58.031],[7.147,58.1],[6.935,58.045],[6.98,58.105],[6.901,58.052],[6.908,58.1],[6.804,58.1],[6.989,58.141],[6.778,58.182],[6.808,58.121],[6.731,58.12],[6.722,58.189],[6.688,58.121],[6.783,58.065],[6.619,58.068],[6.531,58.121],[6.846,58.271],[6.681,58.223],[6.634,58.275],[6.695,58.292],[6.687,58.327],[6.62,58.319],[6.626,58.245],[6.562,58.243],[6.01,58.385],[5.955,58.477],[5.646,58.549],[5.478,58.755],[5.573,58.894],[5.537,58.956],[5.626,58.926],[5.523,58.991],[5.551,59.039],[5.716,58.977],[5.716,58.867],[5.736,58.929],[5.854,58.965],[6.093,58.847],[6.229,58.84],[6.058,58.902],[6.195,58.984],[6.626,59.053],[6.16,58.998],[6.034,58.905],[5.975,58.963],[6.051,58.998],[5.875,59.066],[5.891,59.104],[6.126,59.148],[6.009,59.149],[6.171,59.261],[6.462,59.32],[6.154,59.268],[6.085,59.307],[6.236,59.32],[5.995,59.334],[6.042,59.384],[6.189,59.43],[6.243,59.511],[6.544,59.56],[6.236,59.526],[6.286,59.649],[6.153,59.459],[6.027,59.402],[5.983,59.43],[5.995,59.381],[5.924,59.356],[5.886,59.447],[6.153,59.477],[5.902,59.479],[5.807,59.539],[5.798,59.463],[5.708,59.471],[5.646,59.409],[5.784,59.429],[5.86,59.351],[5.612,59.293],[5.646,59.334],[5.587,59.416],[5.568,59.316],[5.505,59.278],[5.436,59.308],[5.433,59.405],[5.399,59.297],[5.348,59.416],[5.297,59.345],[5.202,59.43],[5.182,59.511],[5.243,59.526],[5.202,59.546],[5.344,59.648],[5.413,59.595],[5.4,59.67],[5.489,59.738],[5.488,59.575],[5.417,59.505],[5.516,59.539],[5.564,59.677],[5.722,59.663],[5.716,59.608],[5.754,59.61],[5.789,59.656],[5.879,59.656],[5.746,59.676],[5.814,59.729],[6.038,59.745],[6.292,59.84],[6.002,59.759],[5.934,59.779],[5.969,59.861],[5.832,59.772],[5.722,59.861],[5.646,59.854],[5.772,59.931],[5.972,59.96],[5.948,59.998],[6.01,60.057],[6.291,60.122],[6.257,60.163],[6.105,60.107],[6.075,60.198],[6.352,60.368],[6.503,60.431],[6.64,60.416],[6.531,60.262],[6.524,60.081],[6.572,60.273],[6.654,60.382],[6.803,60.473],[7.106,60.506],[6.901,60.506],[6.988,60.59],[6.656,60.433],[6.592,60.444],[6.695,60.519],[6.297,60.389],[6.178,60.471],[6.239,60.379],[6.119,60.368],[6.189,60.355],[6.14,60.254],[5.996,60.265],[5.852,60.15],[5.856,60.024],[5.739,59.994],[5.689,60.061],[5.798,60.094],[5.721,60.084],[5.708,60.176],[5.791,60.211],[5.593,60.139],[5.544,60.163],[5.564,60.204],[5.708,60.232],[5.598,60.232],[5.633,60.273],[5.572,60.238],[5.737,60.392],[5.633,60.368],[5.41,60.131],[5.304,60.191],[5.352,60.217],[5.223,60.211],[5.31,60.266],[5.171,60.279],[5.171,60.317],[5.228,60.321],[5.141,60.351],[5.298,60.396],[5.237,60.474],[5.306,60.528],[5.476,60.435],[5.654,60.431],[5.714,60.484],[5.75,60.718],[5.664,60.704],[5.676,60.758],[5.533,60.698],[5.527,60.629],[5.223,60.574],[5.085,60.663],[5.228,60.621],[5.085,60.711],[5.126,60.724],[4.927,60.8],[5.28,60.722],[5.348,60.64],[5.434,60.629],[5.371,60.674],[5.434,60.663],[5.413,60.704],[5.236,60.776],[5.352,60.813],[5.356,60.853],[5.537,60.876],[5.472,60.907],[5.293,60.823],[5.168,60.855],[5.131,60.812],[5.047,60.844],[4.982,60.951],[5.077,60.95],[5.101,60.878],[5.14,60.992],[5.013,60.982],[5.016,61.047],[5.135,61.077],[5.448,60.995],[5.527,61.075],[5.64,61.06],[5.598,61.085],[5.774,61.114],[5.781,61.064],[5.864,61.118],[6.098,61.122],[6.258,61.094],[6.243,61.047],[6.359,61.068],[6.356,61.011],[6.601,61.175],[6.956,61.088],[7.01,61.009],[6.874,60.937],[7.051,60.965],[7.13,60.927],[7.106,60.862],[7.161,60.951],[7.094,60.964],[7.0,61.093],[7.223,61.14],[7.436,61.101],[7.346,61.143],[7.695,61.232],[7.388,61.198],[7.312,61.287],[7.381,61.378],[7.572,61.485],[7.264,61.396],[7.305,61.348],[7.24,61.297],[7.36,61.191],[7.305,61.163],[7.214,61.184],[6.953,61.112],[6.917,61.136],[7.004,61.184],[6.894,61.163],[6.558,61.225],[6.695,61.345],[6.702,61.403],[6.603,61.279],[6.501,61.268],[6.537,61.204],[6.465,61.208],[6.506,61.147],[6.434,61.115],[6.174,61.184],[5.961,61.163],[6.037,61.204],[5.804,61.156],[5.783,61.197],[5.424,61.08],[5.298,61.129],[5.194,61.105],[5.16,61.129],[5.228,61.143],[5.044,61.163],[5.25,61.184],[4.955,61.253],[5.202,61.343],[5.279,61.321],[5.321,61.252],[5.321,61.317],[5.256,61.348],[5.633,61.362],[5.058,61.323],[4.999,61.377],[5.112,61.431],[4.948,61.416],[5.181,61.472],[5.519,61.43],[5.667,61.485],[5.804,61.458],[5.722,61.499],[5.461,61.453],[5.178,61.51],[5.14,61.554],[5.358,61.561],[5.146,61.595],[5.427,61.589],[5.27,61.616],[5.341,61.643],[4.968,61.636],[4.94,61.678],[4.988,61.747],[5.168,61.726],[5.126,61.752],[5.19,61.769],[5.064,61.76],[5.338,61.842],[5.29,61.862],[5.395,61.911],[5.743,61.848],[5.619,61.815],[5.941,61.845],[5.899,61.739],[5.992,61.835],[6.181,61.767],[6.058,61.835],[6.474,61.805],[6.59,61.871],[6.778,61.841],[6.819,61.876],[6.678,61.897],[6.476,61.825],[5.729,61.889],[5.961,61.917],[5.427,61.938],[5.156,61.896],[5.099,61.917],[5.14,61.971],[5.4,62.02],[5.109,62.109],[5.085,62.191],[5.17,62.215],[5.275,62.169],[5.318,62.107],[5.451,62.062],[5.462,62.007],[5.536,62.079],[5.592,62.068],[5.391,62.123],[5.454,62.191],[5.622,62.165],[5.75,62.089],[5.667,62.171],[5.906,62.191],[5.921,62.12],[5.845,62.02],[5.955,62.14],[6.051,62.068],[6.367,62.061],[6.089,62.109],[5.926,62.225],[6.064,62.205],[5.948,62.246],[6.028,62.306],[6.311,62.372],[6.55,62.171],[6.531,62.109],[6.581,62.16],[6.418,62.311],[6.4,62.387],[6.5,62.399],[6.565,62.356],[6.544,62.411],[6.709,62.452],[6.879,62.418],[6.874,62.356],[6.989,62.273],[7.005,62.194],[6.956,62.102],[7.188,62.102],[6.979,62.113],[7.037,62.184],[7.028,62.266],[7.311,62.282],[7.415,62.239],[7.293,62.298],[6.957,62.325],[6.914,62.37],[6.976,62.377],[6.757,62.465],[6.791,62.478],[6.398,62.425],[6.243,62.451],[6.454,62.502],[6.675,62.493],[6.476,62.513],[6.565,62.527],[6.533,62.537],[6.263,62.527],[6.249,62.575],[6.537,62.616],[6.613,62.561],[6.622,62.62],[6.756,62.655],[6.918,62.575],[6.887,62.644],[7.092,62.651],[7.038,62.623],[7.097,62.612],[7.127,62.534],[7.157,62.629],[7.542,62.504],[7.573,62.55],[7.778,62.575],[7.505,62.566],[7.418,62.633],[7.477,62.64],[7.52,62.585],[7.523,62.674],[7.836,62.732],[8.147,62.692],[8.045,62.76],[8.073,62.78],[7.36,62.698],[7.472,62.767],[7.681,62.794],[6.949,62.733],[7.01,62.815],[7.216,62.815],[6.88,62.911],[7.238,63.015],[7.501,62.911],[7.69,62.981],[7.78,62.973],[7.694,62.912],[7.939,62.977],[8.076,62.951],[8.154,62.815],[8.513,62.707],[8.545,62.657],[8.544,62.721],[8.184,62.848],[8.21,62.911],[8.147,62.951],[7.983,63.027],[7.877,63.01],[8.087,63.11],[8.16,63.026],[8.33,62.973],[8.329,62.881],[8.539,62.852],[8.451,62.896],[8.703,62.822],[8.416,62.959],[8.669,62.979],[8.522,62.989],[8.586,63.02],[8.554,63.023],[8.374,62.973],[8.32,63.0],[8.47,63.02],[8.239,63.025],[8.166,63.115],[8.22,63.134],[8.285,63.076],[8.32,63.11],[8.236,63.151],[8.641,63.11],[8.566,63.161],[8.943,63.212],[8.624,63.201],[8.476,63.294],[8.764,63.349],[8.639,63.392],[8.672,63.421],[8.881,63.398],[8.997,63.418],[8.967,63.433],[9.018,63.467],[9.149,63.376],[9.093,63.294],[9.435,63.38],[9.477,63.404],[9.218,63.372],[9.169,63.421],[9.481,63.487],[9.149,63.486],[9.368,63.563],[9.403,63.518],[9.495,63.577],[9.573,63.541],[9.491,63.589],[9.699,63.644],[9.806,63.514],[9.961,63.428],[9.833,63.329],[10.013,63.362],[10.242,63.326],[10.259,63.267],[10.266,63.332],[10.069,63.366],[10.041,63.406],[10.3,63.467],[10.798,63.417],[10.908,63.456],[10.759,63.517],[10.923,63.555],[10.857,63.569],[10.923,63.602],[10.656,63.555],[10.905,63.684],[11.458,63.79],[11.415,63.85],[11.112,63.85],[11.096,63.89],[11.498,64.021],[11.254,64.038],[11.362,64.117],[11.3,64.107],[11.175,64.007],[10.574,63.809],[10.9,63.895],[11.056,63.861],[11.074,63.836],[10.91,63.731],[9.98,63.493],[9.918,63.515],[9.902,63.589],[9.818,63.614],[9.799,63.692],[10.101,63.768],[9.544,63.666],[9.553,63.726],[9.778,63.768],[9.546,63.774],[9.874,63.863],[9.792,63.884],[10.197,63.938],[10.142,63.966],[9.943,63.918],[10.128,63.987],[9.936,63.959],[10.018,64.035],[10.014,64.119],[10.192,64.101],[10.218,64.124],[10.108,64.117],[10.197,64.158],[10.17,64.199],[10.375,64.185],[10.245,64.234],[10.491,64.295],[10.45,64.313],[10.471,64.357],[10.559,64.329],[10.505,64.37],[10.649,64.357],[10.483,64.424],[10.628,64.398],[10.605,64.452],[10.835,64.369],[10.797,64.432],[10.656,64.452],[10.841,64.466],[10.825,64.511],[10.957,64.487],[10.916,64.583],[10.971,64.603],[11.167,64.489],[11.163,64.446],[11.342,64.432],[11.247,64.326],[11.41,64.452],[11.656,64.48],[11.438,64.466],[11.54,64.521],[11.506,64.548],[11.78,64.597],[11.636,64.583],[11.611,64.629],[11.517,64.573],[11.396,64.707],[11.842,64.795],[11.643,64.823],[11.787,64.836],[11.649,64.843],[11.745,64.884],[12.064,64.96],[12.225,64.939],[11.912,64.949],[11.261,64.734],[11.43,64.816],[11.253,64.838],[11.697,64.912],[11.267,64.87],[11.423,64.925],[11.554,64.899],[11.595,64.925],[11.477,64.933],[11.82,64.981],[11.814,65.018],[11.979,65.069],[12.015,65.03],[12.054,65.066],[12.137,65.047],[12.194,64.995],[12.193,65.05],[12.636,65.131],[12.602,65.137],[12.931,65.312],[12.503,65.145],[12.369,65.152],[12.499,65.2],[12.355,65.227],[12.712,65.254],[12.436,65.273],[12.245,65.234],[12.499,65.371],[12.692,65.33],[12.547,65.364],[12.479,65.447],[12.712,65.371],[12.629,65.432],[12.78,65.46],[12.608,65.46],[12.657,65.481],[12.565,65.514],[12.616,65.529],[12.574,65.59],[12.514,65.512],[12.465,65.522],[12.534,65.583],[12.438,65.529],[12.396,65.552],[12.417,65.597],[12.355,65.604],[12.495,65.733],[12.636,65.686],[12.608,65.651],[12.787,65.638],[12.558,65.754],[12.645,65.808],[12.718,65.789],[12.694,65.836],[12.612,65.835],[12.682,65.927],[12.848,65.967],[13.176,65.856],[13.123,65.943],[12.924,65.994],[13.04,66.083],[12.67,66.063],[13.527,66.24],[13.577,66.219],[13.493,66.186],[13.582,66.186],[13.536,66.111],[13.64,66.157],[13.822,66.147],[13.61,66.186],[13.696,66.239],[13.808,66.234],[13.76,66.199],[13.986,66.241],[14.144,66.334],[13.907,66.268],[13.754,66.296],[13.62,66.241],[13.575,66.289],[13.04,66.18],[13.163,66.259],[13.534,66.309],[13.311,66.374],[13.338,66.328],[13.227,66.297],[13.037,66.32],[13.0,66.357],[13.141,66.386],[13.157,66.437],[13.103,66.454],[13.164,66.467],[12.972,66.522],[13.103,66.543],[13.209,66.514],[13.225,66.454],[13.362,66.456],[13.397,66.467],[13.267,66.467],[13.26,66.522],[13.489,66.55],[13.671,66.515],[13.459,66.564],[13.726,66.605],[13.239,66.548],[13.205,66.556],[13.25,66.614],[13.403,66.625],[13.191,66.667],[13.547,66.638],[13.225,66.714],[13.693,66.691],[13.89,66.735],[13.575,66.714],[13.559,66.753],[13.753,66.762],[13.507,66.782],[13.993,66.79],[13.688,66.835],[13.544,66.922],[13.973,66.995],[13.89,66.954],[13.959,66.927],[14.044,66.981],[14.014,67.023],[14.06,67.061],[14.152,66.972],[14.227,66.984],[14.272,67.06],[14.568,67.018],[14.581,67.058],[14.267,67.084],[14.363,67.16],[14.452,67.166],[14.423,67.109],[14.459,67.153],[14.75,67.124],[14.514,67.18],[14.604,67.204],[14.979,67.214],[14.891,67.153],[14.994,67.099],[14.932,67.153],[15.095,67.213],[15.383,67.157],[15.377,67.098],[15.501,67.07],[15.439,67.098],[15.48,67.153],[15.377,67.201],[15.74,67.173],[15.706,67.214],[15.287,67.206],[15.342,67.242],[15.063,67.248],[15.165,67.31],[14.775,67.27],[14.835,67.255],[14.674,67.217],[14.617,67.214],[14.699,67.276],[14.328,67.242],[14.623,67.421],[14.8,67.422],[14.825,67.378],[15.049,67.447],[14.727,67.489],[15.059,67.577],[15.159,67.536],[15.008,67.564],[15.055,67.516],[15.01,67.487],[14.829,67.475],[15.193,67.516],[15.213,67.489],[15.151,67.481],[15.138,67.42],[15.241,67.479],[15.429,67.483],[15.645,67.303],[15.604,67.28],[15.658,67.276],[15.7,67.303],[15.514,67.427],[15.583,67.461],[15.529,67.467],[15.898,67.557],[15.239,67.529],[15.276,67.594],[15.466,67.577],[15.407,67.631],[15.179,67.618],[15.337,67.687],[15.275,67.694],[15.301,67.72],[15.658,67.68],[15.405,67.735],[15.597,67.749],[15.837,67.694],[15.631,67.762],[15.693,67.796],[15.411,67.796],[15.433,67.861],[15.405,67.824],[15.369,67.865],[15.384,67.804],[15.182,67.715],[14.836,67.643],[14.727,67.659],[14.877,67.7],[14.793,67.729],[15.117,67.742],[14.994,67.769],[15.035,67.783],[14.829,67.762],[14.773,67.816],[15.103,67.851],[14.85,67.845],[14.999,67.895],[15.233,67.872],[15.199,67.831],[15.483,67.918],[15.543,67.917],[15.503,67.875],[15.533,67.852],[15.604,67.931],[15.752,67.952],[15.86,67.9],[15.969,68.009],[16.063,68.016],[15.85,68.037],[15.877,68.071],[15.789,68.034],[15.545,68.075],[15.384,68.023],[15.439,68.009],[15.398,67.995],[15.282,68.037],[15.463,68.124],[15.529,68.091],[15.644,68.169],[15.737,68.103],[15.617,68.091],[15.628,68.053],[15.844,68.096],[15.925,68.132],[15.871,68.187],[15.942,68.186],[15.98,68.25],[16.038,68.243],[16.042,68.162],[16.104,68.16],[16.042,68.03],[16.193,67.982],[16.237,67.884],[16.485,67.798],[16.515,67.804],[16.453,67.851],[16.269,67.889],[16.275,67.975],[16.207,68.003],[16.467,67.9],[16.467,67.94],[16.334,68.002],[16.542,67.961],[16.463,67.978],[16.501,68.016],[16.365,68.03],[16.389,68.059],[16.464,68.094],[16.689,68.071],[16.501,68.119],[16.289,68.091],[16.241,68.132],[16.473,68.153],[16.413,68.187],[16.59,68.167],[16.453,68.228],[16.172,68.204],[16.356,68.239],[16.103,68.283],[16.282,68.307],[16.803,68.132],[16.567,68.276],[16.22,68.351],[16.695,68.405],[16.87,68.373],[16.824,68.324],[17.127,68.373],[17.331,68.256],[17.334,68.167],[17.352,68.226],[17.42,68.236],[17.223,68.34],[17.248,68.406],[17.577,68.359],[17.365,68.413],[17.872,68.393],[17.468,68.448],[17.547,68.53],[17.047,68.434],[17.002,68.448],[17.092,68.481],[16.988,68.51],[16.849,68.449],[16.535,68.438],[16.465,68.51],[16.621,68.534],[16.563,68.592],[16.597,68.63],[16.961,68.705],[17.149,68.632],[17.187,68.639],[17.101,68.691],[17.25,68.724],[17.679,68.66],[17.234,68.756],[17.461,68.815],[17.783,68.749],[17.739,68.791],[17.468,68.831],[17.707,68.893],[17.851,68.873],[17.826,68.894],[17.721,68.934],[17.426,68.899],[17.534,68.961],[17.488,68.996],[17.679,69.092],[17.659,69.117],[18.152,69.154],[18.071,69.178],[18.105,69.229],[17.989,69.235],[18.016,69.304],[18.139,69.353],[18.18,69.408],[18.158,69.46],[18.301,69.487],[18.382,69.431],[18.365,69.392],[18.487,69.382],[18.502,69.235],[18.565,69.365],[18.692,69.263],[18.674,69.304],[18.735,69.324],[19.013,69.287],[18.455,69.454],[18.474,69.516],[18.853,69.552],[18.844,69.503],[19.014,69.397],[19.379,69.322],[19.178,69.253],[19.477,69.221],[19.509,69.229],[19.449,69.26],[19.43,69.342],[19.119,69.386],[18.993,69.483],[19.177,69.551],[19.263,69.523],[19.229,69.568],[19.016,69.534],[18.944,69.615],[19.098,69.736],[19.249,69.777],[19.784,69.804],[19.674,69.682],[19.727,69.642],[19.63,69.52],[19.65,69.46],[19.53,69.4],[19.688,69.445],[19.743,69.613],[20.113,69.585],[19.858,69.627],[19.824,69.712],[20.006,69.843],[19.969,69.763],[20.007,69.769],[20.168,69.942],[20.207,69.859],[20.208,69.932],[20.293,69.971],[20.425,69.877],[20.319,69.682],[20.383,69.599],[20.274,69.561],[20.278,69.485],[20.169,69.394],[20.0,69.348],[19.917,69.269],[20.277,69.392],[20.482,69.578],[20.853,69.496],[20.492,69.627],[20.542,69.705],[20.482,69.763],[20.785,69.802],[20.825,69.842],[20.792,69.88],[21.093,69.948],[20.894,69.853],[21.021,69.788],[21.051,69.798],[20.996,69.825],[21.17,69.876],[21.127,69.811],[21.179,69.819],[21.223,69.845],[21.209,69.907],[21.326,69.907],[21.209,69.935],[21.29,70.021],[21.558,69.989],[21.609,69.912],[22.052,69.75],[22.0,69.74],[22.098,69.75],[21.916,69.839],[22.018,69.845],[21.93,69.879],[21.914,69.945],[21.929,69.983],[22.024,69.986],[22.052,69.938],[22.052,70.017],[22.114,70.03],[21.798,70.037],[22.005,70.061],[22.099,70.12],[21.719,70.061],[21.482,70.099],[21.437,70.15],[21.497,70.175],[21.209,70.208],[21.439,70.269],[21.49,70.208],[21.553,70.321],[21.874,70.147],[21.86,70.202],[21.895,70.208],[21.806,70.257],[21.987,70.323],[22.032,70.318],[21.984,70.284],[22.105,70.304],[22.117,70.233],[22.141,70.284],[22.306,70.287],[22.258,70.23],[22.292,70.168],[22.237,70.14],[22.275,70.135],[22.559,70.127],[22.326,70.168],[22.401,70.258],[22.967,70.207],[22.837,70.12],[22.285,70.044],[23.019,70.147],[23.02,70.038],[23.128,70.034],[23.149,69.976],[23.094,69.955],[23.314,69.997],[23.33,69.948],[23.539,70.024],[23.176,70.092],[23.379,70.123],[23.299,70.168],[23.422,70.195],[23.244,70.216],[23.532,70.244],[23.313,70.257],[23.614,70.305],[23.464,70.318],[23.513,70.366],[23.918,70.509],[24.35,70.456],[24.103,70.541],[24.352,70.691],[24.723,70.621],[24.656,70.709],[24.245,70.784],[24.269,70.838],[24.396,70.867],[24.635,70.78],[24.613,70.859],[24.725,70.873],[24.574,70.935],[24.666,70.978],[24.86,70.928],[24.82,70.908],[24.985,70.914],[24.971,70.963],[25.033,70.971],[25.053,70.928],[24.916,70.873],[25.067,70.853],[25.154,70.92],[25.242,70.862],[25.246,70.791],[25.342,70.812],[25.392,70.884],[25.365,70.976],[25.536,70.923],[25.442,70.841],[25.663,70.895],[25.926,70.864],[25.074,70.503],[25.246,70.528],[25.287,70.511],[25.06,70.49],[25.287,70.456],[25.257,70.386],[25.081,70.359],[25.201,70.307],[24.98,70.229],[24.943,70.102],[25.004,70.064],[25.037,70.064],[25.012,70.134],[25.095,70.154],[25.074,70.127],[25.136,70.127],[25.081,70.106],[25.114,70.082],[25.253,70.101],[25.54,70.298],[25.441,70.342],[25.991,70.607],[26.071,70.712],[26.614,70.949],[26.725,70.928],[26.664,70.849],[26.746,70.832],[26.691,70.736],[26.342,70.648],[26.657,70.641],[26.506,70.363],[26.65,70.38],[26.634,70.413],[26.812,70.48],[27.102,70.47],[26.973,70.565],[27.081,70.613],[27.267,70.585],[27.1,70.641],[27.157,70.681],[27.081,70.703],[27.111,70.729],[27.329,70.743],[27.28,70.775],[27.324,70.824],[27.63,70.805],[27.48,70.825],[27.534,70.846],[27.391,70.876],[27.41,70.914],[27.191,70.895],[27.134,70.95],[27.349,70.942],[27.232,70.997],[27.253,71.026],[27.476,71.007],[27.554,70.955],[27.583,71.017],[27.525,71.074],[27.65,71.127],[27.722,71.06],[28.081,71.041],[28.191,71.086],[28.261,71.056],[28.205,70.983],[28.549,70.973],[28.483,70.889],[28.369,70.887],[28.445,70.866],[28.363,70.825],[28.225,70.832],[28.301,70.812],[28.266,70.795],[27.76,70.791],[27.828,70.771],[27.774,70.744],[28.131,70.736],[27.65,70.606],[28.301,70.703],[28.233,70.615],[27.849,70.483],[27.884,70.428],[27.945,70.489],[28.185,70.503],[28.041,70.445],[28.127,70.442],[28.335,70.518],[28.161,70.383],[28.167,70.135],[28.014,70.071],[28.184,70.116],[28.225,70.174],[28.191,70.284],[28.233,70.399],[28.39,70.493],[28.507,70.449],[28.555,70.511],[28.402,70.559],[28.517,70.678],[28.62,70.678],[28.526,70.722],[28.555,70.75],[28.795,70.873],[29.083,70.881],[29.405,70.784],[29.295,70.744],[29.418,70.736],[29.322,70.723],[29.364,70.709],[29.281,70.681],[29.306,70.653],[29.7,70.744],[29.782,70.689],[29.679,70.62],[30.105,70.711],[30.207,70.681],[30.097,70.648],[30.347,70.596],[30.125,70.552],[30.165,70.531],[30.001,70.538],[30.582,70.542],[30.562,70.518],[30.787,70.421],[30.947,70.45],[31.063,70.367],[31.022,70.325],[31.077,70.284],[30.549,70.249],[30.375,70.186],[30.355,70.13],[30.119,70.085],[30.159,70.071],[28.617,70.177],[28.754,70.168],[28.629,70.107],[28.85,70.099],[28.733,70.086],[29.686,69.97],[29.364,69.86],[29.535,69.914],[29.741,69.907],[29.775,69.839],[29.487,69.661],[29.68,69.735],[30.03,69.776],[30.063,69.77],[29.939,69.688],[30.071,69.74],[30.186,69.688],[30.111,69.756],[30.207,69.77],[30.159,69.811],[30.165,69.88],[30.289,69.887],[30.324,69.867],[30.269,69.845],[30.403,69.831],[30.41,69.702],[30.337,69.674],[30.444,69.678],[30.483,69.818],[30.699,69.809],[30.717,69.77],[30.841,69.806],[30.928,69.672],[30.898,69.544],[30.755,69.521],[30.119,69.635],[30.232,69.558],[30.123,69.442],[29.948,69.366],[29.377,69.302],[29.221,69.098],[29.065,69.035],[28.954,69.027],[28.827,69.107],[28.865,69.217],[29.345,69.464],[29.131,69.674],[28.405,69.802],[28.381,69.856],[28.167,69.894],[27.867,70.075],[27.613,70.062],[27.312,69.929],[27.1,69.902],[26.501,69.918],[26.198,69.715],[25.969,69.663],[26.004,69.587],[25.887,69.521],[25.841,69.418],[25.877,69.371],[25.737,69.218],[25.796,68.993],[25.628,68.874],[25.434,68.884],[25.201,68.813],[25.132,68.648],[24.905,68.557],[24.663,68.666],[23.929,68.816],[23.787,68.8],[23.735,68.715],[23.198,68.618],[23.071,68.681],[22.409,68.713],[22.371,68.823],[21.639,69.271],[21.314,69.291],[21.098,69.239],[21.034,69.181],[21.156,69.088],[21.072,69.037],[20.717,69.099],[20.623,69.036]]],[[[14.872,68.223],[14.796,68.246],[14.94,68.302],[14.897,68.244],[14.872,68.223]]],[[[14.199,68.315],[14.268,68.283],[14.201,68.249],[14.04,68.313],[14.169,68.322],[14.199,68.315]]],[[[14.028,68.263],[14.159,68.255],[14.034,68.181],[13.774,68.16],[13.846,68.121],[13.723,68.123],[13.699,68.07],[13.595,68.121],[13.527,68.043],[13.457,68.071],[13.589,68.16],[13.479,68.132],[13.528,68.173],[13.479,68.187],[13.616,68.227],[13.5,68.242],[13.637,68.294],[13.791,68.268],[13.983,68.337],[13.993,68.258],[14.028,68.263]]],[[[14.763,68.495],[14.604,68.559],[15.0,68.555],[14.892,68.495],[14.763,68.495]]],[[[5.277,59.299],[5.318,59.257],[5.297,59.169],[5.209,59.143],[5.166,59.196],[5.165,59.273],[5.228,59.286],[5.174,59.334],[5.186,59.415],[5.279,59.31],[5.277,59.299]]],[[[5.307,59.759],[5.345,59.71],[5.291,59.684],[5.289,59.75],[5.194,59.745],[5.154,59.67],[5.209,59.683],[5.202,59.615],[5.153,59.592],[5.117,59.686],[5.188,59.759],[5.071,59.783],[5.146,59.827],[5.105,59.868],[5.154,59.875],[5.293,59.764],[5.307,59.759]]],[[[5.489,59.861],[5.498,59.803],[5.39,59.759],[5.358,59.772],[5.402,59.787],[5.314,59.789],[5.25,59.909],[5.314,59.978],[5.468,59.882],[5.489,59.861]]],[[[5.619,60.074],[5.66,60.066],[5.605,59.962],[5.64,59.916],[5.508,59.899],[5.477,59.963],[5.362,59.995],[5.611,60.073],[5.619,60.074]]],[[[5.112,60.201],[4.948,60.259],[4.941,60.291],[5.037,60.313],[4.971,60.333],[4.949,60.439],[5.094,60.32],[5.05,60.286],[5.111,60.215],[5.112,60.201]]],[[[4.978,60.524],[4.961,60.56],[5.15,60.501],[5.204,60.432],[5.125,60.402],[5.133,60.444],[4.991,60.506],[4.978,60.524]]],[[[5.688,60.677],[5.681,60.482],[5.609,60.444],[5.502,60.437],[5.324,60.547],[5.666,60.689],[5.688,60.677]]],[[[4.961,61.177],[4.985,61.105],[4.894,61.056],[4.858,61.101],[4.803,61.047],[4.795,61.154],[4.863,61.122],[4.845,61.197],[4.895,61.137],[4.953,61.185],[4.961,61.177]]],[[[4.865,61.889],[5.223,61.848],[4.916,61.781],[4.871,61.813],[4.927,61.828],[4.803,61.842],[4.865,61.873],[4.865,61.889]]],[[[5.736,62.28],[5.801,62.277],[5.791,62.215],[5.547,62.193],[5.502,62.226],[5.606,62.226],[5.518,62.243],[5.563,62.291],[5.727,62.282],[5.736,62.28]]],[[[5.989,62.396],[6.079,62.342],[5.811,62.246],[5.852,62.28],[5.816,62.386],[5.967,62.417],[5.989,62.396]]],[[[6.263,62.424],[6.333,62.411],[6.023,62.437],[6.217,62.441],[6.263,62.424]]],[[[6.853,62.746],[6.914,62.698],[6.647,62.678],[6.685,62.73],[6.744,62.723],[6.853,62.746]]],[[[6.832,62.842],[6.942,62.826],[6.887,62.775],[6.77,62.817],[6.806,62.854],[6.832,62.842]]],[[[7.778,63.082],[7.915,63.082],[7.778,63.02],[7.681,63.055],[7.733,63.096],[7.778,63.082]]],[[[7.64,63.055],[7.706,63.007],[7.527,62.946],[7.367,62.997],[7.436,63.02],[7.401,63.061],[7.565,63.02],[7.585,63.117],[7.648,63.11],[7.65,63.069],[7.64,63.055]]],[[[8.113,63.239],[8.188,63.157],[8.02,63.138],[7.928,63.178],[8.078,63.241],[8.113,63.239]]],[[[8.484,63.247],[8.566,63.178],[8.374,63.165],[8.264,63.233],[8.288,63.277],[8.396,63.227],[8.41,63.283],[8.459,63.273],[8.484,63.247]]],[[[7.915,63.342],[7.997,63.342],[7.778,63.411],[8.071,63.473],[8.182,63.39],[8.087,63.329],[7.933,63.335],[7.915,63.342]]],[[[9.139,63.568],[9.176,63.562],[8.504,63.434],[8.278,63.467],[8.413,63.558],[8.723,63.568],[8.545,63.602],[8.788,63.64],[8.965,63.656],[8.988,63.593],[9.127,63.569],[9.139,63.568]]],[[[8.36,63.671],[8.272,63.685],[8.805,63.815],[8.826,63.734],[8.743,63.688],[8.414,63.683],[8.36,63.671]]],[[[11.286,64.559],[11.451,64.515],[11.417,64.473],[11.18,64.507],[11.129,64.556],[11.225,64.57],[11.192,64.596],[11.037,64.614],[11.086,64.652],[11.269,64.592],[11.286,64.559]]],[[[11.091,64.902],[10.827,64.85],[11.101,64.953],[11.266,64.894],[11.046,64.85],[11.092,64.89],[11.091,64.902]]],[[[10.841,64.877],[10.711,64.864],[10.784,64.924],[11.115,64.973],[10.899,64.908],[10.841,64.877]]],[[[12.225,65.124],[12.309,65.111],[12.157,65.055],[11.979,65.083],[12.122,65.131],[12.095,65.178],[12.167,65.211],[12.259,65.148],[12.225,65.124]]],[[[12.451,65.426],[12.507,65.398],[12.211,65.325],[12.248,65.28],[12.053,65.22],[12.122,65.357],[12.211,65.378],[12.161,65.396],[12.328,65.467],[12.197,65.474],[12.259,65.575],[12.447,65.438],[12.451,65.426]]],[[[12.005,65.69],[11.917,65.59],[11.759,65.618],[11.824,65.693],[11.998,65.7],[12.005,65.69]]],[[[12.698,65.998],[12.904,66.015],[12.466,65.873],[12.369,65.892],[12.491,65.991],[12.627,66.023],[12.615,65.974],[12.68,65.989],[12.698,65.998]]],[[[12.574,66.076],[12.294,66.015],[12.43,66.087],[12.342,66.083],[12.574,66.159],[12.431,66.166],[12.551,66.22],[12.612,66.157],[12.547,66.131],[12.657,66.104],[12.59,66.085],[12.574,66.076]]],[[[14.274,67.166],[14.192,67.084],[14.192,67.004],[13.993,67.078],[14.067,67.135],[14.172,67.111],[14.247,67.174],[14.274,67.166]]],[[[13.055,68.098],[13.157,68.085],[13.05,68.025],[13.111,68.028],[13.124,67.944],[12.977,67.969],[12.96,67.941],[13.047,67.915],[13.014,67.879],[12.787,67.81],[13.06,68.095],[13.055,68.098]]],[[[13.281,68.129],[13.438,68.126],[13.366,68.013],[13.173,68.009],[13.239,68.092],[13.328,68.063],[13.294,68.118],[13.281,68.129]]],[[[15.0,68.365],[14.736,68.255],[14.775,68.318],[14.719,68.338],[14.615,68.225],[14.198,68.153],[14.198,68.201],[14.356,68.242],[14.253,68.25],[14.328,68.263],[14.303,68.312],[14.496,68.306],[14.384,68.373],[14.59,68.365],[14.542,68.406],[14.653,68.429],[14.708,68.378],[14.761,68.434],[14.822,68.41],[14.784,68.354],[14.897,68.434],[15.172,68.454],[15.002,68.368],[15.0,68.365]]],[[[16.423,68.492],[16.467,68.469],[16.372,68.448],[16.399,68.413],[16.095,68.398],[16.172,68.428],[16.118,68.434],[16.192,68.515],[16.344,68.537],[16.419,68.5],[16.423,68.492]]],[[[17.053,68.818],[17.146,68.77],[16.817,68.736],[17.027,68.847],[17.053,68.818]]],[[[17.206,68.893],[17.32,68.918],[17.44,68.866],[17.224,68.793],[17.084,68.914],[17.282,68.858],[17.22,68.882],[17.206,68.893]]],[[[16.529,68.722],[16.577,68.708],[16.498,68.554],[16.106,68.539],[15.941,68.38],[15.876,68.369],[15.871,68.495],[15.849,68.435],[15.774,68.431],[15.816,68.393],[15.748,68.425],[15.624,68.3],[15.323,68.351],[15.611,68.475],[15.554,68.511],[15.439,68.418],[14.987,68.269],[15.193,68.435],[15.357,68.461],[15.241,68.475],[15.337,68.489],[15.179,68.523],[15.217,68.557],[15.452,68.557],[15.392,68.605],[15.439,68.62],[15.631,68.612],[15.498,68.642],[15.439,68.708],[15.605,68.736],[15.714,68.701],[15.456,68.769],[15.452,68.811],[15.638,68.825],[15.549,68.852],[15.624,68.886],[15.596,68.907],[15.645,68.955],[15.907,68.959],[15.924,68.886],[15.871,68.79],[15.761,68.736],[15.956,68.792],[15.99,68.763],[15.933,68.684],[15.774,68.633],[15.74,68.53],[15.859,68.634],[16.005,68.678],[16.083,68.639],[16.033,68.711],[16.213,68.736],[16.097,68.831],[16.284,68.84],[16.255,68.903],[16.456,68.815],[16.556,68.825],[16.494,68.79],[16.547,68.783],[16.534,68.741],[16.529,68.722]]],[[[16.566,68.968],[16.587,68.897],[16.476,68.886],[16.262,68.968],[16.521,68.962],[16.566,68.968]]],[[[14.397,68.66],[14.381,68.698],[14.542,68.736],[14.438,68.756],[14.488,68.795],[14.548,68.804],[14.624,68.736],[14.59,68.749],[14.644,68.79],[14.628,68.83],[14.686,68.825],[14.687,68.757],[14.844,68.796],[14.907,68.76],[14.953,68.818],[14.904,68.845],[14.953,68.866],[15.006,68.794],[15.05,68.853],[15.159,68.818],[15.009,68.963],[15.084,69.011],[15.241,68.914],[15.185,68.886],[15.295,68.907],[15.241,68.825],[15.384,68.852],[15.275,68.797],[15.394,68.731],[15.375,68.67],[15.063,68.579],[14.806,68.616],[15.165,68.701],[15.151,68.756],[15.026,68.771],[14.994,68.763],[15.069,68.749],[15.02,68.712],[14.828,68.673],[14.815,68.715],[14.75,68.667],[14.679,68.708],[14.623,68.629],[14.521,68.609],[14.417,68.62],[14.408,68.662],[14.397,68.66]]],[[[15.529,68.914],[15.431,68.884],[15.425,68.962],[15.57,69.106],[15.791,69.161],[15.865,69.249],[15.975,69.287],[16.15,69.291],[16.061,69.145],[15.76,69.006],[15.529,69.009],[15.563,68.951],[15.529,68.914]]],[[[18.071,69.438],[18.091,69.358],[17.923,69.332],[17.967,69.263],[17.879,69.249],[17.988,69.187],[17.488,69.154],[17.53,69.201],[17.472,69.2],[17.188,69.083],[17.159,69.05],[17.214,69.044],[17.129,69.012],[17.042,69.017],[17.138,69.072],[17.11,69.085],[16.823,69.054],[16.773,69.088],[17.056,69.133],[17.172,69.201],[16.899,69.195],[16.879,69.222],[17.146,69.256],[16.906,69.298],[17.132,69.311],[17.042,69.345],[17.085,69.362],[16.879,69.359],[16.927,69.394],[17.399,69.366],[17.282,69.414],[17.496,69.428],[17.243,69.455],[17.187,69.503],[17.392,69.482],[17.303,69.523],[17.343,69.538],[17.645,69.462],[17.475,69.553],[17.468,69.6],[17.658,69.508],[17.694,69.52],[17.659,69.6],[17.753,69.541],[17.859,69.587],[17.893,69.537],[17.831,69.448],[17.944,69.523],[18.051,69.496],[17.941,69.428],[18.049,69.443],[18.071,69.438]]],[[[18.999,69.829],[19.057,69.763],[18.794,69.676],[18.769,69.647],[18.836,69.604],[18.769,69.572],[18.194,69.531],[17.995,69.592],[18.029,69.633],[18.29,69.592],[18.4,69.641],[18.291,69.639],[18.214,69.714],[18.633,69.702],[18.352,69.73],[18.327,69.765],[18.382,69.798],[18.502,69.75],[18.653,69.804],[18.663,69.713],[18.762,69.688],[18.79,69.784],[18.674,69.847],[18.679,69.886],[18.986,69.834],[18.999,69.829]]],[[[21.668,69.948],[21.736,69.948],[21.672,69.94],[21.668,69.948]]],[[[19.9,70.017],[19.996,70.017],[19.908,70.014],[19.9,70.017]]],[[[20.959,70.003],[21.099,70.01],[20.892,69.938],[20.761,70.0],[20.824,70.043],[20.935,70.009],[20.959,70.003]]],[[[21.041,70.061],[20.955,70.024],[21.021,70.064],[21.041,70.061]]],[[[19.619,70.017],[19.683,69.986],[19.54,69.952],[19.375,69.823],[19.122,69.788],[18.729,69.948],[18.884,69.945],[18.934,69.97],[18.845,70.015],[19.074,70.016],[19.119,70.03],[19.064,70.079],[19.208,70.099],[19.325,70.079],[19.292,70.031],[19.393,69.992],[19.536,70.057],[19.607,70.009],[19.619,70.017]]],[[[20.792,70.092],[20.603,70.044],[20.592,70.106],[20.507,70.058],[20.39,70.103],[20.438,70.187],[20.734,70.237],[20.824,70.21],[20.789,70.094],[20.792,70.092]]],[[[19.982,70.147],[20.154,70.113],[19.978,70.06],[19.776,70.067],[19.692,70.189],[19.537,70.25],[19.678,70.29],[19.816,70.17],[19.873,70.216],[19.958,70.155],[19.982,70.147]]],[[[22.922,70.305],[23.016,70.254],[22.445,70.291],[22.374,70.332],[22.421,70.362],[22.505,70.325],[22.474,70.38],[22.675,70.399],[22.714,70.337],[22.756,70.395],[22.929,70.313],[22.922,70.305]]],[[[23.656,70.503],[23.593,70.415],[23.216,70.283],[23.082,70.302],[23.135,70.415],[23.039,70.341],[22.854,70.408],[22.94,70.407],[22.897,70.451],[23.019,70.497],[23.223,70.518],[23.176,70.548],[23.262,70.536],[23.279,70.477],[23.308,70.55],[23.539,70.545],[23.391,70.618],[23.573,70.613],[23.58,70.531],[23.634,70.51],[23.656,70.503]]],[[[24.067,70.661],[24.128,70.62],[24.102,70.589],[23.804,70.513],[23.642,70.6],[23.69,70.668],[23.636,70.692],[23.709,70.749],[23.816,70.751],[23.832,70.703],[24.06,70.67],[24.067,70.661]]],[[[22.422,70.511],[22.309,70.503],[22.286,70.542],[22.154,70.472],[22.237,70.579],[22.333,70.613],[22.041,70.594],[22.011,70.6],[22.072,70.634],[21.95,70.648],[22.222,70.632],[22.266,70.675],[22.415,70.626],[22.385,70.709],[22.493,70.676],[22.541,70.717],[22.652,70.688],[22.595,70.653],[22.689,70.661],[22.725,70.604],[22.748,70.647],[22.826,70.648],[22.723,70.748],[22.924,70.725],[22.895,70.695],[22.969,70.661],[23.025,70.723],[23.182,70.736],[23.03,70.791],[23.101,70.799],[23.066,70.812],[23.329,70.779],[23.343,70.866],[23.484,70.799],[23.388,70.784],[23.457,70.771],[23.333,70.75],[23.272,70.681],[23.159,70.694],[23.152,70.632],[23.059,70.626],[23.114,70.613],[23.089,70.586],[22.881,70.579],[22.936,70.559],[22.789,70.524],[22.644,70.564],[22.566,70.503],[22.43,70.506],[22.422,70.511]]],[[[24.073,70.963],[24.245,70.956],[24.043,70.914],[23.909,70.956],[24.039,70.976],[23.886,70.996],[23.96,71.029],[24.225,70.997],[24.087,70.969],[24.073,70.963]]],[[[26.136,71.038],[26.218,71.032],[26.073,70.975],[25.731,70.975],[25.753,70.942],[25.553,70.928],[25.416,70.983],[25.561,71.017],[25.292,71.028],[25.348,71.066],[25.314,71.072],[25.472,71.103],[25.719,71.052],[25.553,71.141],[25.667,71.165],[25.807,71.154],[25.806,71.096],[26.03,71.117],[25.89,71.052],[25.964,71.038],[25.956,71.002],[26.116,71.033],[26.136,71.038]]],[[[12.875,66.286],[12.825,66.216],[12.7,66.243],[12.794,66.311],[12.873,66.288],[12.875,66.286]]],[[[12.941,66.46],[12.899,66.355],[12.801,66.385],[12.85,66.41],[12.817,66.443],[12.929,66.458],[12.941,66.46]]],[[[15.296,67.945],[15.163,67.911],[14.961,67.942],[15.106,68.001],[15.28,67.943],[15.296,67.945]]],[[[15.93,68.008],[15.482,68.003],[15.919,68.014],[15.93,68.008]]],[[[15.166,67.987],[15.23,68.037],[15.287,67.977],[15.173,67.975],[15.166,67.987]]],[[[14.997,68.902],[14.84,68.892],[14.873,68.929],[14.983,68.918],[14.997,68.902]]],[[[20.703,69.889],[20.707,69.817],[20.527,69.821],[20.563,69.896],[20.713,69.893],[20.703,69.889]]],[[[30.021,69.832],[30.107,69.829],[29.713,69.763],[29.83,69.839],[29.842,69.909],[29.994,69.894],[30.023,69.837],[30.021,69.832]]],[[[19.813,70.003],[19.856,69.973],[19.721,69.865],[19.434,69.841],[19.533,69.919],[19.8,70.004],[19.813,70.003]]],[[[18.667,70.028],[18.721,70.116],[18.806,70.059],[18.89,70.106],[18.976,70.074],[18.702,69.985],[18.69,70.026],[18.667,70.028]]],[[[20.894,70.08],[20.826,70.073],[20.793,70.119],[20.832,70.151],[20.915,70.096],[20.894,70.08]]],[[[19.539,70.094],[19.335,70.128],[19.408,70.162],[19.55,70.095],[19.539,70.094]]],[[[19.242,70.201],[19.174,70.115],[18.996,70.152],[19.099,70.158],[19.138,70.202],[19.091,70.238],[19.197,70.257],[19.228,70.212],[19.242,70.201]]],[[[21.738,70.378],[21.794,70.323],[21.703,70.262],[21.685,70.364],[21.73,70.383],[21.738,70.378]]],[[[-7.963,71.175],[-7.939,71.136],[-8.009,71.105],[-8.006,71.033],[-8.62,70.958],[-8.987,70.811],[-9.08,70.812],[-9.117,70.875],[-8.517,71.014],[-8.326,71.148],[-7.984,71.18],[-7.963,71.175]]],[[[19.16,74.526],[19.297,74.481],[19.283,74.444],[19.195,74.369],[19.074,74.347],[18.79,74.478],[19.115,74.527],[19.16,74.526]]],[[[25.478,76.712],[25.581,76.698],[25.047,76.498],[25.018,76.44],[24.943,76.445],[25.462,76.707],[25.478,76.712]]],[[[24.425,77.826],[24.247,77.758],[23.893,77.508],[23.354,77.377],[23.235,77.264],[22.704,77.237],[22.402,77.284],[22.505,77.336],[22.422,77.431],[22.778,77.555],[22.579,77.513],[22.606,77.548],[22.447,77.578],[22.192,77.504],[21.093,77.439],[20.865,77.456],[20.93,77.502],[20.832,77.541],[21.216,77.61],[21.261,77.733],[21.558,77.857],[21.556,77.907],[21.662,77.918],[20.877,78.099],[21.697,78.211],[22.396,78.2],[22.966,78.256],[23.47,78.158],[23.105,78.088],[23.055,78.037],[23.12,77.986],[23.628,77.87],[23.942,77.852],[24.305,77.912],[24.407,77.865],[24.425,77.826]]],[[[21.024,78.219],[20.647,78.194],[20.792,78.274],[20.469,78.315],[20.675,78.347],[20.661,78.391],[20.154,78.475],[21.02,78.545],[21.178,78.623],[21.423,78.614],[21.499,78.568],[22.065,78.597],[22.235,78.488],[22.196,78.439],[22.271,78.268],[21.016,78.21],[21.024,78.219]]],[[[27.021,78.699],[26.738,78.626],[26.466,78.709],[26.396,78.775],[26.615,78.809],[26.834,78.711],[27.021,78.699]]],[[[12.143,78.237],[12.14,78.199],[11.892,78.234],[11.814,78.274],[11.848,78.308],[11.344,78.449],[11.122,78.439],[10.807,78.686],[10.549,78.771],[10.567,78.843],[10.484,78.891],[11.0,78.834],[10.991,78.796],[11.184,78.734],[11.06,78.693],[11.273,78.61],[11.298,78.564],[11.259,78.528],[11.447,78.548],[11.569,78.484],[11.872,78.448],[11.889,78.395],[12.133,78.252],[12.143,78.237]]],[[[29.439,78.905],[29.707,78.898],[29.335,78.85],[28.87,78.912],[28.103,78.822],[27.842,78.843],[28.364,78.921],[28.419,78.967],[28.789,78.964],[29.065,78.904],[29.439,78.905]]],[[[30.07,79.008],[30.337,78.994],[30.092,78.982],[30.07,79.008]]],[[[20.099,79.124],[20.468,79.126],[20.832,79.055],[20.358,78.995],[20.044,79.041],[20.135,79.061],[20.109,79.121],[20.099,79.124]]],[[[20.058,79.377],[20.178,79.353],[19.702,79.337],[19.626,79.392],[19.866,79.392],[20.058,79.377]]],[[[11.032,79.707],[11.006,79.686],[11.074,79.666],[10.822,79.651],[10.738,79.686],[10.848,79.693],[10.711,79.721],[10.993,79.708],[11.032,79.707]]],[[[10.717,79.742],[10.646,79.761],[10.869,79.779],[10.984,79.731],[10.717,79.742]]],[[[20.209,78.638],[19.763,78.624],[19.583,78.581],[19.681,78.515],[18.962,78.452],[19.066,78.378],[18.954,78.282],[19.085,78.23],[18.921,78.179],[19.098,78.103],[18.811,78.028],[18.583,78.055],[18.406,78.021],[18.502,77.98],[18.33,77.905],[18.436,77.857],[18.455,77.774],[18.283,77.582],[18.3,77.52],[17.747,77.499],[17.625,77.446],[17.652,77.415],[17.488,77.322],[17.5,77.255],[17.424,77.194],[17.447,77.151],[17.337,77.047],[17.097,77.055],[17.324,76.979],[16.919,76.794],[17.136,76.751],[17.192,76.697],[16.81,76.567],[16.431,76.622],[16.344,76.572],[16.296,76.596],[16.337,76.657],[16.284,76.708],[15.501,76.877],[15.774,76.952],[16.188,76.975],[16.241,76.933],[16.529,77.0],[16.258,76.993],[16.091,77.027],[16.029,77.085],[15.858,77.069],[15.887,77.016],[15.346,77.009],[15.153,77.048],[15.04,77.135],[14.448,77.181],[14.311,77.244],[14.322,77.281],[14.158,77.294],[14.164,77.349],[13.974,77.41],[13.959,77.453],[14.055,77.453],[13.911,77.534],[14.44,77.586],[14.596,77.534],[14.548,77.492],[14.711,77.494],[14.774,77.549],[15.042,77.567],[15.853,77.532],[16.221,77.441],[16.193,77.466],[16.31,77.466],[15.846,77.579],[14.884,77.617],[14.74,77.664],[16.333,77.798],[17.125,77.781],[16.789,77.877],[17.008,77.939],[16.683,77.866],[15.785,77.835],[15.555,77.88],[15.09,77.791],[14.176,77.784],[13.957,77.72],[13.737,77.75],[13.822,77.801],[13.651,77.85],[13.631,77.96],[13.671,77.994],[13.589,78.056],[13.958,78.096],[14.33,77.964],[14.346,78.02],[14.233,78.093],[15.035,78.117],[14.994,78.137],[15.417,78.239],[15.694,78.215],[15.73,78.234],[15.59,78.289],[15.795,78.343],[16.937,78.352],[17.296,78.433],[16.851,78.385],[16.33,78.452],[16.827,78.648],[16.554,78.719],[16.366,78.652],[16.318,78.568],[16.002,78.483],[15.439,78.458],[15.193,78.59],[15.465,78.655],[15.499,78.726],[15.425,78.788],[15.487,78.809],[15.382,78.851],[15.199,78.74],[15.261,78.665],[15.058,78.647],[14.983,78.597],[14.801,78.644],[14.85,78.686],[14.815,78.734],[14.446,78.678],[14.542,78.658],[14.542,78.587],[14.59,78.555],[14.384,78.501],[14.641,78.453],[14.734,78.391],[14.286,78.387],[14.246,78.364],[14.322,78.308],[14.076,78.243],[14.04,78.247],[14.097,78.289],[13.966,78.282],[13.945,78.227],[13.746,78.268],[13.856,78.213],[13.01,78.204],[12.911,78.247],[12.952,78.295],[12.857,78.323],[12.904,78.323],[12.886,78.348],[12.658,78.377],[12.363,78.487],[13.198,78.542],[12.43,78.544],[12.347,78.596],[11.904,78.638],[11.843,78.703],[11.643,78.747],[11.781,78.826],[11.937,78.822],[11.902,78.844],[11.564,78.887],[11.334,78.973],[12.507,78.912],[12.424,78.997],[12.065,78.974],[11.979,78.987],[12.109,79.001],[11.684,79.069],[11.883,79.131],[11.849,79.145],[11.951,79.2],[12.136,79.213],[12.06,79.241],[12.115,79.302],[11.835,79.296],[11.917,79.241],[11.853,79.226],[11.691,79.322],[11.595,79.31],[11.553,79.282],[11.723,79.188],[11.228,79.101],[11.141,79.237],[10.841,79.371],[10.916,79.385],[10.855,79.411],[10.916,79.439],[10.9,79.471],[10.677,79.542],[11.184,79.563],[10.855,79.597],[11.014,79.65],[11.458,79.632],[11.214,79.708],[11.239,79.761],[11.19,79.775],[11.227,79.788],[11.524,79.767],[11.56,79.789],[11.526,79.809],[11.822,79.845],[12.047,79.693],[12.297,79.665],[12.35,79.717],[12.204,79.755],[12.163,79.809],[12.391,79.834],[12.534,79.789],[12.493,79.755],[12.537,79.746],[13.797,79.882],[13.95,79.837],[13.973,79.775],[13.738,79.706],[13.014,79.693],[12.451,79.569],[13.452,79.592],[13.493,79.569],[13.267,79.522],[13.26,79.474],[13.457,79.44],[13.487,79.453],[13.438,79.481],[13.617,79.481],[13.918,79.364],[13.899,79.294],[14.042,79.266],[14.158,79.343],[14.014,79.405],[14.048,79.426],[13.883,79.542],[14.281,79.617],[14.144,79.632],[14.549,79.811],[14.858,79.774],[15.295,79.604],[15.295,79.536],[15.497,79.33],[15.773,79.242],[15.658,79.151],[15.682,79.112],[15.882,79.161],[16.119,79.068],[16.152,78.991],[16.435,78.911],[16.491,78.931],[16.193,79.138],[16.151,79.234],[15.959,79.31],[15.853,79.529],[15.918,79.563],[15.833,79.58],[15.645,79.768],[15.652,79.85],[15.716,79.877],[16.138,79.871],[15.956,79.945],[16.056,79.995],[16.022,80.015],[16.295,80.067],[16.556,80.043],[16.712,79.955],[16.706,79.912],[16.82,79.876],[16.886,79.874],[16.913,79.893],[16.87,79.933],[16.965,79.963],[17.27,79.946],[18.098,79.727],[17.736,79.567],[17.591,79.549],[17.749,79.549],[17.783,79.494],[17.776,79.426],[17.632,79.392],[17.653,79.369],[17.881,79.401],[18.003,79.456],[18.106,79.588],[18.347,79.63],[18.727,79.544],[18.882,79.441],[18.859,79.409],[18.913,79.392],[18.838,79.357],[18.879,79.316],[18.592,79.261],[18.845,79.254],[18.948,79.22],[18.915,79.181],[18.945,79.157],[19.786,79.165],[19.838,79.151],[19.796,79.128],[19.829,79.095],[19.934,79.059],[19.906,79.014],[21.545,78.834],[21.508,78.794],[21.552,78.775],[21.378,78.711],[21.362,78.655],[21.099,78.64],[20.691,78.694],[20.578,78.631],[20.22,78.646],[20.209,78.638]]],[[[33.099,80.228],[33.64,80.221],[32.831,80.133],[31.611,80.073],[31.477,80.104],[33.074,80.22],[33.099,80.228]]],[[[18.296,80.276],[18.119,80.29],[18.317,80.364],[18.756,80.303],[18.449,80.243],[18.296,80.276]]],[[[24.169,80.446],[24.382,80.392],[24.167,80.383],[24.128,80.405],[24.16,80.434],[24.169,80.446]]],[[[24.292,80.488],[23.978,80.495],[24.234,80.504],[24.292,80.488]]],[[[27.171,80.073],[27.102,79.974],[27.225,79.925],[27.207,79.874],[25.826,79.626],[25.969,79.515],[25.829,79.442],[25.183,79.336],[24.975,79.334],[24.921,79.378],[24.288,79.31],[24.26,79.241],[24.053,79.189],[22.926,79.223],[22.645,79.31],[22.655,79.364],[22.895,79.42],[20.817,79.378],[20.853,79.405],[20.73,79.459],[20.197,79.469],[19.685,79.554],[19.633,79.611],[20.208,79.645],[20.413,79.592],[21.155,79.569],[20.476,79.686],[21.85,79.707],[21.894,79.752],[22.347,79.789],[22.287,79.806],[18.784,79.723],[18.682,79.788],[18.461,79.789],[18.112,79.906],[18.624,79.957],[18.681,79.981],[18.557,79.981],[18.669,80.01],[18.79,79.974],[18.783,80.009],[18.934,80.056],[18.235,80.049],[18.152,80.084],[18.365,80.084],[17.783,80.138],[18.037,80.193],[18.769,80.187],[18.7,80.207],[19.271,80.085],[19.585,80.152],[19.224,80.198],[18.982,80.344],[19.033,80.358],[19.337,80.327],[19.672,80.217],[19.852,80.221],[19.715,80.248],[19.838,80.29],[19.771,80.323],[19.859,80.344],[19.771,80.351],[19.914,80.385],[19.469,80.409],[19.5,80.472],[19.674,80.44],[19.657,80.505],[20.037,80.468],[20.105,80.378],[20.39,80.423],[20.592,80.303],[20.839,80.31],[20.749,80.269],[20.853,80.214],[21.847,80.272],[21.898,80.213],[21.6,80.125],[21.827,80.152],[22.065,80.111],[22.217,80.043],[22.175,80.022],[22.223,80.009],[22.196,79.988],[22.283,79.983],[22.367,80.009],[22.319,80.036],[22.366,80.045],[22.477,80.015],[22.347,80.07],[22.463,80.07],[22.374,80.111],[22.466,80.222],[22.449,80.262],[22.576,80.299],[22.338,80.384],[22.457,80.441],[22.682,80.427],[22.613,80.358],[22.75,80.33],[22.696,80.358],[22.833,80.413],[22.75,80.505],[22.782,80.517],[23.361,80.433],[23.121,80.392],[23.354,80.338],[23.295,80.328],[23.296,80.281],[23.055,80.248],[23.007,80.162],[23.122,80.118],[23.23,80.125],[23.087,80.172],[23.307,80.193],[23.399,80.143],[23.429,80.159],[23.399,80.204],[23.47,80.213],[23.498,80.193],[23.464,80.172],[23.568,80.133],[23.805,80.185],[23.834,80.2],[23.73,80.235],[23.793,80.248],[23.717,80.262],[23.765,80.309],[24.014,80.271],[23.895,80.31],[24.19,80.275],[24.402,80.323],[24.149,80.351],[24.26,80.376],[24.601,80.317],[24.471,80.295],[24.521,80.256],[24.83,80.356],[24.889,80.323],[24.78,80.248],[25.355,80.282],[25.225,80.254],[25.781,80.213],[25.704,80.172],[26.807,80.174],[27.239,80.097],[27.171,80.073]]],[[[19.907,80.488],[19.852,80.505],[19.959,80.54],[20.134,80.515],[19.987,80.489],[19.907,80.488]]],[[[20.757,80.625],[20.496,80.66],[20.792,80.66],[20.753,80.635],[20.757,80.625]]],[[[21.174,80.66],[21.024,80.694],[21.367,80.68],[21.174,80.66]]],[[[20.633,80.735],[20.518,80.769],[21.003,80.714],[20.822,80.68],[20.647,80.728],[20.633,80.735]]],[[[3.457,-54.39],[3.468,-54.441],[3.351,-54.456],[3.422,-54.38],[3.457,-54.39]]],[[[11.07,59.079],[11.046,59.027],[10.991,59.034],[11.003,59.086],[11.07,59.078],[11.07,59.079]]],[[[10.91,59.116],[10.884,59.072],[10.829,59.099],[10.898,59.116],[10.91,59.116]]],[[[5.29,60.074],[5.269,59.995],[5.172,60.049],[5.204,60.088],[5.247,60.051],[5.205,60.117],[5.279,60.081],[5.29,60.074]]],[[[4.922,60.867],[4.777,60.93],[4.883,60.93],[4.92,60.868],[4.922,60.867]]],[[[4.721,61.04],[4.707,60.989],[4.644,61.058],[4.7,61.082],[4.711,61.048],[4.721,61.04]]],[[[5.12,62.026],[5.152,61.998],[5.095,61.927],[5.021,61.939],[5.054,61.972],[4.984,62.009],[5.102,62.021],[5.12,62.026]]],[[[5.636,62.319],[5.603,62.329],[5.741,62.361],[5.65,62.32],[5.636,62.319]]],[[[5.594,62.34],[5.51,62.364],[5.598,62.345],[5.594,62.34]]],[[[8.315,63.181],[8.21,63.161],[8.165,63.213],[8.306,63.188],[8.315,63.181]]],[[[9.16,63.648],[9.014,63.627],[9.157,63.648],[9.16,63.648]]],[[[9.931,64.028],[9.892,63.997],[9.844,64.033],[9.92,64.029],[9.931,64.028]]],[[[11.466,64.588],[11.48,64.556],[11.433,64.542],[11.344,64.574],[11.366,64.634],[11.454,64.593],[11.466,64.588]]],[[[11.351,64.652],[11.312,64.6],[11.168,64.66],[11.356,64.667],[11.351,64.652]]],[[[11.762,65.119],[11.669,65.045],[11.519,65.055],[11.58,65.11],[11.743,65.115],[11.762,65.119]]],[[[17.547,69.092],[17.419,68.996],[17.344,69.003],[17.452,69.085],[17.547,69.092]]],[[[24.837,71.095],[24.77,71.026],[24.614,71.057],[24.733,71.069],[24.713,71.108],[24.837,71.1],[24.837,71.095]]],[[[5.764,59.118],[5.751,59.072],[5.575,59.124],[5.739,59.124],[5.764,59.118]]],[[[5.462,59.211],[5.443,59.159],[5.375,59.219],[5.452,59.222],[5.462,59.211]]],[[[6.016,59.292],[6.1,59.277],[5.93,59.243],[5.988,59.291],[6.016,59.292]]],[[[4.846,60.628],[4.844,60.59],[4.783,60.593],[4.791,60.666],[4.838,60.631],[4.846,60.628]]],[[[4.836,61.675],[4.87,61.715],[4.905,61.66],[4.841,61.67],[4.836,61.675]]],[[[14.408,67.426],[14.227,67.377],[14.399,67.422],[14.408,67.426]]]]}},{"type":"Feature","id":"SWE","properties":{"name":"Sweden","id":"SWE"},"geometry":{"type":"MultiPolygon","coordinates":[[[[20.623,69.036],[20.911,68.981],[20.906,68.895],[21.406,68.749],[21.464,68.687],[21.737,68.588],[21.919,68.568],[22.072,68.477],[22.808,68.395],[23.067,68.29],[23.155,68.217],[23.166,68.122],[23.307,68.146],[23.383,68.051],[23.662,67.95],[23.481,67.865],[23.554,67.587],[23.431,67.486],[23.477,67.444],[23.765,67.42],[23.751,67.346],[23.786,67.338],[23.603,67.26],[23.581,67.153],[24.004,66.805],[23.892,66.751],[23.882,66.564],[23.652,66.459],[23.663,66.317],[23.724,66.207],[23.889,66.161],[24.02,66.049],[24.163,65.823],[23.926,65.76],[23.739,65.829],[23.623,65.796],[23.47,65.833],[23.428,65.765],[23.374,65.823],[23.196,65.827],[23.238,65.769],[23.103,65.705],[22.653,65.908],[22.7,65.804],[22.664,65.758],[22.511,65.775],[22.518,65.823],[22.406,65.864],[22.326,65.837],[22.367,65.81],[22.319,65.802],[22.361,65.761],[22.326,65.736],[22.209,65.761],[22.388,65.673],[22.282,65.701],[22.285,65.632],[22.189,65.624],[22.301,65.612],[22.309,65.669],[22.38,65.634],[22.333,65.604],[22.411,65.579],[22.405,65.542],[21.764,65.728],[21.848,65.661],[22.203,65.549],[21.854,65.535],[22.032,65.467],[21.998,65.426],[21.942,65.453],[21.928,65.404],[21.587,65.418],[21.449,65.357],[21.702,65.286],[21.623,65.241],[21.346,65.373],[21.278,65.35],[21.422,65.309],[21.61,65.169],[21.544,65.137],[21.586,65.069],[21.479,65.062],[21.503,65.021],[21.378,64.96],[21.243,64.953],[21.181,64.836],[21.037,64.833],[21.097,64.785],[21.306,64.768],[21.229,64.748],[21.305,64.666],[21.144,64.733],[21.111,64.699],[21.353,64.57],[21.374,64.608],[21.486,64.583],[21.552,64.535],[21.347,64.532],[21.476,64.515],[21.492,64.454],[21.606,64.452],[21.373,64.33],[21.319,64.364],[21.333,64.315],[20.967,64.149],[20.897,63.984],[20.777,63.869],[20.675,63.843],[20.709,63.822],[20.675,63.789],[20.613,63.822],[20.543,63.775],[20.503,63.822],[20.414,63.768],[20.394,63.681],[20.325,63.754],[20.308,63.654],[20.268,63.671],[20.284,63.733],[20.243,63.651],[20.035,63.657],[20.031,63.602],[19.887,63.603],[19.753,63.524],[19.769,63.461],[19.687,63.431],[19.446,63.561],[19.455,63.509],[19.523,63.486],[19.461,63.469],[19.517,63.415],[19.346,63.486],[19.373,63.445],[19.293,63.467],[19.259,63.329],[19.133,63.308],[19.117,63.237],[19.057,63.26],[19.112,63.22],[19.053,63.179],[18.907,63.267],[18.751,63.259],[18.913,63.212],[18.773,63.169],[18.753,63.208],[18.824,63.22],[18.7,63.226],[18.756,63.157],[18.564,63.178],[18.655,63.114],[18.557,63.117],[18.478,63.02],[18.404,63.056],[18.372,63.048],[18.434,63.014],[18.343,63.04],[18.242,63.0],[18.577,62.958],[18.403,62.965],[18.523,62.925],[18.4,62.911],[18.474,62.877],[18.378,62.837],[18.207,62.869],[18.207,62.835],[18.283,62.842],[18.195,62.777],[18.186,62.812],[18.14,62.772],[18.009,62.794],[18.146,62.822],[18.077,62.856],[17.935,62.817],[17.921,62.916],[17.879,62.911],[17.831,63.0],[17.694,62.994],[17.848,62.921],[17.886,62.815],[18.003,62.709],[17.993,62.66],[17.872,62.671],[18.064,62.596],[17.968,62.56],[17.937,62.616],[17.843,62.49],[17.659,62.478],[17.707,62.437],[17.562,62.444],[17.427,62.541],[17.331,62.488],[17.381,62.333],[17.653,62.232],[17.509,62.218],[17.426,62.027],[17.46,62.003],[17.345,61.937],[17.337,61.824],[17.406,61.821],[17.372,61.801],[17.399,61.722],[17.514,61.714],[17.496,61.635],[17.331,61.718],[17.351,61.677],[17.138,61.726],[17.269,61.691],[17.097,61.636],[17.248,61.609],[17.056,61.582],[17.187,61.561],[17.08,61.55],[17.166,61.527],[17.125,61.513],[17.172,61.499],[17.169,61.441],[17.22,61.448],[17.104,61.399],[17.276,61.314],[17.097,61.321],[17.213,61.235],[17.152,61.204],[17.183,61.123],[17.146,61.115],[17.2,61.096],[17.159,61.02],[17.248,61.012],[17.168,60.992],[17.158,60.948],[17.336,60.767],[17.187,60.692],[17.365,60.649],[17.34,60.623],[17.575,60.648],[17.659,60.608],[17.604,60.584],[17.671,60.504],[17.741,60.498],[17.727,60.535],[17.816,60.585],[17.975,60.588],[17.967,60.512],[18.262,60.382],[18.207,60.355],[18.235,60.327],[18.428,60.349],[18.474,60.293],[18.427,60.286],[18.605,60.238],[18.401,60.26],[18.317,60.321],[18.448,60.211],[18.393,60.232],[18.42,60.194],[18.549,60.174],[18.578,60.074],[18.578,60.142],[18.651,60.148],[18.735,60.115],[18.797,60.005],[18.753,60.082],[18.817,60.118],[18.903,59.947],[19.072,59.896],[19.035,59.835],[18.886,59.93],[18.924,59.852],[18.734,59.769],[19.042,59.785],[19.074,59.75],[18.957,59.719],[18.913,59.752],[18.714,59.673],[18.694,59.649],[18.736,59.642],[18.66,59.636],[18.687,59.606],[18.64,59.584],[18.38,59.476],[18.269,59.477],[18.303,59.457],[18.249,59.45],[18.338,59.409],[18.307,59.397],[18.188,59.407],[18.181,59.458],[18.009,59.409],[18.146,59.34],[18.095,59.327],[18.221,59.32],[18.318,59.376],[18.47,59.337],[18.448,59.395],[18.496,59.395],[18.427,59.436],[18.485,59.434],[18.646,59.33],[18.291,59.323],[18.317,59.279],[18.279,59.262],[18.412,59.215],[18.314,59.234],[18.424,59.144],[18.014,59.045],[17.893,58.861],[17.774,58.961],[17.774,58.886],[17.741,58.984],[17.769,59.121],[17.71,59.053],[17.659,59.169],[17.577,58.957],[17.627,58.918],[17.536,58.902],[17.591,58.861],[17.447,58.895],[17.488,58.8],[17.337,58.806],[17.358,58.751],[17.028,58.751],[17.146,58.697],[17.093,58.661],[16.975,58.685],[17.036,58.641],[16.924,58.625],[16.234,58.669],[16.255,58.635],[16.179,58.635],[16.334,58.639],[16.388,58.592],[16.44,58.648],[16.789,58.607],[16.834,58.53],[16.94,58.491],[16.748,58.429],[16.413,58.477],[16.767,58.369],[16.775,58.34],[16.632,58.354],[16.698,58.302],[16.799,58.324],[16.707,58.278],[16.821,58.207],[16.777,58.131],[16.617,58.203],[16.736,58.085],[16.686,58.059],[16.755,58.025],[16.637,58.014],[16.735,57.972],[16.769,57.888],[16.611,57.895],[16.604,57.929],[16.645,57.921],[16.515,57.999],[16.59,57.936],[16.573,57.894],[16.46,57.902],[16.707,57.751],[16.419,57.895],[16.715,57.703],[16.577,57.71],[16.631,57.629],[16.563,57.593],[16.521,57.627],[16.515,57.566],[16.629,57.557],[16.689,57.472],[16.633,57.437],[16.673,57.415],[16.548,57.383],[16.563,57.319],[16.469,57.275],[16.465,57.177],[16.583,57.045],[16.44,57.052],[16.468,56.949],[16.408,56.799],[16.472,56.777],[16.361,56.764],[16.372,56.661],[16.246,56.642],[16.038,56.255],[15.852,56.086],[15.789,56.106],[15.827,56.159],[15.648,56.195],[15.592,56.161],[15.586,56.209],[15.366,56.141],[15.295,56.147],[15.295,56.188],[15.192,56.153],[15.076,56.188],[15.049,56.154],[14.725,56.168],[14.682,56.117],[14.768,56.031],[14.716,56.002],[14.612,56.011],[14.603,56.058],[14.497,56.04],[14.235,55.863],[14.196,55.726],[14.368,55.545],[14.181,55.391],[13.897,55.435],[13.381,55.346],[12.979,55.403],[12.833,55.383],[12.859,55.435],[12.986,55.448],[12.917,55.547],[13.055,55.694],[12.923,55.749],[12.926,55.834],[12.821,55.887],[12.451,56.304],[12.705,56.222],[12.814,56.236],[12.829,56.279],[12.622,56.419],[12.714,56.467],[12.89,56.455],[12.934,56.547],[12.872,56.649],[12.732,56.647],[12.598,56.821],[12.356,56.924],[12.341,57.014],[12.149,57.188],[12.191,57.213],[12.101,57.237],[12.157,57.243],[12.095,57.25],[12.144,57.31],[12.05,57.351],[12.109,57.394],[12.06,57.394],[12.092,57.411],[12.059,57.459],[11.979,57.347],[11.903,57.394],[11.945,57.49],[11.903,57.524],[11.917,57.621],[11.867,57.607],[11.835,57.662],[11.924,57.703],[11.705,57.698],[11.81,57.781],[11.656,57.839],[11.759,57.902],[11.793,58.1],[11.89,58.217],[11.809,58.302],[11.883,58.333],[11.727,58.327],[11.506,58.243],[11.542,58.334],[11.67,58.422],[11.589,58.401],[11.553,58.463],[11.522,58.336],[11.396,58.265],[11.443,58.306],[11.384,58.318],[11.449,58.342],[11.424,58.388],[11.346,58.346],[11.424,58.443],[11.221,58.346],[11.209,58.419],[11.294,58.47],[11.239,58.508],[11.286,58.58],[11.177,58.719],[11.233,58.808],[11.198,58.923],[11.108,58.954],[11.184,58.991],[11.115,59.008],[11.194,59.08],[11.321,59.1],[11.438,58.991],[11.452,58.896],[11.664,58.92],[11.812,59.25],[11.675,59.607],[11.897,59.714],[11.85,59.872],[12.144,59.898],[12.483,60.081],[12.525,60.162],[12.492,60.312],[12.605,60.419],[12.594,60.515],[12.377,60.754],[12.253,61.002],[12.704,61.046],[12.888,61.35],[12.614,61.547],[12.416,61.582],[12.162,61.725],[12.314,62.286],[12.091,62.586],[12.156,62.734],[12.093,62.907],[12.223,63.001],[11.992,63.289],[12.22,63.474],[12.17,63.598],[12.755,63.991],[13.234,64.091],[13.964,64.01],[14.148,64.169],[14.097,64.465],[13.643,64.584],[14.311,65.084],[14.38,65.24],[14.514,65.318],[14.561,65.701],[14.649,65.802],[14.541,66.125],[15.053,66.153],[15.482,66.275],[15.426,66.491],[15.669,66.599],[16.039,66.888],[16.4,67.036],[16.438,67.2],[16.127,67.423],[16.181,67.496],[16.483,67.558],[16.609,67.647],[16.783,67.897],[17.321,68.105],[17.921,67.973],[18.189,68.199],[18.136,68.396],[18.172,68.536],[18.436,68.574],[18.645,68.501],[19.038,68.506],[20.01,68.364],[20.246,68.477],[19.962,68.541],[20.237,68.659],[20.357,68.805],[20.341,68.91],[20.102,69.022],[20.363,69.029],[20.623,69.036]]],[[[17.125,57.319],[17.042,57.271],[17.049,57.188],[16.899,57.038],[16.934,57.018],[16.637,56.56],[16.541,56.306],[16.428,56.218],[16.391,56.459],[16.419,56.586],[16.621,56.872],[16.731,56.904],[16.959,57.231],[16.966,57.305],[17.055,57.358],[17.123,57.325],[17.125,57.319]]],[[[19.04,57.868],[19.085,57.826],[18.949,57.783],[18.941,57.73],[18.807,57.734],[18.765,57.627],[18.81,57.607],[18.773,57.472],[18.909,57.439],[18.926,57.393],[18.68,57.31],[18.714,57.243],[18.406,57.143],[18.455,57.127],[18.36,57.096],[18.338,57.031],[18.4,57.004],[18.312,56.948],[18.139,56.922],[18.29,57.093],[18.201,57.065],[18.228,57.134],[18.099,57.259],[18.179,57.38],[18.113,57.488],[18.128,57.548],[18.678,57.914],[18.742,57.918],[18.803,57.826],[18.851,57.915],[18.996,57.912],[19.025,57.872],[19.04,57.868]]],[[[19.273,57.977],[19.339,57.964],[19.162,57.926],[19.13,57.847],[19.037,57.905],[19.098,57.977],[19.24,57.971],[19.273,57.977]]],[[[11.739,58.059],[11.732,57.998],[11.695,58.015],[11.595,57.936],[11.528,57.954],[11.516,58.001],[11.568,58.004],[11.498,58.028],[11.717,58.065],[11.739,58.059]]],[[[11.807,58.23],[11.805,58.126],[11.708,58.098],[11.585,58.123],[11.458,58.072],[11.407,58.131],[11.663,58.237],[11.686,58.291],[11.789,58.246],[11.807,58.23]]],[[[19.332,58.368],[19.25,58.343],[19.188,58.395],[19.306,58.379],[19.332,58.368]]],[[[18.43,59.258],[18.345,59.299],[18.612,59.258],[18.468,59.252],[18.43,59.258]]],[[[18.55,60.327],[18.402,60.37],[18.379,60.508],[18.537,60.344],[18.55,60.327]]],[[[20.839,63.768],[20.92,63.774],[20.852,63.772],[20.839,63.768]]],[[[18.485,59.098],[18.414,59.012],[18.344,59.026],[18.375,59.078],[18.485,59.106],[18.485,59.098]]],[[[18.716,59.209],[18.75,59.205],[18.66,59.177],[18.704,59.211],[18.716,59.209]]],[[[18.797,59.295],[18.775,59.252],[18.723,59.262],[18.79,59.297],[18.797,59.295]]],[[[18.676,59.34],[18.638,59.368],[18.747,59.332],[18.678,59.3],[18.682,59.331],[18.676,59.34]]],[[[18.107,59.385],[18.249,59.367],[18.19,59.338],[18.105,59.378],[18.107,59.385]]],[[[18.854,59.403],[18.865,59.4],[18.869,59.393],[18.854,59.403]]],[[[18.942,59.394],[18.899,59.401],[18.936,59.399],[18.942,59.394]]],[[[18.926,59.434],[18.861,59.425],[18.924,59.441],[18.926,59.434]]],[[[18.657,59.507],[18.556,59.422],[18.511,59.483],[18.61,59.546],[18.739,59.54],[18.681,59.521],[18.657,59.507]]],[[[18.978,59.634],[18.863,59.584],[18.965,59.648],[18.978,59.634]]],[[[18.854,59.601],[18.757,59.573],[18.924,59.657],[18.858,59.603],[18.854,59.601]]],[[[18.996,59.81],[18.886,59.794],[18.959,59.864],[18.995,59.809],[18.996,59.81]]],[[[18.724,60.197],[18.807,60.161],[18.724,60.155],[18.718,60.194],[18.724,60.197]]],[[[15.705,56.116],[15.697,56.074],[15.642,56.105],[15.694,56.118],[15.705,56.116]]],[[[16.867,58.305],[16.856,58.272],[16.845,58.31],[16.867,58.305]]],[[[16.892,58.334],[16.827,58.328],[16.79,58.389],[16.864,58.398],[16.827,58.364],[16.87,58.333],[16.892,58.334]]],[[[18.321,58.969],[18.357,58.977],[18.29,58.941],[18.316,58.927],[18.194,58.911],[18.306,58.965],[18.321,58.969]]],[[[18.198,59.01],[18.051,58.961],[18.104,59.023],[18.192,59.012],[18.198,59.01]]],[[[17.707,58.993],[17.685,58.901],[17.624,58.964],[17.652,59.072],[17.706,59.008],[17.707,58.993]]],[[[18.125,62.688],[18.006,62.706],[18.041,62.755],[18.16,62.747],[18.13,62.694],[18.125,62.688]]],[[[20.871,63.669],[20.826,63.644],[20.869,63.676],[20.871,63.669]]],[[[20.898,63.754],[20.948,63.775],[20.865,63.683],[20.889,63.75],[20.898,63.754]]],[[[22.408,65.455],[22.285,65.432],[22.391,65.46],[22.408,65.455]]],[[[22.154,65.43],[22.174,65.474],[22.233,65.424],[22.201,65.426],[22.154,65.43]]],[[[22.595,65.528],[22.553,65.53],[22.587,65.529],[22.595,65.528]]],[[[22.219,65.507],[22.187,65.538],[22.359,65.504],[22.266,65.482],[22.219,65.507]]],[[[22.578,65.583],[22.641,65.589],[22.529,65.576],[22.561,65.581],[22.578,65.583]]],[[[22.57,65.595],[22.559,65.601],[22.554,65.605],[22.57,65.595]]],[[[22.963,65.716],[22.972,65.667],[22.882,65.72],[22.946,65.722],[22.963,65.716]]],[[[23.797,65.754],[23.738,65.697],[23.681,65.722],[23.793,65.754],[23.797,65.754]]],[[[22.741,65.714],[22.747,65.77],[22.811,65.714],[22.761,65.708],[22.741,65.714]]]]}},{"type":"Feature","id":"FIN","properties":{"name":"Finland","id":"FIN"},"geometry":{"type":"MultiPolygon","coordinates":[[[[28.954,69.027],[28.41,68.899],[28.801,68.835],[28.448,68.53],[28.664,68.204],[29.331,68.073],[29.651,67.824],[30.009,67.686],[29.916,67.508],[29.52,67.298],[29.1,66.991],[29.052,66.908],[29.524,66.491],[29.651,66.288],[29.9,66.108],[30.112,65.712],[30.099,65.656],[29.703,65.629],[29.839,65.565],[29.726,65.492],[29.72,65.329],[29.58,65.235],[29.833,65.205],[29.808,65.135],[29.85,65.122],[29.598,65.034],[29.634,64.907],[29.78,64.796],[30.119,64.768],[30.181,64.643],[29.955,64.569],[30.07,64.472],[30.032,64.397],[30.558,64.22],[30.533,64.163],[30.586,64.085],[30.552,64.022],[30.202,63.793],[29.981,63.742],[30.461,63.473],[31.204,63.213],[31.263,63.101],[31.57,62.906],[31.244,62.503],[30.926,62.302],[30.648,62.193],[29.203,61.246],[28.798,61.097],[28.615,60.962],[28.481,60.933],[27.808,60.553],[27.74,60.574],[27.753,60.506],[27.705,60.485],[27.636,60.492],[27.692,60.519],[27.616,60.512],[27.63,60.471],[27.508,60.514],[27.473,60.506],[27.507,60.457],[27.457,60.464],[27.232,60.512],[27.308,60.526],[27.215,60.585],[27.178,60.512],[27.054,60.547],[26.931,60.485],[26.962,60.447],[26.797,60.486],[26.687,60.418],[26.483,60.468],[26.625,60.61],[26.753,60.574],[26.659,60.652],[26.466,60.508],[26.469,60.427],[26.342,60.376],[26.246,60.451],[26.273,60.402],[26.142,60.396],[25.917,60.485],[26.108,60.336],[26.04,60.3],[26.006,60.368],[25.842,60.402],[25.917,60.361],[25.883,60.307],[25.93,60.245],[25.754,60.321],[25.849,60.266],[25.736,60.247],[25.65,60.3],[25.65,60.341],[25.704,60.341],[25.669,60.365],[25.526,60.327],[25.503,60.246],[25.314,60.273],[25.029,60.148],[24.999,60.213],[24.951,60.143],[24.845,60.144],[24.869,60.18],[24.807,60.191],[24.827,60.163],[24.67,60.101],[24.554,60.156],[24.597,60.127],[24.54,60.088],[24.608,60.101],[24.594,60.06],[24.446,59.992],[24.464,60.047],[24.313,59.998],[24.368,60.074],[24.32,60.076],[24.164,60.019],[24.001,60.038],[23.799,59.957],[23.429,59.957],[23.546,60.074],[23.237,59.898],[23.251,59.841],[22.905,59.811],[23.247,59.922],[23.326,60.009],[23.223,59.93],[23.111,59.923],[23.111,59.974],[23.258,60.04],[23.035,60.045],[22.991,60.077],[23.025,60.135],[22.969,60.094],[22.875,60.15],[23.081,60.355],[22.525,60.204],[22.648,60.279],[22.459,60.265],[22.624,60.399],[22.292,60.383],[22.101,60.462],[22.047,60.439],[21.903,60.529],[21.844,60.516],[21.874,60.478],[21.785,60.478],[21.841,60.629],[21.662,60.567],[21.612,60.489],[21.558,60.492],[21.518,60.567],[21.579,60.567],[21.409,60.58],[21.47,60.608],[21.353,60.69],[21.439,60.68],[21.422,60.725],[21.47,60.731],[21.329,60.828],[21.319,60.865],[21.428,60.876],[21.353,60.903],[21.428,60.903],[21.299,61.06],[21.482,61.06],[21.443,61.17],[21.558,61.204],[21.476,61.246],[21.544,61.28],[21.524,61.375],[21.449,61.403],[21.572,61.416],[21.422,61.485],[21.592,61.485],[21.482,61.568],[21.716,61.527],[21.538,61.65],[21.518,61.711],[21.586,61.698],[21.47,61.76],[21.486,61.811],[21.414,61.907],[21.237,61.985],[21.289,62.122],[21.384,62.194],[21.374,62.267],[21.312,62.232],[21.339,62.356],[21.271,62.349],[21.271,62.411],[21.216,62.335],[21.202,62.418],[21.134,62.404],[21.127,62.554],[21.194,62.601],[21.065,62.596],[21.079,62.678],[21.161,62.719],[21.114,62.781],[21.183,62.782],[21.243,62.869],[21.391,62.88],[21.463,62.951],[21.444,63.041],[21.495,63.072],[21.688,63.027],[21.521,63.127],[21.503,63.157],[21.552,63.178],[21.497,63.209],[21.742,63.2],[21.703,63.226],[21.895,63.26],[21.881,63.178],[21.984,63.143],[21.956,63.185],[22.025,63.239],[22.33,63.284],[22.374,63.321],[22.196,63.431],[22.247,63.47],[22.402,63.418],[22.281,63.526],[22.407,63.457],[22.497,63.586],[22.546,63.575],[22.497,63.623],[22.586,63.657],[22.589,63.703],[22.675,63.702],[22.773,63.628],[22.902,63.706],[22.833,63.726],[22.926,63.743],[22.903,63.795],[23.001,63.764],[22.991,63.815],[23.063,63.853],[23.416,63.925],[23.371,63.947],[23.396,64.056],[23.605,64.028],[23.574,64.107],[23.861,64.268],[23.943,64.247],[23.929,64.301],[24.004,64.389],[24.344,64.531],[24.423,64.676],[24.588,64.781],[24.538,64.805],[24.668,64.789],[24.736,64.855],[25.095,64.918],[25.259,64.836],[25.225,64.823],[25.355,64.83],[25.36,64.911],[25.191,64.967],[25.444,64.967],[25.355,65.097],[25.211,65.124],[25.327,65.227],[25.28,65.261],[25.335,65.343],[25.266,65.378],[25.355,65.412],[25.324,65.507],[24.859,65.659],[24.676,65.635],[24.668,65.691],[24.55,65.763],[24.711,65.912],[24.519,65.796],[24.405,65.769],[24.238,65.823],[24.206,65.779],[24.02,66.049],[23.689,66.257],[23.652,66.459],[23.882,66.564],[23.892,66.751],[24.004,66.805],[23.581,67.153],[23.603,67.26],[23.786,67.338],[23.751,67.346],[23.765,67.42],[23.477,67.444],[23.431,67.486],[23.554,67.587],[23.481,67.865],[23.662,67.95],[23.383,68.051],[23.307,68.146],[23.166,68.122],[23.155,68.217],[23.067,68.29],[22.808,68.395],[22.072,68.477],[21.919,68.568],[21.737,68.588],[21.464,68.687],[21.406,68.749],[20.906,68.895],[20.911,68.981],[20.623,69.036],[20.744,69.104],[21.072,69.037],[21.156,69.088],[21.034,69.181],[21.098,69.239],[21.314,69.291],[21.639,69.271],[22.371,68.823],[22.409,68.713],[23.071,68.681],[23.198,68.618],[23.735,68.715],[23.787,68.8],[23.929,68.816],[24.663,68.666],[24.905,68.557],[25.132,68.648],[25.201,68.813],[25.434,68.884],[25.628,68.874],[25.796,68.993],[25.737,69.218],[25.877,69.371],[25.841,69.418],[25.887,69.521],[26.004,69.587],[25.962,69.653],[26.005,69.689],[26.198,69.715],[26.534,69.925],[27.1,69.902],[27.312,69.929],[27.613,70.062],[27.867,70.075],[28.167,69.894],[28.381,69.856],[28.405,69.802],[29.131,69.674],[29.345,69.464],[28.865,69.217],[28.84,69.08],[28.954,69.027]]],[[[22.408,60.053],[22.449,60.066],[22.443,59.998],[22.383,59.993],[22.355,60.076],[22.387,60.052],[22.408,60.053]]],[[[21.497,60.135],[21.654,60.156],[21.613,60.102],[21.482,60.115],[21.533,60.137],[21.497,60.135]]],[[[21.744,60.191],[21.888,60.176],[21.72,60.114],[21.723,60.184],[21.744,60.191]]],[[[21.353,60.211],[21.449,60.184],[21.271,60.191],[21.306,60.21],[21.353,60.211]]],[[[22.059,60.211],[22.009,60.137],[21.935,60.176],[22.042,60.211],[22.059,60.211]]],[[[25.814,60.208],[25.876,60.217],[25.821,60.197],[25.814,60.208]]],[[[22.209,60.204],[22.292,60.245],[22.232,60.185],[22.209,60.204]]],[[[25.622,60.238],[25.57,60.258],[25.582,60.296],[25.684,60.245],[25.608,60.222],[25.622,60.238]]],[[[22.844,60.242],[22.956,60.293],[22.834,60.193],[22.847,60.111],[22.73,60.047],[22.73,60.005],[22.655,60.032],[22.6,59.985],[22.593,60.047],[22.47,59.998],[22.474,60.091],[22.422,60.115],[22.6,60.142],[22.415,60.15],[22.448,60.221],[22.466,60.184],[22.815,60.227],[22.844,60.242]]],[[[22.107,60.313],[22.34,60.286],[22.216,60.253],[22.08,60.269],[22.084,60.301],[22.107,60.313]]],[[[22.388,60.321],[22.313,60.321],[22.398,60.355],[22.477,60.321],[22.38,60.306],[22.388,60.321]]],[[[21.998,60.334],[21.794,60.374],[21.846,60.41],[21.808,60.467],[21.932,60.423],[21.95,60.396],[21.895,60.396],[21.998,60.341],[21.998,60.334]]],[[[21.726,60.482],[21.682,60.465],[21.751,60.502],[21.726,60.482]]],[[[21.319,60.482],[21.25,60.498],[21.229,60.56],[21.325,60.482],[21.319,60.482]]],[[[21.394,60.56],[21.482,60.526],[21.443,60.471],[21.329,60.525],[21.353,60.562],[21.394,60.56]]],[[[21.299,60.567],[21.214,60.616],[21.271,60.643],[21.299,60.574],[21.299,60.567]]],[[[21.264,60.882],[21.202,60.889],[21.299,60.896],[21.243,60.951],[21.27,60.968],[21.374,60.93],[21.275,60.883],[21.264,60.882]]],[[[21.422,63.247],[21.428,63.198],[21.243,63.151],[21.147,63.182],[21.079,63.288],[21.243,63.281],[21.195,63.226],[21.287,63.211],[21.396,63.261],[21.422,63.247]]],[[[21.319,63.288],[21.229,63.329],[21.346,63.364],[21.358,63.316],[21.319,63.288]]],[[[24.993,65.055],[25.062,65.043],[24.82,65.043],[24.722,65.003],[24.827,64.973],[24.735,64.951],[24.684,64.997],[24.632,64.968],[24.563,65.037],[24.835,65.095],[24.936,65.059],[24.993,65.055]]],[[[23.915,59.973],[23.847,59.955],[23.892,59.977],[23.915,59.973]]],[[[22.887,60.068],[22.927,60.065],[22.872,60.006],[22.863,60.063],[22.887,60.068]]],[[[22.958,60.111],[22.845,60.082],[22.95,60.119],[22.958,60.111]]],[[[21.992,60.13],[21.93,60.125],[21.977,60.131],[21.992,60.13]]],[[[22.313,60.192],[22.386,60.195],[22.324,60.147],[22.288,60.15],[22.305,60.189],[22.313,60.192]]],[[[21.983,60.285],[21.977,60.285],[21.973,60.285],[21.983,60.285]]],[[[21.957,60.281],[21.875,60.305],[21.975,60.303],[21.957,60.281]]],[[[22.3,60.368],[22.157,60.352],[22.285,60.375],[22.3,60.368]]],[[[22.206,60.383],[22.104,60.354],[22.147,60.38],[22.206,60.383]]],[[[21.338,60.383],[21.355,60.352],[21.294,60.371],[21.32,60.392],[21.338,60.383]]],[[[26.602,60.447],[26.653,60.427],[26.549,60.378],[26.507,60.403],[26.593,60.446],[26.602,60.447]]],[[[22.026,63.322],[22.047,63.282],[21.978,63.28],[22.022,63.323],[22.026,63.322]]],[[[22.144,63.251],[22.079,63.266],[22.069,63.319],[22.231,63.339],[22.209,63.273],[22.114,63.284],[22.144,63.254],[22.144,63.251]]],[[[21.957,63.332],[21.996,63.385],[22.096,63.383],[21.966,63.333],[21.957,63.332]]],[[[22.808,63.78],[22.74,63.721],[22.681,63.763],[22.804,63.778],[22.808,63.78]]],[[[22.499,59.878],[22.416,59.853],[22.488,59.877],[22.499,59.878]]],[[[21.6,60.255],[21.563,60.226],[21.597,60.257],[21.6,60.255]]],[[[21.26,60.853],[21.186,60.857],[21.252,60.847],[21.26,60.853]]],[[[21.422,61.177],[21.343,61.191],[21.389,61.192],[21.422,61.177]]],[[[21.521,61.634],[21.524,61.633],[21.526,61.629],[21.521,61.634]]],[[[21.209,62.946],[21.13,63.001],[21.217,62.947],[21.209,62.946]]]]}},{"type":"Feature","id":"LUX","properties":{"name":"Luxembourg","id":"LUX"},"geometry":{"type":"Polygon","coordinates":[[[6.117,50.12],[6.096,50.049],[6.223,49.887],[6.503,49.796],[6.5,49.712],[6.351,49.567],[6.345,49.455],[6.194,49.499],[5.961,49.441],[5.791,49.538],[5.885,49.644],[5.728,49.8],[5.758,49.858],[5.719,49.891],[5.962,50.166],[6.103,50.125],[6.117,50.12]]]}},{"type":"Feature","id":"BEL","properties":{"name":"Belgium","id":"BEL"},"geometry":{"type":"Polygon","coordinates":[[[2.522,51.088],[3.125,51.33],[3.349,51.375],[3.392,51.247],[3.61,51.29],[3.776,51.255],[3.809,51.205],[3.927,51.206],[4.169,51.297],[4.221,51.368],[4.308,51.271],[4.331,51.296],[4.261,51.369],[4.411,51.357],[4.377,51.443],[4.429,51.462],[4.525,51.476],[4.522,51.429],[4.63,51.418],[4.779,51.495],[4.824,51.476],[4.823,51.414],[4.762,51.413],[4.91,51.392],[5.028,51.477],[5.08,51.439],[5.068,51.375],[5.215,51.259],[5.493,51.287],[5.568,51.208],[5.829,51.156],[5.846,51.103],[5.722,50.959],[5.764,50.959],[5.624,50.83],[5.707,50.754],[5.995,50.75],[6.159,50.622],[6.249,50.614],[6.171,50.518],[6.337,50.481],[6.375,50.315],[6.157,50.223],[6.117,50.12],[5.962,50.166],[5.719,49.891],[5.758,49.858],[5.728,49.8],[5.885,49.644],[5.837,49.561],[5.456,49.499],[5.402,49.602],[5.298,49.613],[5.259,49.691],[5.169,49.687],[4.971,49.797],[4.849,49.794],[4.86,49.913],[4.784,49.958],[4.863,50.148],[4.789,50.153],[4.682,50.084],[4.657,49.989],[4.465,49.936],[4.132,49.975],[4.21,50.06],[4.181,50.127],[4.126,50.128],[4.198,50.258],[4.125,50.257],[4.003,50.344],[3.755,50.346],[3.697,50.298],[3.608,50.477],[3.271,50.527],[3.232,50.696],[3.129,50.779],[2.971,50.758],[2.887,50.697],[2.787,50.723],[2.587,50.845],[2.608,50.961],[2.537,51.065],[2.522,51.088]]]}},{"type":"Feature","id":"MKD","properties":{"name":"North Macedonia","id":"MKD"},"geometry":{"type":"Polygon","coordinates":[[[20.567,41.873],[20.703,41.85],[20.785,42.082],[21.098,42.196],[21.289,42.09],[21.354,42.216],[21.436,42.247],[21.677,42.235],[21.929,42.335],[22.061,42.301],[22.269,42.37],[22.531,42.129],[22.838,42.019],[22.881,41.873],[23.01,41.716],[22.933,41.612],[22.941,41.35],[22.751,41.315],[22.705,41.14],[22.645,41.18],[22.59,41.125],[22.451,41.114],[22.048,41.152],[21.909,41.097],[21.766,40.924],[21.582,40.866],[21.405,40.909],[21.295,40.861],[20.965,40.849],[20.94,40.907],[20.717,40.913],[20.654,41.075],[20.577,41.094],[20.5,41.236],[20.482,41.341],[20.54,41.401],[20.444,41.55],[20.535,41.585],[20.5,41.734],[20.542,41.862],[20.567,41.873]]]}},{"type":"Feature","id":"ALB","properties":{"name":"Albania","id":"ALB"},"geometry":{"type":"Polygon","coordinates":[[[20.567,41.873],[20.5,41.734],[20.535,41.585],[20.444,41.55],[20.54,41.401],[20.482,41.341],[20.5,41.236],[20.577,41.094],[20.654,41.075],[20.717,40.913],[20.957,40.895],[20.944,40.765],[21.037,40.64],[20.937,40.473],[20.771,40.422],[20.648,40.094],[20.433,40.064],[20.376,39.994],[20.298,39.987],[20.397,39.818],[20.372,39.784],[20.28,39.804],[20.296,39.717],[20.184,39.637],[19.989,39.687],[20.01,39.866],[19.906,39.906],[19.941,39.94],[19.863,40.045],[19.476,40.214],[19.29,40.42],[19.348,40.431],[19.424,40.33],[19.475,40.348],[19.479,40.454],[19.386,40.543],[19.434,40.506],[19.455,40.554],[19.416,40.583],[19.386,40.551],[19.304,40.653],[19.407,40.821],[19.381,40.908],[19.441,40.949],[19.441,40.872],[19.523,40.921],[19.495,41.003],[19.448,40.934],[19.477,40.975],[19.442,41.144],[19.517,41.256],[19.419,41.323],[19.393,41.414],[19.429,41.401],[19.517,41.513],[19.441,41.585],[19.613,41.605],[19.558,41.661],[19.592,41.819],[19.365,41.852],[19.372,42.104],[19.272,42.181],[19.699,42.655],[19.784,42.475],[20.039,42.558],[20.153,42.494],[20.238,42.32],[20.333,42.318],[20.482,42.231],[20.599,41.961],[20.568,41.881],[20.567,41.873]]]}},{"type":"Feature","id":"XKX","properties":{"name":"Kosovo","id":"XKX"},"geometry":{"type":"Polygon","coordinates":[[[20.065,42.547],[20.104,42.653],[20.035,42.751],[20.183,42.743],[20.226,42.807],[20.476,42.856],[20.459,42.95],[20.665,43.085],[20.604,43.198],[20.794,43.263],[20.865,43.217],[20.839,43.17],[21.093,43.091],[21.148,42.993],[21.21,42.996],[21.261,42.887],[21.408,42.847],[21.379,42.744],[21.773,42.648],[21.619,42.449],[21.617,42.387],[21.516,42.342],[21.564,42.246],[21.367,42.224],[21.295,42.149],[21.299,42.091],[21.098,42.196],[20.785,42.082],[20.75,41.907],[20.681,41.844],[20.567,41.873],[20.599,41.961],[20.501,42.211],[20.333,42.318],[20.238,42.32],[20.153,42.494],[20.086,42.53],[20.065,42.547]]]}},{"type":"Feature","id":"TUR","properties":{"name":"Turkey","id":"TUR"},"geometry":{"type":"MultiPolygon","coordinates":[[[[43.44,41.107],[43.46,41.023],[43.636,40.934],[43.721,40.763],[43.707,40.612],[43.559,40.478],[43.625,40.42],[43.594,40.345],[43.721,40.169],[43.665,40.11],[44.032,40.009],[44.326,40.035],[44.522,39.934],[44.807,39.64],[44.566,39.766],[44.459,39.698],[44.388,39.414],[44.015,39.374],[44.078,39.2],[44.187,39.145],[44.152,38.965],[44.275,38.844],[44.244,38.659],[44.297,38.622],[44.29,38.382],[44.459,38.338],[44.202,37.897],[44.367,37.86],[44.436,37.768],[44.506,37.779],[44.596,37.716],[44.541,37.633],[44.587,37.584],[44.566,37.447],[44.802,37.293],[44.766,37.142],[44.61,37.178],[44.343,37.042],[44.285,36.969],[44.18,37.088],[44.248,37.17],[44.235,37.237],[44.088,37.311],[43.99,37.313],[43.809,37.2],[43.48,37.243],[43.115,37.371],[42.937,37.32],[42.78,37.375],[42.716,37.355],[42.545,37.141],[42.357,37.11],[42.347,37.24],[42.211,37.325],[42.009,37.176],[41.48,37.076],[40.709,37.1],[39.765,36.742],[39.24,36.661],[38.725,36.694],[38.48,36.856],[38.224,36.908],[37.446,36.634],[37.242,36.659],[37.053,36.62],[36.965,36.754],[36.64,36.828],[36.531,36.479],[36.578,36.333],[36.649,36.306],[36.67,36.237],[36.451,36.2],[36.373,36.228],[36.358,35.994],[36.197,35.952],[36.138,35.82],[36.004,35.869],[35.98,35.927],[35.911,35.918],[35.975,36.019],[35.787,36.304],[35.919,36.448],[36.211,36.642],[36.189,36.802],[36.02,36.926],[35.805,36.775],[35.607,36.74],[35.579,36.685],[35.709,36.72],[35.623,36.681],[35.609,36.647],[35.696,36.706],[35.624,36.603],[35.49,36.614],[35.531,36.583],[35.445,36.596],[35.346,36.541],[34.982,36.721],[34.9,36.72],[34.771,36.816],[34.693,36.814],[34.276,36.587],[34.077,36.414],[34.078,36.329],[34.0,36.303],[33.959,36.214],[33.871,36.315],[33.688,36.137],[33.647,36.193],[33.552,36.128],[33.157,36.137],[33.088,36.083],[32.941,36.104],[32.804,36.027],[32.365,36.178],[32.019,36.547],[31.817,36.59],[31.341,36.809],[30.776,36.85],[30.687,36.891],[30.57,36.781],[30.57,36.528],[30.475,36.402],[30.52,36.342],[30.427,36.226],[30.399,36.206],[30.384,36.274],[30.159,36.299],[30.111,36.24],[30.048,36.259],[29.672,36.123],[29.642,36.187],[29.584,36.185],[29.624,36.199],[29.42,36.231],[29.412,36.267],[29.35,36.233],[29.096,36.391],[29.13,36.411],[29.115,36.553],[29.014,36.548],[29.042,36.624],[29.117,36.634],[29.096,36.665],[28.939,36.751],[28.85,36.665],[28.87,36.631],[28.902,36.658],[28.87,36.607],[28.829,36.603],[28.843,36.638],[28.746,36.698],[28.623,36.699],[28.61,36.816],[28.487,36.802],[28.452,36.884],[28.377,36.854],[28.425,36.829],[28.396,36.789],[28.278,36.796],[28.315,36.829],[28.257,36.846],[28.249,36.767],[28.295,36.72],[28.234,36.72],[28.036,36.565],[27.959,36.603],[28.09,36.644],[27.966,36.689],[28.116,36.719],[28.082,36.747],[28.131,36.754],[28.118,36.801],[27.918,36.74],[27.719,36.756],[27.671,36.658],[27.404,36.665],[27.356,36.712],[27.645,36.806],[28.028,36.781],[28.042,36.939],[28.165,36.912],[28.212,37.0],[28.329,37.037],[27.562,36.973],[27.438,37.028],[27.383,36.994],[27.376,37.028],[27.263,36.963],[27.229,37.062],[27.294,37.11],[27.253,37.124],[27.383,37.152],[27.46,37.09],[27.565,37.126],[27.528,37.193],[27.61,37.2],[27.616,37.275],[27.464,37.252],[27.491,37.327],[27.397,37.323],[27.438,37.391],[27.407,37.413],[27.33,37.352],[27.191,37.357],[27.226,37.405],[27.223,37.477],[27.178,37.467],[27.209,37.597],[27.011,37.666],[27.25,37.744],[27.275,37.929],[27.239,37.988],[26.975,38.065],[26.873,38.035],[26.76,38.217],[26.636,38.204],[26.595,38.104],[26.519,38.18],[26.417,38.2],[26.39,38.262],[26.354,38.228],[26.233,38.28],[26.308,38.323],[26.294,38.37],[26.385,38.318],[26.476,38.367],[26.452,38.426],[26.513,38.433],[26.388,38.454],[26.349,38.635],[26.414,38.679],[26.506,38.653],[26.63,38.519],[26.643,38.468],[26.588,38.461],[26.588,38.419],[26.673,38.307],[26.702,38.43],[26.795,38.359],[27.164,38.447],[26.935,38.435],[26.815,38.543],[26.89,38.508],[26.835,38.549],[26.849,38.597],[26.719,38.653],[26.753,38.666],[26.719,38.721],[26.903,38.735],[26.935,38.77],[26.897,38.817],[26.961,38.806],[26.959,38.844],[27.063,38.887],[27.041,38.94],[26.866,38.913],[26.806,38.95],[26.794,39.022],[26.875,39.091],[26.738,39.197],[26.719,39.263],[26.609,39.275],[26.93,39.488],[26.938,39.575],[26.249,39.466],[26.07,39.496],[26.157,39.649],[26.168,39.974],[26.311,40.019],[26.408,40.194],[26.501,40.213],[26.736,40.404],[26.991,40.389],[27.096,40.452],[27.287,40.468],[27.329,40.414],[27.294,40.406],[27.452,40.322],[27.763,40.315],[27.884,40.386],[27.792,40.393],[27.684,40.496],[27.76,40.537],[28.034,40.474],[27.904,40.4],[27.945,40.366],[28.348,40.404],[29.052,40.367],[29.152,40.434],[29.066,40.482],[28.917,40.471],[28.774,40.523],[28.793,40.553],[28.986,40.645],[29.491,40.727],[29.56,40.691],[29.939,40.735],[29.666,40.784],[29.378,40.757],[29.315,40.824],[29.255,40.811],[29.295,40.839],[29.264,40.87],[29.028,40.982],[29.008,41.031],[29.17,41.233],[30.137,41.144],[30.282,41.216],[30.833,41.08],[31.231,41.092],[31.393,41.188],[31.404,41.316],[32.162,41.612],[32.263,41.72],[33.324,42.019],[34.694,41.946],[34.889,42.008],[34.948,42.099],[35.024,42.093],[35.082,42.029],[35.216,42.024],[35.117,42.007],[35.092,41.928],[35.298,41.715],[35.577,41.63],[35.957,41.736],[35.915,41.646],[35.973,41.729],[36.045,41.701],[36.134,41.599],[36.134,41.462],[36.395,41.256],[36.518,41.263],[36.62,41.375],[36.758,41.366],[36.985,41.295],[37.04,41.182],[37.136,41.147],[37.299,41.14],[37.525,41.037],[37.608,41.05],[37.69,41.14],[37.784,41.123],[37.785,41.06],[37.896,40.982],[38.331,40.918],[38.718,40.955],[39.168,41.08],[39.273,41.05],[39.43,41.112],[39.63,41.008],[39.896,40.955],[39.999,40.982],[40.143,40.923],[40.465,41.05],[40.557,41.042],[40.827,41.198],[40.922,41.191],[41.39,41.379],[41.521,41.514],[41.703,41.489],[41.813,41.422],[41.948,41.506],[42.463,41.432],[42.565,41.567],[42.661,41.588],[42.82,41.572],[42.767,41.504],[42.868,41.5],[43.184,41.299],[43.103,41.249],[43.172,41.242],[43.216,41.181],[43.383,41.187],[43.452,41.133],[43.44,41.107]]],[[[28.017,41.973],[28.045,41.89],[27.978,41.887],[27.972,41.822],[28.097,41.627],[28.233,41.519],[28.908,41.267],[29.109,41.235],[28.992,41.008],[28.625,40.968],[28.552,41.081],[28.541,40.99],[28.165,41.085],[27.941,40.971],[27.738,41.013],[27.524,40.989],[27.288,40.704],[26.683,40.455],[26.602,40.346],[26.346,40.2],[26.376,40.154],[26.157,40.055],[26.272,40.23],[26.219,40.331],[26.829,40.602],[26.79,40.661],[26.506,40.599],[26.091,40.605],[26.054,40.661],[26.033,40.735],[26.112,40.747],[26.226,40.899],[26.359,40.965],[26.321,41.246],[26.632,41.358],[26.595,41.612],[26.333,41.713],[26.334,41.79],[26.526,41.824],[26.543,41.92],[26.606,41.967],[26.939,41.996],[27.047,42.083],[27.174,42.057],[27.273,42.092],[27.546,41.901],[27.687,41.969],[27.815,41.947],[27.812,41.995],[27.981,41.979],[28.017,41.973]]],[[[26.061,39.838],[26.075,39.785],[25.978,39.834],[26.056,39.843],[26.061,39.838]]],[[[26.012,40.167],[25.766,40.097],[25.663,40.126],[25.759,40.207],[25.926,40.243],[25.972,40.221],[25.963,40.157],[26.006,40.167],[26.012,40.167]]],[[[27.658,40.653],[27.733,40.625],[27.605,40.577],[27.536,40.602],[27.539,40.657],[27.631,40.663],[27.658,40.653]]],[[[27.645,40.46],[27.58,40.477],[27.607,40.505],[27.635,40.467],[27.645,40.46]]]]}},{"type":"Feature","id":"ESP","properties":{"name":"Spain","id":"ESP"},"geometry":{"type":"MultiPolygon","coordinates":[[[[-5.341,35.847],[-5.399,35.925],[-5.283,35.912],[-5.336,35.862],[-5.341,35.847]]],[[[-2.948,35.33],[-2.913,35.277],[-2.967,35.314],[-2.948,35.33]]],[[[-1.794,43.386],[-1.747,43.291],[-1.404,43.243],[-1.426,43.135],[-1.488,43.082],[-1.457,43.045],[-1.366,43.033],[-1.348,43.093],[-1.286,43.109],[-1.294,43.055],[-1.15,43.006],[-0.76,42.947],[-0.74,42.885],[-0.569,42.773],[-0.323,42.843],[-0.161,42.795],[-0.119,42.717],[-0.039,42.685],[0.169,42.726],[0.275,42.669],[0.354,42.717],[0.657,42.688],[0.656,42.838],[0.813,42.832],[1.089,42.771],[1.151,42.707],[1.343,42.709],[1.429,42.595],[1.406,42.529],[1.45,42.504],[1.408,42.487],[1.448,42.435],[1.707,42.503],[1.927,42.437],[2.009,42.347],[2.277,42.429],[2.515,42.326],[2.662,42.339],[2.64,42.373],[2.69,42.406],[2.934,42.47],[3.181,42.431],[3.187,42.35],[3.318,42.323],[3.263,42.24],[3.17,42.26],[3.119,42.218],[3.122,42.14],[3.214,42.068],[3.232,41.946],[2.933,41.712],[2.267,41.449],[2.131,41.304],[1.017,41.052],[0.714,40.815],[0.695,40.786],[0.874,40.728],[0.858,40.686],[0.677,40.565],[0.592,40.582],[0.663,40.575],[0.733,40.634],[0.563,40.59],[0.351,40.285],[-0.091,39.848],[-0.323,39.516],[-0.301,39.322],[-0.158,39.002],[0.235,38.742],[-0.51,38.338],[-0.504,38.207],[-0.624,38.162],[-0.655,37.989],[-0.718,37.943],[-0.761,37.796],[-0.788,37.823],[-0.856,37.742],[-0.705,37.62],[-0.925,37.556],[-1.088,37.581],[-1.106,37.532],[-1.324,37.562],[-1.497,37.428],[-1.671,37.363],[-1.813,37.207],[-1.9,36.941],[-2.127,36.736],[-2.362,36.837],[-2.561,36.819],[-2.617,36.728],[-2.718,36.682],[-2.933,36.752],[-3.33,36.745],[-3.415,36.696],[-3.839,36.752],[-4.403,36.724],[-4.525,36.581],[-4.659,36.508],[-4.903,36.507],[-5.187,36.411],[-5.339,36.141],[-5.425,36.18],[-5.439,36.063],[-5.612,36.006],[-5.917,36.184],[-6.037,36.19],[-6.31,36.534],[-6.231,36.473],[-6.179,36.514],[-6.224,36.511],[-6.283,36.612],[-6.395,36.637],[-6.433,36.751],[-6.346,36.795],[-6.338,36.884],[-6.195,36.932],[-6.345,36.901],[-6.347,36.82],[-6.388,36.808],[-6.5,36.96],[-6.893,37.167],[-6.918,37.215],[-6.853,37.295],[-6.963,37.234],[-6.928,37.172],[-7.101,37.224],[-7.414,37.193],[-7.514,37.601],[-7.307,37.851],[-7.273,37.977],[-7.123,38.04],[-7.024,38.023],[-6.948,38.197],[-7.104,38.174],[-7.359,38.446],[-7.27,38.618],[-7.27,38.738],[-7.056,38.855],[-7.066,38.905],[-6.973,39.014],[-7.016,39.097],[-7.157,39.105],[-7.168,39.171],[-7.258,39.211],[-7.251,39.271],[-7.327,39.341],[-7.314,39.457],[-7.516,39.594],[-7.557,39.68],[-7.021,39.694],[-6.88,40.009],[-7.043,40.181],[-6.794,40.356],[-6.857,40.442],[-6.813,40.515],[-6.85,40.582],[-6.816,40.857],[-6.942,41.016],[-6.804,41.064],[-6.647,41.268],[-6.496,41.295],[-6.321,41.411],[-6.206,41.57],[-6.366,41.664],[-6.542,41.659],[-6.577,41.74],[-6.524,41.867],[-6.609,41.962],[-6.728,41.931],[-6.825,41.984],[-6.855,41.943],[-7.051,41.942],[-7.145,41.987],[-7.2,41.964],[-7.219,41.879],[-7.443,41.806],[-7.469,41.853],[-7.606,41.826],[-7.607,41.873],[-7.722,41.899],[-7.897,41.858],[-7.906,41.914],[-8.049,41.816],[-8.18,41.811],[-8.23,41.905],[-8.095,42.041],[-8.204,42.07],[-8.222,42.154],[-8.627,42.051],[-8.881,41.893],[-8.895,42.119],[-8.827,42.131],[-8.847,42.161],[-8.625,42.302],[-8.623,42.347],[-8.868,42.256],[-8.831,42.342],[-8.655,42.441],[-8.844,42.404],[-8.943,42.469],[-8.881,42.497],[-8.827,42.462],[-8.823,42.57],[-8.731,42.688],[-8.785,42.641],[-8.84,42.682],[-8.869,42.617],[-9.026,42.543],[-9.071,42.596],[-9.03,42.708],[-8.888,42.831],[-9.1,42.758],[-9.135,42.918],[-9.196,42.949],[-9.273,42.893],[-9.28,43.055],[-9.108,43.141],[-9.218,43.155],[-8.933,43.235],[-8.988,43.283],[-8.83,43.341],[-8.693,43.293],[-8.388,43.386],[-8.354,43.349],[-8.331,43.406],[-8.21,43.313],[-8.175,43.416],[-8.305,43.451],[-8.169,43.492],[-8.333,43.472],[-8.313,43.567],[-8.052,43.643],[-8.059,43.709],[-7.909,43.766],[-7.847,43.718],[-7.909,43.67],[-7.858,43.668],[-7.686,43.793],[-7.692,43.727],[-7.641,43.753],[-7.616,43.689],[-7.541,43.732],[-7.367,43.68],[-7.271,43.561],[-7.044,43.559],[-7.045,43.479],[-7.001,43.557],[-6.944,43.566],[-6.069,43.57],[-5.907,43.588],[-5.852,43.663],[-5.677,43.561],[-5.394,43.555],[-5.414,43.507],[-5.3,43.538],[-4.482,43.384],[-3.981,43.438],[-3.827,43.497],[-3.769,43.479],[-3.844,43.445],[-3.811,43.425],[-3.579,43.518],[-3.432,43.467],[-3.502,43.431],[-3.461,43.412],[-3.008,43.321],[-3.029,43.376],[-2.947,43.431],[-2.769,43.453],[-2.691,43.368],[-2.661,43.412],[-2.128,43.287],[-1.919,43.321],[-1.811,43.395],[-1.794,43.386]]],[[[1.983,42.441],[1.957,42.482],[1.986,42.441],[1.983,42.441]]],[[[-17.934,27.852],[-17.879,27.815],[-17.979,27.643],[-18.16,27.722],[-18.167,27.758],[-18.057,27.756],[-17.969,27.832],[-17.934,27.852]]],[[[-15.392,28.03],[-15.378,27.852],[-15.578,27.734],[-15.686,27.763],[-15.815,27.901],[-15.816,27.996],[-15.708,28.082],[-15.706,28.167],[-15.459,28.134],[-15.409,28.18],[-15.4,28.043],[-15.392,28.03]]],[[[-17.31,28.207],[-17.213,28.205],[-17.098,28.101],[-17.258,28.025],[-17.343,28.098],[-17.339,28.171],[-17.31,28.207]]],[[[-16.428,28.15],[-16.546,28.024],[-16.693,28.0],[-16.916,28.355],[-16.507,28.424],[-16.316,28.572],[-16.118,28.572],[-16.356,28.381],[-16.428,28.168],[-16.428,28.15]]],[[[-13.973,28.736],[-13.865,28.744],[-13.824,28.682],[-13.843,28.407],[-13.934,28.244],[-14.192,28.171],[-14.343,28.051],[-14.507,28.071],[-14.224,28.219],[-13.989,28.727],[-13.973,28.736]]],[[[-17.756,28.819],[-17.721,28.731],[-17.837,28.455],[-17.997,28.78],[-17.911,28.856],[-17.765,28.829],[-17.756,28.819]]],[[[-13.483,29.24],[-13.418,29.209],[-13.482,28.999],[-13.709,28.915],[-13.775,28.84],[-13.867,28.865],[-13.798,29.048],[-13.537,29.138],[-13.495,29.225],[-13.483,29.24]]],[[[-13.487,29.285],[-13.541,29.229],[-13.508,29.289],[-13.487,29.285]]],[[[-0.733,37.748],[-0.726,37.665],[-0.738,37.754],[-0.733,37.748]]],[[[1.526,38.678],[1.581,38.653],[1.458,38.681],[1.383,38.642],[1.431,38.755],[1.486,38.695],[1.526,38.678]]],[[[1.606,39.091],[1.623,39.029],[1.415,38.891],[1.403,38.832],[1.217,38.885],[1.218,38.954],[1.301,38.968],[1.293,39.033],[1.357,39.078],[1.598,39.098],[1.606,39.091]]],[[[3.355,39.784],[3.474,39.75],[3.454,39.66],[3.253,39.386],[3.061,39.269],[2.959,39.363],[2.787,39.376],[2.744,39.523],[2.682,39.559],[2.493,39.47],[2.454,39.537],[2.392,39.524],[2.351,39.576],[2.813,39.873],[3.179,39.969],[3.214,39.955],[3.097,39.914],[3.095,39.881],[3.207,39.893],[3.126,39.832],[3.136,39.789],[3.224,39.75],[3.34,39.779],[3.355,39.784]]],[[[4.303,39.926],[4.337,39.867],[4.303,39.888],[4.3,39.822],[4.248,39.816],[3.981,39.936],[3.831,39.936],[3.851,39.984],[3.803,40.018],[4.105,40.079],[4.298,39.942],[4.303,39.926]]],[[[2.985,39.166],[2.962,39.116],[2.914,39.152],[2.981,39.186],[2.985,39.166]]],[[[-4.3,35.173],[-4.299,35.173],[-4.297,35.172],[-4.3,35.173]]],[[[-3.903,35.215],[-3.902,35.216],[-3.902,35.215],[-3.903,35.215]]],[[[-3.901,35.218],[-3.9,35.218],[-3.9,35.217],[-3.901,35.218]]],[[[-2.434,35.185],[-2.429,35.186],[-2.427,35.182],[-2.434,35.185]]],[[[-5.419,35.916],[-5.416,35.914],[-5.418,35.911],[-5.419,35.916]]]]}},{"type":"Feature","id":"DNK","properties":{"name":"Denmark","id":"DNK"},"geometry":{"type":"MultiPolygon","coordinates":[[[[8.661,54.896],[8.641,55.023],[8.682,55.133],[8.564,55.143],[8.499,55.066],[8.459,55.103],[8.489,55.197],[8.689,55.142],[8.618,55.438],[8.442,55.464],[8.313,55.583],[8.239,55.558],[8.313,55.469],[8.095,55.549],[8.182,55.729],[8.128,55.988],[8.194,55.812],[8.393,55.909],[8.282,56.076],[8.15,56.111],[8.135,55.994],[8.108,56.024],[8.122,56.552],[8.179,56.672],[8.22,56.709],[8.202,56.64],[8.306,56.598],[8.307,56.554],[8.566,56.579],[8.637,56.48],[8.727,56.483],[8.763,56.563],[8.682,56.627],[8.917,56.709],[8.841,56.722],[8.956,56.803],[9.063,56.813],[9.176,56.709],[9.059,56.634],[9.061,56.566],[9.155,56.613],[9.121,56.62],[9.155,56.661],[9.276,56.633],[9.25,56.579],[9.326,56.53],[9.373,56.565],[9.294,56.561],[9.306,56.695],[9.169,56.689],[9.243,56.747],[9.175,56.806],[9.2,56.939],[9.437,57.024],[9.608,56.97],[9.689,57.039],[9.916,57.059],[9.796,57.106],[9.245,57.002],[9.115,57.059],[8.68,56.953],[8.608,56.85],[8.491,56.794],[8.476,56.716],[8.527,56.695],[8.408,56.689],[8.586,56.689],[8.608,56.631],[8.56,56.593],[8.352,56.693],[8.302,56.764],[8.244,56.777],[8.246,56.704],[8.248,56.812],[8.618,57.123],[9.412,57.165],[9.573,57.243],[9.967,57.591],[10.198,57.601],[10.539,57.744],[10.649,57.737],[10.542,57.699],[10.43,57.571],[10.547,57.435],[10.539,57.237],[10.411,57.144],[10.347,57.01],[10.24,56.993],[9.995,57.093],[9.927,57.059],[10.002,57.084],[10.314,56.983],[10.266,56.908],[10.341,56.717],[10.146,56.722],[9.806,56.64],[10.151,56.714],[10.334,56.704],[10.34,56.62],[10.214,56.558],[10.183,56.47],[10.33,56.603],[10.47,56.521],[10.822,56.534],[10.964,56.448],[10.912,56.334],[10.755,56.229],[10.739,56.155],[10.672,56.165],[10.688,56.222],[10.629,56.238],[10.549,56.178],[10.548,56.101],[10.491,56.14],[10.509,56.17],[10.355,56.202],[10.491,56.216],[10.505,56.278],[10.403,56.298],[10.22,56.148],[10.266,56.074],[10.231,56.017],[10.278,56.018],[10.182,55.834],[10.102,55.882],[9.867,55.852],[10.046,55.814],[10.017,55.766],[10.06,55.749],[10.005,55.701],[9.792,55.674],[9.556,55.712],[9.854,55.627],[9.707,55.537],[9.498,55.489],[9.66,55.478],[9.587,55.427],[9.71,55.249],[9.684,55.198],[9.486,55.156],[9.512,55.133],[9.457,55.126],[9.56,55.085],[9.434,55.038],[9.58,55.051],[9.731,54.995],[9.763,54.9],[9.703,54.886],[9.746,54.836],[9.623,54.865],[9.615,54.933],[9.437,54.81],[9.317,54.802],[8.904,54.898],[8.696,54.89],[8.661,54.896]]],[[[11.845,54.732],[11.811,54.655],[11.474,54.626],[10.999,54.787],[11.108,54.832],[11.019,54.886],[11.032,54.919],[11.232,54.961],[11.595,54.811],[11.573,54.848],[11.656,54.866],[11.649,54.914],[11.855,54.744],[11.845,54.732]]],[[[10.45,54.9],[10.519,54.852],[10.383,54.831],[10.189,54.977],[10.464,54.882],[10.45,54.9]]],[[[12.417,55.03],[12.538,55.002],[12.552,54.957],[12.348,54.96],[12.208,54.886],[12.115,54.907],[12.177,54.989],[12.287,54.989],[12.251,55.061],[12.335,55.033],[12.417,55.03]]],[[[10.011,54.976],[10.064,54.881],[9.954,54.863],[9.874,54.893],[9.992,54.879],[9.781,54.917],[9.758,54.982],[9.848,54.948],[9.799,55.017],[9.628,55.058],[9.793,55.081],[9.987,54.998],[10.011,54.976]]],[[[10.855,55.044],[10.957,55.154],[10.741,54.752],[10.694,54.735],[10.601,54.838],[10.724,54.886],[10.697,54.931],[10.798,54.997],[10.855,55.044]]],[[[15.151,55.133],[15.073,54.992],[14.684,55.101],[14.761,55.309],[15.132,55.145],[15.151,55.133]]],[[[8.476,55.345],[8.402,55.38],[8.374,55.463],[8.463,55.427],[8.467,55.354],[8.476,55.345]]],[[[10.666,55.064],[10.538,55.03],[10.066,55.092],[10.156,55.14],[10.004,55.197],[10.026,55.126],[9.986,55.128],[9.98,55.213],[9.884,55.253],[9.885,55.349],[9.802,55.362],[9.778,55.38],[9.84,55.4],[9.703,55.468],[9.812,55.441],[9.676,55.496],[9.755,55.544],[9.888,55.509],[10.308,55.618],[10.519,55.533],[10.42,55.459],[10.472,55.443],[10.609,55.493],[10.567,55.524],[10.614,55.528],[10.628,55.614],[10.742,55.487],[10.554,55.443],[10.698,55.44],[10.834,55.29],[10.78,55.305],[10.813,55.194],[10.706,55.063],[10.666,55.064]]],[[[12.616,55.688],[12.675,55.601],[12.556,55.55],[12.52,55.619],[12.614,55.692],[12.616,55.688]]],[[[10.559,55.866],[10.58,55.912],[10.515,55.951],[10.544,55.998],[10.621,55.88],[10.669,55.88],[10.582,55.76],[10.52,55.789],[10.542,55.858],[10.559,55.866]]],[[[12.04,54.893],[12.17,54.838],[11.961,54.694],[11.949,54.569],[11.869,54.66],[11.91,54.722],[11.711,54.941],[11.883,54.982],[11.616,55.092],[11.827,55.051],[11.718,55.126],[11.807,55.147],[11.729,55.155],[11.718,55.208],[11.261,55.201],[11.239,55.242],[11.286,55.256],[11.153,55.328],[11.19,55.345],[11.088,55.359],[11.214,55.404],[11.164,55.502],[11.081,55.513],[11.146,55.576],[10.93,55.668],[11.088,55.66],[10.875,55.743],[11.163,55.749],[11.122,55.737],[11.193,55.7],[11.19,55.737],[11.364,55.765],[11.348,55.838],[11.505,55.869],[11.477,55.941],[11.273,55.997],[11.599,55.942],[11.768,55.971],[11.744,55.904],[11.663,55.907],[11.718,55.811],[11.608,55.783],[11.739,55.797],[11.763,55.749],[11.657,55.731],[11.746,55.731],[11.78,55.66],[11.869,55.805],[11.954,55.854],[11.935,55.934],[11.998,55.903],[12.052,55.737],[11.91,55.66],[12.001,55.699],[12.06,55.654],[12.095,55.729],[12.026,55.941],[11.865,55.939],[11.866,55.973],[12.245,56.129],[12.622,56.044],[12.513,55.928],[12.602,55.797],[12.602,55.709],[12.487,55.61],[12.331,55.595],[12.198,55.487],[12.225,55.435],[12.435,55.364],[12.465,55.29],[12.183,55.227],[12.099,55.141],[12.077,55.182],[12.015,55.167],[12.177,55.105],[12.118,55.074],[12.149,54.994],[11.897,54.995],[11.89,54.93],[11.958,54.948],[12.024,54.898],[12.04,54.893]]],[[[11.512,56.695],[11.649,56.73],[11.525,56.685],[11.512,56.695]]],[[[8.826,56.744],[8.658,56.678],[8.515,56.738],[8.545,56.791],[8.669,56.826],[8.621,56.832],[8.652,56.894],[8.814,56.91],[8.929,56.977],[8.9,56.875],[8.84,56.88],[8.881,56.805],[8.839,56.757],[8.826,56.744]]],[[[11.142,57.332],[11.197,57.303],[11.067,57.291],[11.091,57.253],[11.029,57.202],[10.855,57.265],[11.102,57.32],[11.142,57.332]]]]}},{"type":"Feature","id":"ROU","properties":{"name":"Romania","id":"ROU"},"geometry":{"type":"Polygon","coordinates":[[[22.878,47.947],[22.924,48.005],[23.063,48.007],[23.139,48.098],[23.461,47.971],[23.78,47.988],[23.855,47.934],[24.009,47.961],[24.231,47.897],[24.542,47.944],[24.897,47.71],[25.08,47.743],[25.262,47.899],[26.173,47.993],[26.271,48.094],[26.303,48.212],[26.689,48.275],[26.938,48.205],[26.998,48.167],[26.967,48.143],[27.048,48.122],[27.096,48.006],[27.169,47.983],[27.281,47.693],[27.473,47.492],[27.576,47.46],[27.572,47.375],[27.733,47.276],[27.844,47.114],[28.069,46.989],[28.234,46.662],[28.246,46.428],[28.109,46.234],[28.145,46.183],[28.083,46.015],[28.168,45.632],[28.062,45.594],[28.286,45.422],[28.33,45.323],[28.71,45.227],[28.803,45.244],[28.76,45.274],[28.79,45.321],[28.93,45.279],[29.322,45.444],[29.57,45.395],[29.65,45.346],[29.666,45.231],[29.624,45.21],[29.7,45.162],[29.618,44.861],[29.562,44.82],[29.156,44.784],[29.001,44.689],[28.975,44.745],[29.139,44.804],[29.096,44.875],[29.104,44.84],[29.044,44.866],[29.052,44.945],[29.111,44.97],[28.983,45.012],[28.869,44.943],[28.866,44.883],[28.952,44.827],[28.946,44.765],[28.798,44.72],[28.784,44.649],[28.869,44.662],[28.898,44.717],[28.988,44.675],[28.939,44.634],[28.975,44.687],[28.758,44.627],[28.758,44.465],[28.925,44.621],[28.635,44.316],[28.672,43.997],[28.578,43.741],[28.221,43.762],[27.981,43.849],[27.912,43.993],[27.722,43.949],[27.633,44.03],[27.384,44.015],[27.251,44.122],[27.027,44.177],[26.151,44.012],[25.781,43.732],[25.403,43.65],[24.964,43.75],[24.706,43.744],[24.466,43.802],[24.159,43.753],[23.485,43.881],[22.889,43.84],[22.851,43.897],[22.886,43.995],[23.023,44.032],[23.031,44.093],[22.691,44.229],[22.682,44.305],[22.549,44.349],[22.477,44.464],[22.58,44.565],[22.7,44.542],[22.765,44.583],[22.426,44.734],[22.127,44.503],[21.994,44.659],[21.656,44.688],[21.578,44.778],[21.396,44.79],[21.356,44.857],[21.536,44.889],[21.351,44.998],[21.493,45.145],[20.981,45.333],[20.767,45.479],[20.786,45.753],[20.688,45.743],[20.572,45.888],[20.354,45.977],[20.243,46.108],[20.469,46.174],[20.664,46.138],[20.799,46.268],[21.033,46.231],[21.144,46.284],[21.179,46.384],[21.281,46.416],[21.245,46.477],[21.301,46.604],[21.502,46.704],[21.47,46.743],[21.503,46.805],[21.583,46.848],[21.671,46.993],[21.633,47.023],[21.764,47.105],[21.862,47.297],[22.002,47.394],[22.008,47.517],[22.162,47.586],[22.273,47.724],[22.454,47.787],[22.638,47.772],[22.861,47.934],[22.878,47.947]]]}},{"type":"Feature","id":"HUN","properties":{"name":"Hungary","id":"HUN"},"geometry":{"type":"Polygon","coordinates":[[[22.878,47.947],[22.638,47.772],[22.454,47.787],[22.273,47.724],[22.162,47.586],[22.008,47.517],[22.002,47.394],[21.862,47.297],[21.764,47.105],[21.633,47.023],[21.671,46.993],[21.583,46.848],[21.503,46.805],[21.47,46.743],[21.502,46.704],[21.301,46.604],[21.245,46.477],[21.281,46.416],[21.196,46.398],[21.144,46.284],[21.051,46.236],[20.82,46.272],[20.664,46.138],[20.469,46.174],[20.243,46.108],[20.098,46.155],[19.79,46.129],[19.55,46.164],[19.263,45.981],[19.088,46.019],[18.982,45.922],[18.656,45.908],[18.573,45.817],[18.404,45.742],[18.211,45.785],[17.858,45.772],[17.657,45.845],[17.591,45.936],[17.345,45.956],[17.209,46.117],[16.975,46.211],[16.838,46.382],[16.515,46.502],[16.368,46.643],[16.411,46.668],[16.314,46.743],[16.325,46.839],[16.094,46.863],[16.275,47.004],[16.486,46.999],[16.425,47.024],[16.493,47.049],[16.454,47.082],[16.51,47.138],[16.413,47.187],[16.473,47.277],[16.434,47.397],[16.641,47.453],[16.689,47.538],[16.63,47.622],[16.408,47.661],[16.568,47.754],[16.797,47.675],[16.85,47.713],[17.075,47.708],[17.004,47.863],[17.185,48.02],[17.338,47.999],[17.573,47.83],[17.826,47.75],[18.693,47.778],[18.816,47.833],[18.749,47.871],[18.743,47.971],[18.838,48.04],[19.428,48.086],[19.514,48.204],[19.623,48.227],[19.929,48.13],[20.135,48.247],[20.324,48.28],[20.482,48.526],[20.8,48.569],[21.109,48.489],[21.439,48.558],[21.592,48.493],[21.759,48.334],[22.236,48.415],[22.357,48.243],[22.481,48.243],[22.605,48.097],[22.746,48.116],[22.831,48.072],[22.841,47.967],[22.878,47.947]]]}},{"type":"Feature","id":"SVK","properties":{"name":"Slovakia","id":"SVK"},"geometry":{"type":"Polygon","coordinates":[[[22.54,49.072],[22.521,48.993],[22.449,48.971],[22.369,48.856],[22.31,48.682],[22.139,48.57],[22.133,48.405],[22.096,48.379],[21.728,48.341],[21.592,48.493],[21.425,48.561],[21.109,48.489],[20.8,48.569],[20.511,48.534],[20.324,48.28],[20.135,48.247],[19.929,48.13],[19.623,48.227],[19.514,48.204],[19.428,48.086],[18.838,48.04],[18.743,47.971],[18.749,47.871],[18.816,47.833],[18.693,47.778],[17.742,47.765],[17.338,47.999],[17.07,48.036],[17.08,48.098],[16.982,48.161],[16.954,48.273],[16.844,48.366],[16.954,48.557],[16.948,48.623],[17.114,48.834],[17.212,48.866],[17.535,48.813],[17.86,48.922],[17.914,49.01],[18.096,49.07],[18.161,49.259],[18.385,49.342],[18.388,49.39],[18.556,49.49],[18.932,49.504],[18.962,49.389],[19.117,49.391],[19.173,49.402],[19.234,49.507],[19.443,49.602],[19.557,49.454],[19.635,49.441],[19.627,49.402],[19.769,49.393],[19.809,49.271],[19.761,49.194],[19.938,49.225],[20.05,49.173],[20.136,49.309],[20.284,49.339],[20.318,49.392],[20.69,49.401],[20.919,49.29],[21.073,49.357],[21.033,49.4],[21.069,49.419],[21.601,49.426],[21.758,49.349],[21.82,49.377],[21.928,49.331],[22.041,49.197],[22.505,49.083],[22.54,49.072]]]}},{"type":"Feature","id":"POL","properties":{"name":"Poland","id":"POL"},"geometry":{"type":"Polygon","coordinates":[[[18.833,49.51],[18.788,49.669],[18.618,49.714],[18.559,49.907],[18.292,49.908],[18.002,50.047],[18.032,50.003],[17.839,49.974],[17.732,50.095],[17.633,50.106],[17.589,50.163],[17.748,50.218],[17.708,50.311],[17.424,50.241],[17.188,50.378],[16.893,50.433],[16.866,50.408],[17.015,50.218],[16.818,50.187],[16.661,50.093],[16.344,50.37],[16.2,50.406],[16.426,50.568],[16.332,50.644],[16.086,50.647],[15.982,50.604],[15.971,50.679],[15.848,50.675],[15.792,50.743],[15.442,50.8],[15.356,50.775],[15.256,50.9],[15.27,50.953],[15.144,51.012],[14.961,50.993],[14.997,50.959],[14.982,50.859],[14.81,50.858],[14.955,51.064],[15.019,51.272],[14.945,51.449],[14.71,51.53],[14.732,51.658],[14.586,51.804],[14.761,52.077],[14.686,52.121],[14.712,52.236],[14.584,52.291],[14.545,52.382],[14.645,52.577],[14.124,52.851],[14.165,52.896],[14.144,52.96],[14.343,53.049],[14.442,53.252],[14.304,53.509],[14.264,53.7],[14.294,53.749],[14.591,53.598],[14.624,53.653],[14.545,53.704],[14.576,53.77],[14.624,53.77],[14.631,53.852],[14.587,53.813],[14.576,53.855],[14.441,53.87],[14.432,53.906],[14.363,53.879],[14.405,53.844],[14.319,53.818],[14.175,53.906],[14.407,53.922],[15.86,54.25],[16.179,54.263],[16.215,54.3],[16.138,54.29],[16.324,54.35],[16.282,54.359],[16.57,54.557],[16.94,54.606],[17.337,54.749],[18.152,54.838],[18.34,54.833],[18.752,54.69],[18.835,54.603],[18.708,54.701],[18.456,54.788],[18.413,54.747],[18.476,54.64],[18.523,54.647],[18.588,54.434],[18.886,54.35],[19.377,54.378],[19.61,54.457],[22.698,54.343],[22.838,54.401],[23.449,54.155],[23.496,54.045],[23.459,53.982],[23.591,53.611],[23.894,53.152],[23.859,53.068],[23.911,53.005],[23.922,52.743],[23.869,52.67],[23.392,52.51],[23.166,52.289],[23.19,52.241],[23.488,52.182],[23.512,52.124],[23.637,52.084],[23.676,51.994],[23.595,51.843],[23.618,51.787],[23.552,51.737],[23.543,51.593],[23.698,51.404],[23.635,51.305],[23.864,51.148],[23.979,50.938],[24.143,50.856],[23.958,50.808],[24.081,50.713],[24.108,50.541],[24.011,50.493],[23.981,50.405],[23.682,50.368],[23.101,49.957],[22.666,49.567],[22.641,49.529],[22.738,49.275],[22.682,49.161],[22.853,49.085],[22.855,48.994],[22.041,49.197],[21.928,49.331],[21.82,49.377],[21.758,49.349],[21.601,49.426],[21.069,49.419],[21.033,49.4],[21.073,49.357],[20.919,49.29],[20.69,49.401],[20.318,49.392],[20.284,49.339],[20.136,49.309],[20.05,49.173],[19.938,49.225],[19.761,49.194],[19.809,49.271],[19.769,49.393],[19.627,49.402],[19.635,49.441],[19.557,49.454],[19.457,49.598],[19.234,49.507],[19.142,49.394],[18.962,49.389],[18.932,49.504],[18.833,49.51]]]}},{"type":"Feature","id":"IRL","properties":{"name":"Ireland","id":"IRL"},"geometry":{"type":"MultiPolygon","coordinates":[[[[-7.247,55.069],[-7.405,55.004],[-7.543,54.742],[-7.93,54.697],[-7.708,54.604],[-8.174,54.462],[-7.88,54.287],[-7.856,54.211],[-7.327,54.114],[-7.326,54.155],[-7.28,54.126],[-7.249,54.197],[-7.153,54.224],[-7.192,54.335],[-7.018,54.413],[-6.88,54.342],[-6.882,54.277],[-6.788,54.203],[-6.64,54.168],[-6.673,54.068],[-6.631,54.042],[-6.378,54.063],[-6.355,54.111],[-6.107,54.014],[-6.161,53.974],[-6.36,54.016],[-6.378,53.935],[-6.351,53.881],[-6.243,53.865],[-6.23,53.657],[-6.077,53.555],[-6.133,53.461],[-6.195,53.461],[-6.062,53.367],[-6.132,53.392],[-6.218,53.347],[-6.097,53.286],[-6.03,53.111],[-6.052,53.009],[-5.994,52.957],[-6.13,52.816],[-6.215,52.666],[-6.209,52.546],[-6.356,52.409],[-6.366,52.344],[-6.496,52.364],[-6.409,52.289],[-6.373,52.323],[-6.318,52.241],[-6.347,52.197],[-6.806,52.213],[-6.764,52.261],[-6.932,52.125],[-6.904,52.172],[-6.997,52.289],[-6.955,52.179],[-7.017,52.138],[-7.106,52.131],[-7.072,52.166],[-7.106,52.173],[-7.6,52.101],[-7.627,52.063],[-7.545,52.055],[-7.59,51.991],[-7.723,51.945],[-7.85,51.98],[-7.922,51.912],[-7.891,51.882],[-8.021,51.824],[-8.246,51.803],[-8.187,51.893],[-8.409,51.892],[-8.298,51.83],[-8.297,51.766],[-8.436,51.693],[-8.484,51.714],[-8.484,51.678],[-8.558,51.706],[-8.498,51.693],[-8.532,51.611],[-8.758,51.645],[-8.69,51.631],[-8.696,51.577],[-8.854,51.596],[-8.933,51.535],[-9.121,51.563],[-9.224,51.487],[-9.381,51.474],[-9.32,51.535],[-9.402,51.501],[-9.443,51.56],[-9.82,51.446],[-9.834,51.487],[-9.546,51.611],[-9.848,51.549],[-9.459,51.684],[-9.443,51.72],[-9.56,51.762],[-9.546,51.72],[-9.627,51.685],[-10.156,51.583],[-10.06,51.631],[-10.088,51.672],[-9.957,51.706],[-9.981,51.732],[-9.786,51.769],[-9.813,51.788],[-9.738,51.837],[-9.581,51.878],[-10.136,51.741],[-10.224,51.782],[-10.177,51.814],[-10.235,51.851],[-10.341,51.788],[-10.396,51.885],[-10.254,51.909],[-10.307,51.953],[-10.266,51.988],[-9.971,52.09],[-9.926,52.063],[-9.908,52.131],[-9.758,52.152],[-10.437,52.097],[-10.461,52.18],[-10.372,52.176],[-10.367,52.228],[-10.172,52.287],[-10.166,52.235],[-10.101,52.241],[-10.045,52.269],[-10.06,52.31],[-9.947,52.238],[-9.738,52.248],[-9.869,52.273],[-9.834,52.375],[-9.95,52.412],[-9.635,52.474],[-9.683,52.495],[-9.648,52.57],[-9.272,52.577],[-8.751,52.673],[-8.961,52.694],[-8.943,52.775],[-9.147,52.624],[-9.286,52.591],[-9.333,52.598],[-9.279,52.639],[-9.434,52.612],[-9.581,52.666],[-9.553,52.639],[-9.707,52.58],[-9.936,52.557],[-9.628,52.727],[-9.499,52.753],[-9.354,52.933],[-9.478,52.94],[-9.272,53.147],[-9.073,53.118],[-9.128,53.159],[-8.936,53.146],[-8.957,53.18],[-8.895,53.221],[-9.046,53.221],[-8.943,53.262],[-9.022,53.275],[-9.512,53.228],[-9.555,53.291],[-9.612,53.236],[-9.617,53.321],[-9.561,53.341],[-9.601,53.365],[-9.553,53.385],[-9.622,53.378],[-9.635,53.33],[-9.653,53.393],[-9.807,53.302],[-9.902,53.324],[-9.799,53.42],[-9.911,53.426],[-9.961,53.38],[-10.177,53.413],[-10.012,53.482],[-10.18,53.555],[-10.005,53.544],[-9.971,53.563],[-10.047,53.599],[-9.868,53.617],[-9.697,53.598],[-9.908,53.646],[-9.908,53.762],[-9.566,53.796],[-9.622,53.817],[-9.56,53.865],[-9.566,53.899],[-9.944,53.879],[-9.916,53.954],[-9.788,53.916],[-9.899,54.025],[-9.834,54.112],[-9.971,54.079],[-9.991,54.105],[-9.908,54.118],[-10.011,54.218],[-10.087,54.159],[-10.067,54.095],[-10.117,54.096],[-10.06,54.222],[-10.115,54.235],[-9.998,54.304],[-9.881,54.263],[-9.977,54.242],[-9.91,54.204],[-9.844,54.277],[-9.765,54.256],[-9.846,54.321],[-9.786,54.338],[-9.268,54.304],[-9.141,54.146],[-9.051,54.289],[-8.676,54.271],[-8.511,54.208],[-8.621,54.256],[-8.47,54.277],[-8.573,54.314],[-8.519,54.327],[-8.664,54.359],[-8.474,54.43],[-8.467,54.475],[-8.21,54.502],[-8.271,54.524],[-8.121,54.647],[-8.292,54.606],[-8.302,54.64],[-8.457,54.565],[-8.388,54.62],[-8.673,54.619],[-8.798,54.692],[-8.637,54.768],[-8.457,54.756],[-8.53,54.788],[-8.408,54.763],[-8.558,54.818],[-8.491,54.852],[-8.326,54.832],[-8.381,54.856],[-8.313,54.879],[-8.337,54.904],[-8.451,54.922],[-8.367,54.948],[-8.457,55.003],[-8.347,55.064],[-8.32,55.034],[-8.278,55.161],[-8.141,55.161],[-8.156,55.124],[-7.977,55.222],[-8.004,55.174],[-7.909,55.188],[-7.856,55.139],[-7.866,55.215],[-7.799,55.256],[-7.816,55.195],[-7.718,55.167],[-7.703,55.099],[-7.668,55.147],[-7.695,55.207],[-7.723,55.176],[-7.788,55.219],[-7.644,55.273],[-7.526,55.116],[-7.641,55.051],[-7.562,55.045],[-7.681,54.954],[-7.456,55.056],[-7.463,55.143],[-7.55,55.215],[-7.524,55.29],[-7.257,55.284],[-7.384,55.386],[-6.94,55.239],[-7.245,55.073],[-7.247,55.069]]],[[[-9.663,53.275],[-9.638,53.251],[-9.692,53.226],[-9.72,53.266],[-9.671,53.281],[-9.663,53.275]]],[[[-9.964,53.954],[-9.923,53.954],[-9.958,53.881],[-10.056,53.914],[-10.067,53.968],[-10.266,53.982],[-9.976,54.021],[-9.936,53.989],[-9.964,53.961],[-9.964,53.954]]],[[[-8.525,55.01],[-8.484,54.976],[-8.566,54.976],[-8.53,55.014],[-8.525,55.01]]],[[[-9.817,51.639],[-9.918,51.619],[-9.824,51.639],[-9.817,51.639]]],[[[-10.313,51.926],[-10.429,51.89],[-10.318,51.925],[-10.313,51.926]]],[[[-9.648,53.102],[-9.811,53.138],[-9.672,53.109],[-9.648,53.102]]]]}},{"type":"Feature","id":"GBR","properties":{"name":"United Kingdom","id":"GBR"},"geometry":{"type":"MultiPolygon","coordinates":[[[[-7.247,55.069],[-7.054,55.049],[-6.963,55.195],[-6.755,55.178],[-6.476,55.249],[-6.101,55.212],[-6.037,55.168],[-6.062,55.074],[-5.968,55.044],[-5.986,54.982],[-5.886,54.941],[-5.801,54.821],[-5.716,54.784],[-5.798,54.845],[-5.752,54.857],[-5.69,54.793],[-5.729,54.729],[-5.891,54.672],[-5.907,54.606],[-5.748,54.68],[-5.575,54.68],[-5.434,54.461],[-5.516,54.338],[-5.577,54.403],[-5.558,54.512],[-5.702,54.578],[-5.716,54.537],[-5.626,54.516],[-5.67,54.506],[-5.626,54.441],[-5.709,54.352],[-5.58,54.384],[-5.553,54.299],[-5.656,54.23],[-5.862,54.231],[-5.894,54.105],[-6.08,54.035],[-6.355,54.111],[-6.378,54.063],[-6.631,54.042],[-6.673,54.068],[-6.64,54.168],[-6.788,54.203],[-6.882,54.277],[-6.88,54.342],[-7.018,54.413],[-7.192,54.335],[-7.153,54.224],[-7.249,54.197],[-7.28,54.126],[-7.296,54.165],[-7.333,54.149],[-7.31,54.115],[-7.609,54.14],[-7.705,54.2],[-7.856,54.211],[-7.88,54.287],[-8.174,54.462],[-7.708,54.604],[-7.93,54.697],[-7.543,54.742],[-7.405,55.004],[-7.267,55.065],[-7.247,55.069]]],[[[-2.665,51.617],[-2.859,51.546],[-2.975,51.563],[-3.173,51.453],[-3.185,51.398],[-3.539,51.399],[-3.738,51.491],[-3.842,51.622],[-3.977,51.612],[-3.975,51.563],[-4.027,51.554],[-4.29,51.556],[-4.29,51.617],[-4.071,51.676],[-4.315,51.677],[-4.379,51.727],[-4.31,51.734],[-4.363,51.743],[-4.365,51.789],[-4.461,51.736],[-4.645,51.732],[-4.712,51.65],[-4.941,51.597],[-5.12,51.678],[-4.845,51.714],[-4.879,51.762],[-4.824,51.796],[-4.934,51.775],[-4.911,51.718],[-5.183,51.689],[-5.25,51.734],[-5.11,51.779],[-5.126,51.856],[-5.311,51.864],[-5.298,51.911],[-5.12,51.959],[-5.07,52.026],[-4.841,52.015],[-4.72,52.113],[-4.316,52.216],[-4.11,52.365],[-4.057,52.529],[-3.947,52.549],[-4.053,52.542],[-4.125,52.604],[-3.988,52.734],[-4.049,52.722],[-4.149,52.812],[-4.078,52.927],[-4.407,52.893],[-4.516,52.789],[-4.763,52.789],[-4.596,52.928],[-4.358,53.028],[-4.341,53.113],[-4.178,53.218],[-3.831,53.289],[-3.878,53.338],[-3.602,53.289],[-3.33,53.352],[-3.088,53.235],[-3.186,53.393],[-3.058,53.435],[-2.881,53.288],[-2.7,53.352],[-2.925,53.35],[-3.102,53.558],[-2.899,53.735],[-3.049,53.77],[-3.057,53.906],[-2.858,53.968],[-2.83,54.016],[-2.918,54.034],[-2.796,54.125],[-2.854,54.194],[-2.796,54.249],[-2.939,54.155],[-3.049,54.222],[-3.145,54.064],[-3.241,54.112],[-3.207,54.263],[-3.232,54.203],[-3.307,54.192],[-3.407,54.278],[-3.413,54.343],[-3.634,54.513],[-3.388,54.883],[-3.255,54.9],[-3.317,54.92],[-3.277,54.943],[-3.022,54.976],[-3.571,54.995],[-3.582,54.884],[-3.812,54.855],[-3.817,54.886],[-3.858,54.845],[-3.824,54.825],[-4.012,54.768],[-4.064,54.832],[-4.123,54.773],[-4.209,54.826],[-4.201,54.866],[-4.271,54.839],[-4.403,54.907],[-4.417,54.846],[-4.344,54.795],[-4.382,54.68],[-4.859,54.866],[-4.955,54.805],[-4.859,54.633],[-4.954,54.66],[-4.955,54.729],[-5.157,54.879],[-5.171,55.009],[-5.115,55.032],[-5.061,54.931],[-4.996,54.92],[-5.05,55.027],[-5.008,55.141],[-4.867,55.222],[-4.833,55.331],[-4.618,55.496],[-4.693,55.605],[-4.921,55.709],[-4.861,55.757],[-4.886,55.92],[-4.799,55.958],[-4.482,55.928],[-4.673,55.962],[-4.824,56.079],[-4.779,55.992],[-4.852,55.988],[-4.865,56.067],[-4.756,56.207],[-4.852,56.113],[-4.921,56.168],[-4.893,55.99],[-4.955,55.997],[-4.914,55.962],[-4.983,55.871],[-5.042,55.885],[-5.124,56.01],[-5.087,55.901],[-5.181,55.969],[-5.242,55.893],[-5.201,55.831],[-5.297,55.853],[-5.338,55.997],[-4.921,56.278],[-5.065,56.229],[-5.369,56.009],[-5.444,56.028],[-5.455,55.956],[-5.318,55.783],[-5.49,55.645],[-5.455,55.592],[-5.585,55.427],[-5.525,55.359],[-5.616,55.307],[-5.783,55.314],[-5.791,55.399],[-5.716,55.448],[-5.681,55.674],[-5.455,55.846],[-5.599,55.764],[-5.66,55.797],[-5.674,55.846],[-5.571,55.935],[-5.672,55.887],[-5.696,55.916],[-5.571,56.038],[-5.708,55.943],[-5.577,56.097],[-5.532,56.086],[-5.559,56.131],[-5.51,56.188],[-5.606,56.14],[-5.493,56.26],[-5.592,56.25],[-5.573,56.328],[-5.448,56.36],[-5.538,56.36],[-5.457,56.441],[-5.209,56.447],[-5.065,56.565],[-5.201,56.462],[-5.378,56.459],[-5.411,56.504],[-5.469,56.476],[-5.428,56.538],[-5.242,56.565],[-5.414,56.545],[-5.318,56.661],[-4.996,56.716],[-5.238,56.717],[-5.12,56.818],[-5.674,56.497],[-5.77,56.538],[-5.749,56.572],[-5.854,56.55],[-6.008,56.642],[-5.839,56.627],[-5.866,56.661],[-5.76,56.701],[-5.544,56.695],[-6.162,56.678],[-6.234,56.729],[-5.757,56.785],[-5.851,56.829],[-5.66,56.873],[-5.921,56.894],[-5.852,56.9],[-5.88,56.922],[-5.832,56.997],[-5.523,57.004],[-5.629,56.992],[-5.776,57.076],[-5.646,57.129],[-5.4,57.106],[-5.681,57.158],[-5.578,57.267],[-5.407,57.23],[-5.502,57.278],[-5.441,57.319],[-5.578,57.278],[-5.729,57.298],[-5.448,57.422],[-5.563,57.363],[-5.64,57.374],[-5.62,57.417],[-5.808,57.355],[-5.811,57.442],[-5.873,57.494],[-5.839,57.579],[-5.64,57.511],[-5.513,57.541],[-5.66,57.545],[-5.806,57.643],[-5.791,57.696],[-5.674,57.71],[-5.804,57.744],[-5.811,57.833],[-5.699,57.869],[-5.606,57.77],[-5.585,57.831],[-5.654,57.895],[-5.613,57.929],[-5.487,57.856],[-5.415,57.908],[-5.222,57.847],[-5.393,57.918],[-5.366,57.943],[-5.071,57.833],[-5.222,57.921],[-5.204,57.96],[-5.428,58.031],[-5.447,58.084],[-5.301,58.07],[-5.297,58.135],[-5.242,58.148],[-5.392,58.261],[-5.129,58.271],[-4.934,58.223],[-4.982,58.251],[-4.927,58.265],[-5.05,58.26],[-5.173,58.354],[-5.143,58.415],[-5.016,58.388],[-5.098,58.415],[-4.996,58.437],[-5.106,58.506],[-4.988,58.628],[-4.836,58.605],[-4.818,58.525],[-4.777,58.607],[-4.66,58.556],[-4.761,58.448],[-4.585,58.574],[-4.427,58.546],[-4.495,58.45],[-4.344,58.539],[-4.235,58.525],[-4.029,58.595],[-3.896,58.566],[-3.598,58.627],[-3.364,58.601],[-3.413,58.656],[-3.375,58.677],[-3.019,58.64],[-3.129,58.513],[-3.053,58.466],[-3.13,58.369],[-4.002,57.936],[-4.084,57.964],[-3.988,57.908],[-4.009,57.868],[-4.299,57.863],[-4.392,57.908],[-4.308,57.851],[-4.04,57.818],[-3.779,57.856],[-3.988,57.696],[-4.043,57.737],[-4.295,57.68],[-4.428,57.578],[-4.202,57.675],[-4.009,57.689],[-4.105,57.579],[-4.263,57.552],[-4.208,57.538],[-4.249,57.497],[-4.035,57.557],[-4.084,57.586],[-3.591,57.641],[-3.612,57.668],[-3.409,57.723],[-3.035,57.669],[-2.916,57.703],[-2.433,57.668],[-1.998,57.703],[-1.829,57.613],[-1.759,57.474],[-1.98,57.319],[-2.069,57.175],[-2.049,57.119],[-2.187,56.985],[-2.186,56.915],[-2.426,56.751],[-2.515,56.591],[-2.728,56.47],[-3.061,56.452],[-3.323,56.366],[-2.885,56.458],[-2.803,56.428],[-2.838,56.366],[-2.803,56.345],[-2.577,56.278],[-2.784,56.192],[-2.964,56.206],[-3.164,56.064],[-3.343,56.027],[-3.837,56.106],[-3.656,56.01],[-3.078,55.947],[-2.94,55.969],[-2.823,56.06],[-2.635,56.058],[-2.584,56.003],[-2.138,55.915],[-1.816,55.633],[-1.631,55.585],[-1.518,55.157],[-1.363,54.965],[-1.275,54.748],[-1.172,54.701],[-1.204,54.626],[-1.138,54.647],[-0.563,54.477],[-0.37,54.248],[-0.076,54.112],[-0.219,54.023],[-0.151,53.899],[0.133,53.643],[0.131,53.573],[0.12,53.618],[-0.092,53.631],[-0.26,53.735],[-0.726,53.701],[-0.279,53.707],[0.219,53.42],[0.357,53.146],[0.33,53.086],[0.01,52.886],[0.106,52.889],[0.385,52.768],[0.486,52.933],[0.57,52.969],[1.275,52.929],[1.644,52.776],[1.747,52.625],[1.771,52.486],[1.631,52.27],[1.582,52.081],[1.472,52.056],[1.332,51.94],[1.158,52.029],[1.274,51.961],[1.069,51.953],[1.282,51.947],[1.2,51.878],[1.287,51.882],[1.276,51.845],[1.065,51.775],[0.98,51.844],[0.874,51.747],[0.699,51.72],[0.761,51.693],[0.93,51.744],[0.924,51.588],[0.771,51.528],[0.456,51.506],[0.385,51.453],[0.695,51.477],[0.723,51.447],[0.555,51.412],[0.713,51.384],[0.726,51.419],[0.764,51.364],[0.977,51.349],[1.448,51.383],[1.378,51.326],[1.413,51.222],[1.384,51.152],[1.067,51.064],[0.966,50.983],[0.98,50.918],[0.762,50.931],[0.624,50.859],[0.365,50.819],[0.271,50.747],[-0.27,50.831],[-0.758,50.777],[-0.79,50.73],[-0.904,50.772],[-0.864,50.808],[-0.939,50.843],[-1.021,50.844],[-1.083,50.781],[-1.069,50.844],[-1.165,50.844],[-1.124,50.819],[-1.151,50.781],[-1.466,50.918],[-1.317,50.8],[-1.561,50.719],[-1.693,50.74],[-1.94,50.691],[-2.039,50.74],[-2.083,50.699],[-1.953,50.677],[-1.965,50.602],[-2.398,50.646],[-2.46,50.607],[-2.453,50.528],[-2.484,50.59],[-2.865,50.734],[-3.26,50.675],[-3.368,50.617],[-3.464,50.679],[-3.433,50.61],[-3.506,50.521],[-3.487,50.459],[-3.556,50.432],[-3.487,50.405],[-3.632,50.312],[-3.661,50.221],[-3.789,50.212],[-3.961,50.322],[-4.054,50.3],[-4.171,50.383],[-4.16,50.459],[-4.201,50.459],[-4.229,50.397],[-4.29,50.397],[-4.194,50.377],[-4.229,50.371],[-4.18,50.356],[-4.194,50.322],[-4.338,50.371],[-4.495,50.328],[-4.694,50.343],[-4.763,50.322],[-4.8,50.23],[-5.002,50.144],[-5.053,50.196],[-5.043,50.144],[-5.126,50.096],[-5.057,50.061],[-5.191,49.959],[-5.304,50.08],[-5.475,50.13],[-5.563,50.06],[-5.705,50.052],[-5.685,50.162],[-5.315,50.254],[-5.15,50.35],[-5.154,50.399],[-5.05,50.429],[-5.016,50.538],[-4.947,50.562],[-4.934,50.52],[-4.845,50.514],[-4.921,50.589],[-4.792,50.595],[-4.752,50.67],[-4.577,50.775],[-4.526,51.015],[-4.338,50.997],[-4.208,51.076],[-4.256,51.152],[-4.215,51.152],[-4.229,51.192],[-3.769,51.248],[-3.385,51.186],[-3.022,51.192],[-3.022,51.323],[-2.975,51.384],[-2.696,51.513],[-2.383,51.773],[-2.6,51.666],[-2.665,51.617]]],[[[-1.083,50.713],[-1.062,50.685],[-1.156,50.651],[-1.168,50.603],[-1.279,50.583],[-1.486,50.669],[-1.569,50.658],[-1.319,50.772],[-1.086,50.714],[-1.083,50.713]]],[[[-0.96,50.808],[-0.939,50.781],[-1.021,50.788],[-0.951,50.812],[-0.96,50.808]]],[[[0.911,51.412],[0.936,51.371],[0.734,51.412],[0.767,51.448],[0.901,51.418],[0.911,51.412]]],[[[-4.577,53.272],[-4.564,53.242],[-4.694,53.31],[-4.581,53.285],[-4.577,53.272]]],[[[-4.098,53.31],[-4.043,53.303],[-4.222,53.182],[-4.407,53.131],[-4.385,53.182],[-4.495,53.18],[-4.571,53.275],[-4.571,53.393],[-4.325,53.42],[-4.203,53.298],[-4.103,53.311],[-4.098,53.31]]],[[[-6.236,55.311],[-6.172,55.293],[-6.195,55.263],[-6.284,55.297],[-6.25,55.31],[-6.236,55.311]]],[[[-5.071,55.509],[-5.118,55.44],[-5.305,55.462],[-5.393,55.647],[-5.297,55.723],[-5.198,55.704],[-5.094,55.567],[-5.112,55.52],[-5.071,55.509]]],[[[-5.03,55.749],[-5.116,55.784],[-5.2,55.911],[-5.081,55.88],[-5.019,55.763],[-5.03,55.749]]],[[[-6.03,55.729],[-6.058,55.66],[-6.287,55.578],[-6.319,55.628],[-6.243,55.66],[-6.325,55.715],[-6.25,55.777],[-6.329,55.783],[-6.504,55.681],[-6.445,55.849],[-6.331,55.89],[-6.311,55.818],[-6.297,55.867],[-6.14,55.941],[-6.047,55.734],[-6.03,55.729]]],[[[-6.206,56.103],[-6.133,56.113],[-6.174,56.044],[-6.27,56.038],[-6.212,56.097],[-6.206,56.103]]],[[[-5.798,56.113],[-5.716,56.153],[-5.688,56.124],[-5.962,55.805],[-6.062,55.809],[-6.075,55.916],[-5.886,55.976],[-5.996,55.986],[-5.874,56.07],[-5.798,56.113]]],[[[-5.688,56.202],[-5.749,56.161],[-5.722,56.187],[-5.688,56.202]]],[[[-5.633,56.263],[-5.637,56.189],[-5.645,56.256],[-5.633,56.263]]],[[[-5.633,56.319],[-5.585,56.326],[-5.599,56.284],[-5.647,56.299],[-5.633,56.319]]],[[[-5.558,56.414],[-5.503,56.421],[-5.574,56.403],[-5.558,56.414]]],[[[-6.16,56.47],[-6.264,56.483],[-6.171,56.481],[-6.16,56.47]]],[[[-6.819,56.538],[-6.729,56.53],[-6.882,56.444],[-6.99,56.504],[-6.841,56.535],[-6.819,56.538]]],[[[-5.688,56.435],[-5.658,56.4],[-5.742,56.414],[-5.784,56.366],[-5.703,56.365],[-5.809,56.319],[-5.88,56.326],[-5.873,56.358],[-6.267,56.263],[-6.366,56.322],[-6.247,56.312],[-6.021,56.382],[-6.203,56.38],[-6.01,56.47],[-6.017,56.504],[-6.127,56.474],[-6.338,56.552],[-6.29,56.572],[-6.325,56.606],[-6.151,56.652],[-6.058,56.64],[-5.963,56.526],[-5.794,56.517],[-5.67,56.433],[-5.688,56.435]]],[[[-6.459,56.678],[-6.616,56.575],[-6.702,56.586],[-6.453,56.688],[-6.459,56.678]]],[[[-7.394,57.01],[-7.374,56.983],[-7.445,56.947],[-7.557,56.953],[-7.449,57.059],[-7.403,57.015],[-7.394,57.01]]],[[[-6.325,57.059],[-6.243,57.01],[-6.304,56.944],[-6.455,57.004],[-6.364,57.056],[-6.325,57.059]]],[[[-6.606,57.052],[-6.49,57.059],[-6.58,57.048],[-6.606,57.052]]],[[[-5.959,57.284],[-6.014,57.317],[-5.925,57.292],[-5.959,57.284]]],[[[-7.244,57.326],[-7.195,57.306],[-7.257,57.237],[-7.353,57.243],[-7.271,57.216],[-7.26,57.16],[-7.346,57.148],[-7.216,57.114],[-7.353,57.1],[-7.455,57.237],[-7.39,57.312],[-7.428,57.388],[-7.353,57.408],[-7.223,57.34],[-7.394,57.381],[-7.37,57.355],[-7.259,57.328],[-7.244,57.326]]],[[[-7.264,57.483],[-7.202,57.463],[-7.264,57.449],[-7.205,57.419],[-7.408,57.446],[-7.37,57.489],[-7.275,57.482],[-7.264,57.483]]],[[[-6.064,57.347],[-6.069,57.436],[-5.993,57.507],[-5.989,57.347],[-6.068,57.342],[-6.064,57.347]]],[[[-5.968,57.518],[-5.962,57.577],[-5.968,57.534],[-5.968,57.518]]],[[[-7.129,57.653],[-7.065,57.634],[-7.216,57.634],[-7.126,57.571],[-7.312,57.552],[-7.144,57.549],[-7.158,57.511],[-7.305,57.511],[-7.318,57.552],[-7.545,57.593],[-7.477,57.662],[-7.143,57.658],[-7.129,57.653]]],[[[-6.564,57.347],[-6.696,57.364],[-6.784,57.456],[-6.722,57.456],[-6.716,57.514],[-6.607,57.444],[-6.631,57.502],[-6.564,57.504],[-6.655,57.552],[-6.64,57.607],[-6.311,57.463],[-6.416,57.646],[-6.311,57.703],[-6.154,57.59],[-6.133,57.476],[-6.188,57.394],[-6.127,57.408],[-6.099,57.332],[-6.154,57.306],[-5.901,57.243],[-5.647,57.265],[-5.691,57.19],[-6.007,57.028],[-5.987,57.118],[-5.845,57.188],[-5.986,57.175],[-6.044,57.23],[-6.024,57.196],[-6.089,57.127],[-6.164,57.201],[-6.318,57.161],[-6.277,57.202],[-6.346,57.188],[-6.38,57.223],[-6.346,57.243],[-6.482,57.312],[-6.324,57.311],[-6.463,57.347],[-6.531,57.415],[-6.562,57.358],[-6.564,57.347]]],[[[-7.223,57.71],[-7.152,57.726],[-7.199,57.708],[-7.223,57.71]]],[[[-8.621,57.833],[-8.552,57.819],[-8.611,57.813],[-8.621,57.833]]],[[[-7.045,57.902],[-7.079,57.88],[-7.016,57.922],[-7.009,57.89],[-7.045,57.902]]],[[[-6.873,58.217],[-6.88,58.258],[-6.791,58.21],[-6.873,58.21],[-6.873,58.217]]],[[[-6.955,57.744],[-7.125,57.837],[-7.079,57.813],[-6.914,57.868],[-6.963,57.895],[-6.832,57.902],[-6.839,57.936],[-7.113,57.99],[-6.935,58.052],[-7.058,58.039],[-7.024,58.08],[-7.113,58.1],[-7.113,58.182],[-7.017,58.189],[-7.058,58.213],[-7.031,58.245],[-6.907,58.217],[-6.937,58.211],[-6.86,58.107],[-6.869,58.189],[-6.709,58.189],[-6.819,58.285],[-6.223,58.499],[-6.167,58.42],[-6.215,58.368],[-6.167,58.347],[-6.366,58.237],[-6.151,58.258],[-6.16,58.217],[-6.234,58.184],[-6.4,58.21],[-6.373,58.141],[-6.619,58.086],[-6.407,58.107],[-6.366,58.059],[-6.4,58.045],[-6.352,58.039],[-6.545,58.018],[-6.455,57.977],[-6.537,57.921],[-6.661,57.929],[-6.709,58.004],[-6.592,58.059],[-6.688,58.059],[-6.764,58.004],[-6.661,57.88],[-6.787,57.899],[-6.742,57.831],[-6.853,57.833],[-6.894,57.767],[-6.955,57.744]]],[[[-2.953,58.84],[-2.884,58.832],[-2.94,58.731],[-3.016,58.813],[-2.967,58.82],[-3.036,58.82],[-2.997,58.835],[-2.953,58.84]]],[[[-3.248,58.792],[-3.132,58.806],[-3.299,58.779],[-3.433,58.885],[-3.349,58.929],[-3.246,58.896],[-3.173,58.826],[-3.237,58.806],[-3.248,58.792]]],[[[-2.728,58.971],[-2.707,58.932],[-2.824,58.882],[-2.981,58.96],[-3.203,58.916],[-3.228,59.039],[-3.289,58.95],[-3.367,59.016],[-3.324,59.127],[-3.183,59.147],[-2.994,59.073],[-3.117,58.998],[-2.781,58.99],[-2.838,58.95],[-2.795,58.926],[-2.744,58.969],[-2.728,58.971]]],[[[-2.542,59.121],[-2.515,59.094],[-2.686,59.089],[-2.618,59.128],[-2.666,59.155],[-2.539,59.122],[-2.542,59.121]]],[[[-3.005,59.128],[-3.12,59.177],[-2.953,59.183],[-2.975,59.134],[-3.005,59.128]]],[[[-2.83,59.197],[-2.786,59.197],[-2.777,59.253],[-2.728,59.224],[-2.761,59.193],[-2.734,59.148],[-2.83,59.176],[-2.83,59.197]]],[[[-2.446,59.293],[-2.411,59.319],[-2.392,59.285],[-2.693,59.192],[-2.596,59.265],[-2.612,59.293],[-2.461,59.291],[-2.446,59.293]]],[[[-3.049,59.32],[-3.077,59.334],[-2.965,59.361],[-2.988,59.32],[-2.83,59.252],[-2.885,59.23],[-2.871,59.258],[-3.04,59.312],[-3.049,59.32]]],[[[-1.651,59.529],[-1.583,59.56],[-1.645,59.514],[-1.651,59.529]]],[[[-0.785,60.615],[-0.761,60.588],[-0.856,60.567],[-0.939,60.629],[-0.788,60.614],[-0.785,60.615]]],[[[-1.097,60.416],[-1.034,60.451],[-1.125,60.384],[-1.068,60.396],[-1.07,60.36],[-1.172,60.348],[-1.075,60.321],[-1.138,60.291],[-1.09,60.273],[-1.219,60.238],[-1.158,60.225],[-1.193,60.176],[-1.124,60.15],[-1.213,60.107],[-1.165,60.06],[-1.219,60.04],[-1.201,59.986],[-1.247,59.998],[-1.275,59.854],[-1.376,59.909],[-1.263,60.115],[-1.269,60.185],[-1.312,60.181],[-1.268,60.245],[-1.329,60.204],[-1.411,60.259],[-1.35,60.211],[-1.455,60.156],[-1.527,60.193],[-1.466,60.217],[-1.504,60.243],[-1.625,60.217],[-1.69,60.285],[-1.481,60.316],[-1.466,60.279],[-1.423,60.326],[-1.364,60.286],[-1.343,60.348],[-1.26,60.355],[-1.395,60.39],[-1.446,60.492],[-1.48,60.457],[-1.609,60.483],[-1.527,60.557],[-1.384,60.512],[-1.48,60.539],[-1.419,60.608],[-1.316,60.594],[-1.301,60.643],[-1.336,60.485],[-1.295,60.492],[-1.37,60.402],[-1.234,60.444],[-1.295,60.471],[-1.218,60.498],[-1.152,60.431],[-1.221,60.409],[-1.098,60.424],[-1.097,60.416]]],[[[-0.987,60.698],[-0.993,60.636],[-1.062,60.663],[-1.014,60.615],[-1.069,60.615],[-1.011,60.578],[-1.024,60.503],[-1.154,60.508],[-1.18,60.625],[-1.103,60.615],[-1.114,60.715],[-0.993,60.731],[-0.992,60.7],[-0.987,60.698]]],[[[-0.905,60.684],[-0.966,60.69],[-0.939,60.8],[-0.881,60.845],[-0.888,60.79],[-0.822,60.848],[-0.772,60.833],[-0.85,60.718],[-0.822,60.685],[-0.89,60.685],[-0.905,60.684]]],[[[-6.299,49.935],[-6.292,49.932],[-6.284,49.923],[-6.299,49.935]]],[[[-6.334,49.96],[-6.328,49.957],[-6.326,49.949],[-6.334,49.96]]],[[[-4.665,51.184],[-4.664,51.177],[-4.663,51.165],[-4.665,51.184]]],[[[-13.69,57.596],[-13.691,57.597],[-13.691,57.597],[-13.69,57.596]]],[[[-1.315,60.094],[-1.368,60.045],[-1.346,60.109],[-1.323,60.088],[-1.315,60.094]]],[[[-2.053,60.156],[-2.063,60.118],[-2.112,60.138],[-2.065,60.157],[-2.053,60.156]]],[[[-1.063,60.164],[-1.084,60.105],[-1.135,60.179],[-1.07,60.164],[-1.063,60.164]]],[[[-0.919,60.386],[-1.034,60.34],[-0.922,60.385],[-0.919,60.386]]]]}},{"type":"Feature","id":"GRC","properties":{"name":"Greece","id":"GRC"},"geometry":{"type":"MultiPolygon","coordinates":[[[[20.965,40.849],[21.295,40.861],[21.405,40.909],[21.582,40.866],[21.766,40.924],[21.909,41.097],[22.048,41.152],[22.451,41.114],[22.59,41.125],[22.645,41.18],[22.705,41.14],[22.781,41.335],[23.157,41.316],[23.288,41.398],[23.612,41.371],[23.895,41.464],[24.035,41.451],[24.047,41.526],[24.17,41.512],[24.233,41.562],[24.296,41.515],[24.51,41.562],[24.58,41.441],[24.774,41.348],[24.886,41.401],[25.286,41.239],[25.551,41.316],[25.68,41.297],[25.811,41.341],[25.882,41.304],[26.121,41.358],[26.176,41.432],[26.163,41.529],[26.048,41.689],[26.226,41.75],[26.595,41.612],[26.636,41.4],[26.61,41.331],[26.54,41.352],[26.321,41.246],[26.359,40.965],[26.226,40.899],[26.082,40.736],[26.006,40.804],[26.054,40.831],[25.538,40.87],[25.3,40.952],[25.181,40.943],[25.138,41.01],[25.039,41.006],[24.802,40.853],[24.629,40.859],[24.567,40.952],[24.505,40.962],[24.392,40.936],[24.313,40.88],[24.341,40.831],[24.11,40.728],[23.842,40.783],[23.732,40.752],[23.7,40.674],[23.915,40.539],[23.823,40.507],[23.868,40.414],[24.002,40.386],[24.011,40.449],[24.086,40.366],[24.233,40.317],[24.394,40.152],[24.3,40.128],[24.169,40.275],[23.937,40.365],[23.73,40.359],[23.716,40.255],[23.991,40.119],[23.991,39.954],[23.827,40.009],[23.675,40.218],[23.438,40.279],[23.34,40.228],[23.364,40.15],[23.748,39.93],[23.361,39.961],[23.299,40.235],[22.888,40.386],[22.822,40.502],[22.983,40.553],[22.91,40.645],[22.737,40.515],[22.579,40.468],[22.661,40.369],[22.553,40.167],[22.571,40.054],[22.708,39.961],[22.73,39.885],[22.85,39.791],[22.939,39.581],[23.097,39.502],[23.344,39.18],[23.204,39.105],[23.052,39.098],[23.081,39.147],[23.114,39.159],[23.101,39.105],[23.217,39.18],[23.135,39.297],[22.936,39.361],[22.943,39.303],[22.843,39.288],[22.826,39.221],[22.998,39.07],[22.964,39.009],[23.073,39.036],[22.792,38.878],[22.622,38.914],[22.525,38.858],[22.703,38.851],[22.778,38.782],[23.042,38.747],[23.105,38.638],[23.187,38.686],[23.306,38.653],[23.333,38.604],[23.285,38.556],[23.382,38.535],[23.335,38.504],[23.567,38.501],[23.673,38.356],[23.951,38.291],[24.081,38.166],[23.989,38.123],[24.046,37.906],[24.012,37.892],[24.087,37.785],[24.033,37.652],[23.95,37.677],[23.866,37.808],[23.779,37.802],[23.697,37.94],[23.561,37.973],[23.575,38.047],[23.409,37.974],[23.015,37.925],[22.995,37.882],[23.182,37.809],[23.121,37.741],[23.176,37.72],[23.169,37.614],[23.337,37.535],[23.359,37.574],[23.312,37.617],[23.399,37.638],[23.395,37.515],[23.526,37.439],[23.263,37.401],[23.23,37.375],[23.278,37.35],[23.186,37.341],[23.204,37.303],[23.169,37.3],[23.073,37.355],[23.132,37.449],[23.046,37.487],[23.005,37.46],[22.922,37.54],[22.854,37.515],[22.778,37.597],[22.726,37.566],[22.758,37.398],[22.907,37.194],[22.903,37.121],[22.982,37.083],[23.012,36.939],[23.114,36.781],[23.031,36.726],[23.036,36.649],[23.155,36.541],[23.135,36.508],[23.196,36.433],[23.095,36.443],[23.051,36.522],[22.972,36.52],[22.884,36.654],[22.815,36.671],[22.787,36.793],[22.686,36.809],[22.577,36.783],[22.525,36.685],[22.553,36.651],[22.517,36.666],[22.526,36.612],[22.484,36.607],[22.491,36.391],[22.47,36.452],[22.355,36.512],[22.388,36.706],[22.222,36.898],[22.138,36.917],[22.153,37.021],[21.943,36.993],[21.922,36.863],[21.97,36.795],[21.883,36.727],[21.823,36.809],[21.707,36.818],[21.71,36.943],[21.57,37.116],[21.574,37.192],[21.696,37.316],[21.675,37.396],[21.55,37.561],[21.402,37.655],[21.312,37.638],[21.285,37.785],[21.106,37.878],[21.134,37.946],[21.326,38.021],[21.284,38.015],[21.367,38.121],[21.374,38.221],[21.622,38.155],[21.849,38.341],[22.68,38.067],[22.867,37.94],[22.975,37.979],[22.875,38.049],[23.173,38.079],[23.217,38.103],[23.176,38.145],[23.223,38.159],[23.123,38.208],[22.806,38.227],[22.765,38.248],[22.799,38.282],[22.696,38.317],[22.646,38.39],[22.563,38.294],[22.402,38.453],[22.382,38.343],[22.225,38.36],[22.189,38.323],[21.958,38.412],[21.831,38.397],[21.763,38.328],[21.6,38.351],[21.518,38.296],[21.428,38.331],[21.49,38.309],[21.49,38.358],[21.377,38.399],[21.323,38.496],[21.337,38.396],[21.156,38.304],[21.085,38.344],[21.14,38.399],[21.087,38.41],[21.12,38.44],[21.096,38.532],[21.031,38.511],[20.988,38.664],[20.914,38.686],[20.86,38.804],[20.773,38.761],[20.729,38.81],[20.805,38.868],[20.756,38.907],[20.77,38.959],[20.817,38.921],[20.86,38.961],[20.867,38.926],[21.027,38.933],[21.085,38.864],[21.102,38.911],[21.177,38.876],[21.16,38.998],[21.085,39.063],[21.058,39.009],[20.901,39.077],[20.845,39.037],[20.822,39.114],[20.743,39.029],[20.832,38.964],[20.735,38.95],[20.687,39.072],[20.479,39.225],[20.482,39.283],[20.325,39.304],[20.236,39.399],[20.216,39.44],[20.267,39.447],[20.216,39.495],[20.264,39.509],[20.134,39.53],[20.182,39.624],[20.0,39.694],[20.184,39.637],[20.246,39.663],[20.299,39.728],[20.28,39.804],[20.372,39.784],[20.397,39.818],[20.298,39.987],[20.376,39.994],[20.433,40.064],[20.648,40.094],[20.771,40.422],[20.937,40.473],[21.019,40.559],[21.035,40.659],[20.944,40.765],[20.967,40.802],[20.965,40.849]]],[[[24.128,34.855],[24.135,34.815],[24.046,34.849],[24.128,34.863],[24.128,34.855]]],[[[26.976,35.431],[27.012,35.438],[27.007,35.398],[26.848,35.372],[26.961,35.43],[26.976,35.431]]],[[[26.321,35.315],[26.266,35.26],[26.321,35.198],[26.278,35.1],[26.147,35.002],[25.985,35.039],[25.019,34.932],[24.739,34.932],[24.743,35.077],[24.402,35.191],[24.05,35.191],[23.827,35.253],[23.683,35.226],[23.518,35.294],[23.58,35.576],[23.605,35.613],[23.62,35.524],[23.718,35.513],[23.742,35.687],[23.817,35.535],[24.025,35.521],[24.094,35.554],[24.082,35.59],[24.183,35.586],[24.183,35.513],[24.072,35.498],[24.187,35.452],[24.252,35.479],[24.265,35.37],[24.34,35.348],[24.721,35.427],[24.971,35.425],[25.053,35.404],[25.077,35.344],[25.376,35.343],[25.454,35.294],[25.766,35.336],[25.713,35.183],[25.795,35.115],[26.061,35.233],[26.179,35.207],[26.294,35.315],[26.321,35.315]]],[[[27.212,35.521],[27.232,35.472],[27.136,35.404],[27.068,35.589],[27.157,35.801],[27.221,35.829],[27.219,35.726],[27.157,35.634],[27.205,35.527],[27.212,35.521]]],[[[23.278,35.897],[23.333,35.829],[23.277,35.901],[23.278,35.897]]],[[[23.012,36.308],[23.104,36.237],[23.052,36.145],[22.991,36.137],[22.909,36.206],[22.9,36.328],[22.945,36.389],[22.996,36.324],[23.012,36.308]]],[[[25.736,36.383],[25.855,36.364],[25.73,36.38],[25.736,36.383]]],[[[28.24,36.433],[28.062,36.117],[28.09,36.055],[27.993,36.062],[27.827,35.914],[27.733,35.915],[27.757,36.084],[27.684,36.158],[27.9,36.34],[28.24,36.439],[28.24,36.433]]],[[[25.382,36.48],[25.479,36.424],[25.465,36.342],[25.362,36.357],[25.437,36.391],[25.378,36.478],[25.382,36.48]]],[[[27.397,36.439],[27.428,36.385],[27.294,36.436],[27.356,36.48],[27.382,36.444],[27.397,36.439]]],[[[26.362,36.638],[26.466,36.583],[26.301,36.513],[26.261,36.588],[26.404,36.59],[26.362,36.631],[26.362,36.638]]],[[[27.87,36.59],[27.843,36.528],[27.76,36.576],[27.842,36.645],[27.815,36.61],[27.873,36.6],[27.87,36.59]]],[[[24.868,36.665],[24.964,36.596],[24.862,36.666],[24.868,36.665]]],[[[25.146,36.72],[25.183,36.706],[25.067,36.638],[25.136,36.717],[25.146,36.72]]],[[[21.764,36.754],[21.778,36.699],[21.76,36.752],[21.764,36.754]]],[[[24.474,36.747],[24.533,36.768],[24.546,36.689],[24.327,36.651],[24.354,36.754],[24.461,36.699],[24.409,36.761],[24.45,36.753],[24.474,36.747]]],[[[24.642,36.789],[24.659,36.751],[24.608,36.781],[24.644,36.793],[24.642,36.789]]],[[[25.273,36.72],[25.307,36.795],[25.399,36.728],[25.373,36.654],[25.338,36.668],[25.273,36.72]]],[[[21.696,36.74],[21.729,36.795],[21.702,36.752],[21.696,36.74]]],[[[24.608,36.836],[24.573,36.782],[24.521,36.817],[24.603,36.837],[24.608,36.836]]],[[[25.423,36.833],[25.478,36.871],[25.434,36.823],[25.423,36.833]]],[[[27.281,36.908],[27.356,36.863],[27.13,36.761],[26.992,36.754],[26.973,36.679],[26.918,36.716],[26.926,36.766],[27.061,36.839],[27.266,36.904],[27.281,36.908]]],[[[25.609,36.884],[25.684,36.891],[25.632,36.883],[25.609,36.884]]],[[[26.006,36.939],[26.075,36.893],[25.88,36.795],[25.739,36.795],[25.845,36.809],[25.845,36.85],[25.998,36.939],[26.006,36.939]]],[[[25.081,36.953],[25.026,37.008],[25.088,37.042],[25.072,36.964],[25.081,36.953]]],[[[24.704,37.035],[24.766,36.949],[24.711,36.904],[24.642,37.049],[24.698,37.035],[24.704,37.035]]],[[[26.912,36.946],[26.954,37.028],[26.89,37.09],[27.044,36.996],[27.04,36.945],[26.921,36.947],[26.912,36.946]]],[[[25.807,37.103],[25.781,37.124],[25.835,37.138],[25.819,37.097],[25.807,37.103]]],[[[25.28,37.049],[25.188,36.985],[25.103,37.013],[25.15,37.111],[25.239,37.152],[25.293,37.152],[25.28,37.055],[25.28,37.049]]],[[[25.526,37.196],[25.592,37.143],[25.581,37.018],[25.45,36.918],[25.342,37.083],[25.522,37.193],[25.526,37.196]]],[[[24.444,37.179],[24.521,37.204],[24.532,37.13],[24.423,37.124],[24.435,37.175],[24.444,37.179]]],[[[23.128,37.288],[23.162,37.244],[23.119,37.288],[23.128,37.288]]],[[[23.587,37.371],[23.374,37.303],[23.553,37.371],[23.587,37.371]]],[[[24.368,37.412],[24.436,37.487],[24.483,37.412],[24.368,37.31],[24.385,37.417],[24.368,37.412]]],[[[25.395,37.418],[25.307,37.412],[25.313,37.488],[25.463,37.47],[25.403,37.418],[25.395,37.418]]],[[[24.943,37.435],[24.964,37.402],[24.882,37.364],[24.895,37.51],[24.945,37.443],[24.943,37.435]]],[[[23.477,37.556],[23.526,37.522],[23.436,37.522],[23.475,37.541],[23.477,37.556]]],[[[25.091,37.583],[24.985,37.679],[25.259,37.59],[25.216,37.533],[25.103,37.578],[25.091,37.583]]],[[[24.375,37.686],[24.396,37.625],[24.275,37.532],[24.289,37.645],[24.369,37.685],[24.375,37.686]]],[[[26.362,37.686],[26.231,37.571],[25.976,37.516],[26.074,37.638],[26.314,37.683],[26.362,37.686]]],[[[23.546,37.774],[23.484,37.679],[23.426,37.768],[23.546,37.774]]],[[[27.048,37.727],[26.797,37.645],[26.708,37.714],[26.598,37.677],[26.58,37.741],[26.806,37.815],[26.966,37.748],[26.945,37.789],[27.068,37.774],[27.042,37.738],[27.048,37.727]]],[[[20.901,37.792],[20.996,37.699],[20.894,37.733],[20.815,37.652],[20.619,37.864],[20.709,37.925],[20.752,37.855],[20.886,37.814],[20.901,37.792]]],[[[24.992,37.768],[24.958,37.686],[24.716,37.879],[24.694,37.966],[24.779,38.0],[24.848,37.915],[24.954,37.906],[24.98,37.774],[24.992,37.768]]],[[[23.408,37.899],[23.498,37.967],[23.429,37.988],[23.518,37.999],[23.573,37.953],[23.518,37.899],[23.421,37.893],[23.408,37.899]]],[[[20.734,38.062],[20.615,38.12],[20.51,38.111],[20.445,38.276],[20.425,38.175],[20.345,38.182],[20.4,38.364],[20.479,38.309],[20.53,38.337],[20.538,38.474],[20.626,38.352],[20.631,38.258],[20.682,38.282],[20.798,38.131],[20.795,38.066],[20.743,38.064],[20.734,38.062]]],[[[20.716,38.392],[20.764,38.323],[20.688,38.337],[20.619,38.481],[20.672,38.498],[20.661,38.461],[20.709,38.447],[20.675,38.378],[20.723,38.385],[20.716,38.392]]],[[[20.941,38.604],[20.894,38.549],[20.932,38.603],[20.941,38.604]]],[[[26.164,38.543],[26.122,38.488],[26.164,38.303],[26.114,38.284],[26.112,38.223],[26.01,38.157],[25.89,38.221],[25.876,38.275],[25.964,38.303],[25.989,38.379],[25.843,38.515],[25.849,38.58],[25.995,38.604],[26.155,38.556],[26.164,38.543]]],[[[25.589,38.612],[25.623,38.579],[25.561,38.535],[25.523,38.597],[25.581,38.612],[25.589,38.612]]],[[[20.585,38.618],[20.545,38.57],[20.603,38.782],[20.686,38.85],[20.729,38.782],[20.721,38.638],[20.648,38.584],[20.602,38.627],[20.585,38.618]]],[[[24.677,38.81],[24.567,38.763],[24.532,38.796],[24.574,38.81],[24.557,38.846],[24.436,38.878],[24.461,38.968],[24.561,38.944],[24.579,38.876],[24.663,38.827],[24.677,38.81]]],[[[24.588,38.159],[24.567,37.988],[24.477,37.962],[24.43,38.021],[24.372,37.972],[24.286,38.086],[24.204,38.09],[24.185,38.218],[24.126,38.217],[24.153,38.281],[24.109,38.256],[24.122,38.309],[24.025,38.331],[24.067,38.351],[24.042,38.402],[23.649,38.406],[23.594,38.453],[23.636,38.501],[23.614,38.558],[23.202,38.83],[22.969,38.889],[22.982,38.845],[22.833,38.823],[22.837,38.854],[23.127,39.006],[23.309,39.038],[23.594,38.77],[23.723,38.762],[23.858,38.683],[24.156,38.653],[24.126,38.599],[24.231,38.522],[24.185,38.408],[24.252,38.228],[24.344,38.159],[24.497,38.146],[24.588,38.159]]],[[[23.436,39.146],[23.399,39.164],[23.504,39.194],[23.445,39.142],[23.436,39.146]]],[[[23.67,39.118],[23.587,39.208],[23.793,39.124],[23.717,39.077],[23.67,39.111],[23.67,39.118]]],[[[20.14,39.242],[20.202,39.18],[20.125,39.236],[20.14,39.242]]],[[[23.937,39.221],[23.834,39.146],[23.957,39.289],[23.95,39.229],[23.937,39.221]]],[[[26.612,39.049],[26.539,39.019],[26.489,39.114],[26.437,39.104],[26.547,38.988],[26.424,38.967],[26.166,39.022],[26.088,39.083],[26.28,39.196],[26.187,39.202],[26.064,39.091],[25.889,39.145],[25.835,39.18],[25.842,39.228],[25.917,39.297],[26.163,39.324],[26.164,39.379],[26.362,39.379],[26.417,39.33],[26.382,39.277],[26.54,39.166],[26.598,39.057],[26.612,39.049]]],[[[25.012,39.564],[25.047,39.545],[24.985,39.467],[25.003,39.563],[25.012,39.564]]],[[[20.092,39.434],[20.106,39.365],[19.912,39.43],[19.829,39.572],[19.626,39.748],[19.852,39.825],[19.948,39.79],[19.842,39.704],[19.845,39.653],[19.928,39.625],[19.937,39.473],[20.082,39.447],[20.092,39.434]]],[[[25.45,40.036],[25.348,39.906],[25.349,39.788],[25.239,39.858],[25.28,39.889],[25.251,39.919],[25.177,39.845],[25.215,39.803],[25.143,39.817],[25.165,39.859],[25.047,39.838],[25.033,39.995],[25.225,40.009],[25.285,39.953],[25.422,40.024],[25.45,40.036]]],[[[25.691,40.448],[25.567,40.4],[25.444,40.482],[25.576,40.515],[25.698,40.461],[25.691,40.448]]],[[[24.786,40.735],[24.78,40.612],[24.642,40.571],[24.517,40.639],[24.533,40.718],[24.642,40.804],[24.783,40.742],[24.786,40.735]]],[[[23.884,36.844],[23.887,36.839],[23.889,36.834],[23.884,36.844]]],[[[23.46,36.921],[23.464,36.917],[23.467,36.906],[23.46,36.921]]],[[[27.566,36.245],[27.619,36.228],[27.519,36.217],[27.549,36.244],[27.566,36.245]]],[[[27.186,36.616],[27.198,36.568],[27.13,36.57],[27.167,36.615],[27.186,36.616]]],[[[26.872,37.134],[26.85,37.098],[26.773,37.183],[26.85,37.187],[26.87,37.141],[26.872,37.134]]],[[[26.599,37.355],[26.546,37.277],[26.536,37.373],[26.597,37.359],[26.599,37.355]]],[[[24.739,37.614],[24.66,37.607],[24.741,37.626],[24.739,37.614]]],[[[20.945,38.652],[20.871,38.583],[20.921,38.648],[20.945,38.652]]],[[[20.801,38.665],[20.76,38.627],[20.8,38.595],[20.737,38.652],[20.799,38.666],[20.801,38.665]]],[[[24.081,39.352],[24.063,39.297],[24.074,39.349],[24.081,39.352]]]]}},{"type":"Feature","id":"AUT","properties":{"name":"Austria","id":"AUT"},"geometry":{"type":"Polygon","coordinates":[[[16.945,48.604],[16.844,48.366],[16.954,48.273],[16.982,48.161],[17.08,48.098],[17.07,48.036],[17.148,48.005],[17.086,47.97],[17.068,47.882],[17.004,47.863],[17.075,47.708],[16.85,47.713],[16.797,47.675],[16.568,47.754],[16.408,47.661],[16.63,47.622],[16.689,47.538],[16.641,47.453],[16.434,47.397],[16.473,47.277],[16.413,47.187],[16.51,47.138],[16.454,47.082],[16.493,47.049],[16.425,47.024],[16.486,46.999],[16.275,47.004],[16.11,46.868],[15.982,46.828],[16.017,46.671],[15.851,46.724],[15.636,46.718],[15.463,46.615],[15.062,46.65],[14.85,46.601],[14.789,46.507],[14.54,46.379],[14.396,46.441],[14.15,46.44],[13.478,46.564],[13.231,46.552],[12.405,46.69],[12.269,46.789],[12.267,46.868],[12.127,46.909],[12.111,46.993],[12.204,47.053],[12.181,47.085],[11.735,46.971],[11.472,47.007],[11.174,46.964],[10.997,46.769],[10.723,46.786],[10.739,46.83],[10.647,46.864],[10.486,46.846],[10.458,46.937],[10.373,46.996],[10.111,46.847],[9.875,46.927],[9.858,47.015],[9.581,47.057],[9.616,47.107],[9.521,47.263],[9.65,47.41],[9.547,47.535],[9.677,47.523],[9.782,47.588],[9.813,47.542],[9.946,47.541],[10.023,47.488],[10.083,47.359],[10.209,47.372],[10.16,47.271],[10.306,47.302],[10.428,47.396],[10.429,47.577],[10.483,47.533],[10.584,47.562],[10.859,47.531],[10.979,47.391],[11.194,47.429],[11.237,47.394],[11.384,47.445],[11.413,47.506],[11.551,47.514],[11.62,47.59],[12.174,47.605],[12.207,47.646],[12.177,47.706],[12.242,47.732],[12.239,47.679],[12.424,47.692],[12.497,47.629],[12.762,47.667],[12.813,47.612],[12.779,47.555],[13.002,47.466],[13.072,47.659],[13.02,47.713],[12.892,47.724],[12.991,47.847],[12.745,48.121],[13.406,48.377],[13.455,48.573],[13.717,48.522],[13.802,48.612],[13.816,48.766],[13.982,48.706],[14.075,48.592],[14.325,48.559],[14.458,48.643],[14.676,48.576],[14.8,48.777],[14.94,48.763],[14.982,49.008],[15.137,48.993],[15.142,48.937],[15.275,48.987],[15.681,48.858],[15.818,48.872],[16.085,48.743],[16.358,48.727],[16.52,48.806],[16.675,48.734],[16.873,48.719],[16.911,48.631],[16.945,48.604]]]}},{"type":"Feature","id":"ITA","properties":{"name":"Italy","id":"ITA"},"geometry":{"type":"MultiPolygon","coordinates":[[[[7.022,45.925],[7.154,45.877],[7.541,45.984],[7.844,45.919],[8.111,46.127],[8.087,46.272],[8.399,46.452],[8.446,46.412],[8.438,46.235],[8.602,46.123],[8.809,46.09],[8.834,46.066],[8.768,45.983],[8.871,45.947],[8.9,45.826],[9.002,45.821],[9.063,45.899],[8.981,45.964],[9.002,46.039],[9.225,46.231],[9.275,46.331],[9.238,46.437],[9.282,46.497],[9.385,46.466],[9.435,46.498],[9.444,46.375],[9.536,46.299],[9.674,46.292],[9.72,46.351],[9.918,46.371],[10.076,46.22],[10.159,46.262],[10.092,46.329],[10.141,46.403],[10.026,46.446],[10.033,46.533],[10.088,46.604],[10.192,46.627],[10.295,46.551],[10.444,46.538],[10.459,46.624],[10.369,46.672],[10.454,46.864],[10.647,46.864],[10.739,46.83],[10.723,46.786],[10.997,46.769],[11.174,46.964],[11.472,47.007],[11.735,46.971],[12.181,47.085],[12.204,47.053],[12.111,46.993],[12.127,46.909],[12.267,46.868],[12.269,46.789],[12.405,46.69],[13.701,46.52],[13.677,46.452],[13.365,46.29],[13.41,46.208],[13.637,46.18],[13.462,46.006],[13.509,45.967],[13.606,45.985],[13.566,45.83],[13.779,45.743],[13.895,45.632],[13.848,45.585],[13.712,45.593],[13.808,45.614],[13.574,45.79],[13.524,45.76],[13.555,45.737],[13.402,45.675],[13.431,45.707],[13.369,45.745],[13.119,45.772],[13.075,45.697],[13.15,45.704],[13.085,45.642],[12.424,45.438],[12.431,45.484],[12.582,45.553],[12.507,45.573],[12.451,45.512],[12.397,45.539],[12.424,45.498],[12.31,45.489],[12.216,45.316],[12.154,45.313],[12.181,45.258],[12.217,45.294],[12.23,45.204],[12.307,45.231],[12.328,45.101],[12.307,45.128],[12.297,45.089],[12.369,45.011],[12.369,45.066],[12.534,44.97],[12.445,44.821],[12.438,44.901],[12.407,44.891],[12.416,44.803],[12.266,44.827],[12.284,44.488],[12.369,44.251],[12.692,43.991],[12.929,43.916],[13.253,43.703],[13.616,43.56],[13.945,42.798],[14.075,42.599],[14.56,42.226],[14.709,42.175],[14.741,42.085],[15.165,41.928],[16.14,41.92],[16.184,41.78],[15.9,41.615],[15.896,41.536],[15.961,41.459],[16.594,41.207],[17.057,41.082],[17.476,40.83],[18.007,40.651],[18.037,40.557],[18.238,40.458],[18.516,40.139],[18.411,39.979],[18.389,39.817],[18.338,39.8],[18.072,39.912],[17.967,40.057],[18.011,40.096],[17.863,40.286],[17.512,40.304],[17.2,40.42],[17.228,40.474],[17.323,40.498],[16.976,40.493],[16.605,40.084],[16.632,39.966],[16.49,39.775],[16.546,39.661],[16.782,39.612],[17.159,39.406],[17.115,39.269],[17.125,39.091],[17.206,39.029],[17.172,38.961],[17.104,38.899],[16.957,38.94],[16.839,38.918],[16.586,38.798],[16.535,38.7],[16.57,38.43],[16.169,38.143],[16.077,37.94],[15.684,37.954],[15.635,38.009],[15.633,38.22],[15.813,38.301],[15.918,38.517],[15.837,38.649],[16.003,38.725],[16.153,38.731],[16.222,38.857],[16.083,39.075],[15.995,39.439],[15.806,39.696],[15.774,39.891],[15.624,40.078],[15.535,40.078],[15.41,39.994],[15.261,40.029],[15.263,40.074],[15.127,40.17],[14.911,40.242],[14.998,40.398],[14.782,40.67],[14.343,40.571],[14.338,40.624],[14.474,40.73],[14.294,40.839],[14.203,40.801],[14.083,40.831],[14.083,40.784],[14.048,40.79],[14.021,40.922],[13.722,41.252],[13.594,41.253],[13.544,41.207],[13.286,41.296],[13.045,41.228],[12.894,41.399],[12.635,41.447],[12.448,41.631],[12.239,41.736],[12.17,41.88],[12.02,41.993],[11.827,42.034],[11.658,42.279],[11.377,42.407],[11.107,42.391],[11.099,42.443],[11.188,42.48],[11.158,42.564],[10.944,42.743],[10.731,42.804],[10.764,42.918],[10.5,42.94],[10.528,43.247],[10.317,43.493],[10.252,43.847],[10.091,44.025],[9.845,44.109],[9.832,44.042],[9.231,44.354],[9.211,44.305],[9.102,44.374],[8.762,44.432],[8.466,44.304],[8.408,44.194],[8.257,44.128],[8.168,43.956],[8.068,43.897],[7.737,43.798],[7.502,43.792],[7.478,43.866],[7.69,44.067],[7.656,44.176],[7.341,44.124],[6.973,44.249],[6.87,44.363],[6.918,44.436],[6.836,44.534],[6.96,44.683],[7.055,44.685],[7.005,44.828],[6.745,44.908],[6.723,45.013],[6.603,45.103],[6.736,45.157],[6.844,45.13],[7.108,45.259],[7.093,45.324],[7.161,45.411],[6.983,45.511],[6.963,45.641],[6.816,45.697],[6.785,45.76],[6.801,45.826],[6.949,45.858],[7.008,45.921],[7.022,45.925]],[[12.429,43.892],[12.482,43.983],[12.396,43.948],[12.4,43.903],[12.429,43.892]],[[12.453,41.903],[12.454,41.903],[12.454,41.904],[12.453,41.903]]],[[[12.0,36.836],[12.052,36.79],[12.031,36.741],[11.922,36.828],[11.993,36.825],[12.0,36.836]]],[[[12.273,37.94],[12.369,37.925],[12.279,37.929],[12.273,37.94]]],[[[15.529,38.303],[15.652,38.275],[15.57,38.227],[15.5,38.085],[15.213,37.761],[15.164,37.568],[15.092,37.477],[15.104,37.33],[15.252,37.258],[15.183,37.207],[15.303,37.101],[15.284,37.048],[15.332,37.012],[15.158,36.924],[15.094,36.8],[15.134,36.675],[15.094,36.655],[14.487,36.793],[14.279,37.044],[14.126,37.112],[13.894,37.101],[13.716,37.171],[13.174,37.487],[13.026,37.493],[12.943,37.569],[12.659,37.565],[12.506,37.666],[12.427,37.797],[12.493,38.021],[12.705,38.111],[12.732,38.193],[12.901,38.028],[13.061,38.083],[13.101,38.19],[13.318,38.221],[13.391,38.103],[13.514,38.111],[13.651,38.001],[13.791,37.974],[14.021,38.049],[14.273,38.015],[14.512,38.044],[14.734,38.158],[14.907,38.188],[15.088,38.128],[15.177,38.156],[15.237,38.265],[15.292,38.207],[15.513,38.298],[15.529,38.303]]],[[[14.966,38.433],[14.987,38.364],[14.959,38.433],[14.966,38.433]]],[[[14.908,38.474],[14.91,38.515],[14.966,38.516],[14.966,38.453],[14.922,38.469],[14.908,38.474]]],[[[14.863,38.549],[14.794,38.572],[14.869,38.56],[14.863,38.549]]],[[[8.456,39.074],[8.41,38.962],[8.346,39.098],[8.445,39.103],[8.456,39.074]]],[[[8.306,39.193],[8.312,39.12],[8.269,39.1],[8.225,39.157],[8.29,39.188],[8.306,39.193]]],[[[13.945,40.702],[13.849,40.715],[13.863,40.762],[13.959,40.712],[13.945,40.702]]],[[[8.275,41.057],[8.21,40.996],[8.278,41.106],[8.326,41.126],[8.332,41.065],[8.275,41.057]]],[[[9.792,40.557],[9.826,40.53],[9.8,40.456],[9.626,40.263],[9.655,40.145],[9.732,40.084],[9.602,39.356],[9.635,39.297],[9.568,39.238],[9.566,39.149],[9.519,39.105],[9.292,39.221],[9.166,39.187],[9.014,39.264],[9.08,39.225],[9.018,39.146],[9.026,38.995],[8.853,38.878],[8.717,38.933],[8.641,38.864],[8.56,39.057],[8.483,39.08],[8.373,39.222],[8.432,39.302],[8.374,39.379],[8.463,39.577],[8.444,39.757],[8.566,39.701],[8.504,39.722],[8.555,39.853],[8.463,39.914],[8.435,39.858],[8.395,39.913],[8.377,40.034],[8.49,40.104],[8.476,40.292],[8.386,40.352],[8.38,40.469],[8.292,40.595],[8.147,40.593],[8.197,40.691],[8.134,40.729],[8.215,40.881],[8.193,40.964],[8.31,40.851],[8.521,40.827],[8.823,40.947],[9.006,41.122],[9.142,41.153],[9.171,41.243],[9.231,41.263],[9.278,41.195],[9.422,41.181],[9.443,41.092],[9.469,41.146],[9.56,41.126],[9.512,41.016],[9.663,41.003],[9.504,40.927],[9.642,40.921],[9.614,40.893],[9.724,40.845],[9.658,40.8],[9.787,40.567],[9.792,40.557]]],[[[10.896,42.387],[10.923,42.319],[10.862,42.366],[10.883,42.392],[10.896,42.387]]],[[[10.443,42.845],[10.389,42.763],[10.416,42.709],[10.338,42.765],[10.107,42.757],[10.133,42.812],[10.347,42.806],[10.4,42.869],[10.438,42.855],[10.443,42.845]]],[[[9.84,43.065],[9.801,43.008],[9.826,43.075],[9.84,43.065]]],[[[12.352,45.405],[12.431,45.416],[12.328,45.372],[12.352,45.405]]],[[[12.86,35.872],[12.867,35.872],[12.874,35.866],[12.86,35.872]]],[[[14.346,38.535],[14.343,38.547],[14.357,38.551],[14.346,38.535]]],[[[14.576,38.577],[14.58,38.566],[14.585,38.561],[14.576,38.577]]],[[[13.169,38.717],[13.186,38.718],[13.196,38.711],[13.169,38.717]]],[[[15.228,38.81],[15.187,38.789],[15.219,38.812],[15.228,38.81]]],[[[13.419,40.796],[13.424,40.8],[13.432,40.801],[13.419,40.796]]],[[[12.622,35.51],[12.526,35.517],[12.624,35.512],[12.622,35.51]]],[[[12.072,37.968],[12.03,37.984],[12.064,37.986],[12.072,37.968]]],[[[9.475,41.236],[9.464,41.173],[9.468,41.241],[9.475,41.236]]],[[[9.431,41.225],[9.373,41.222],[9.414,41.262],[9.429,41.229],[9.431,41.225]]],[[[10.297,42.345],[10.306,42.352],[10.316,42.341],[10.297,42.345]]],[[[10.092,42.596],[10.05,42.582],[10.088,42.604],[10.092,42.596]]],[[[12.33,45.459],[12.362,45.438],[12.317,45.443],[12.33,45.459]]]]}},{"type":"Feature","id":"CHE","properties":{"name":"Switzerland","id":"CHE"},"geometry":{"type":"Polygon","coordinates":[[[10.454,46.864],[10.369,46.672],[10.459,46.624],[10.444,46.538],[10.295,46.551],[10.192,46.627],[10.088,46.604],[10.033,46.533],[10.026,46.446],[10.141,46.403],[10.092,46.338],[10.159,46.262],[10.118,46.231],[10.043,46.22],[9.918,46.371],[9.72,46.351],[9.674,46.292],[9.536,46.299],[9.444,46.375],[9.435,46.498],[9.263,46.485],[9.275,46.331],[9.225,46.231],[9.002,46.039],[8.981,45.964],[9.063,45.899],[9.002,45.821],[8.9,45.826],[8.871,45.947],[8.768,45.983],[8.834,46.066],[8.809,46.09],[8.602,46.123],[8.438,46.235],[8.446,46.412],[8.399,46.452],[8.087,46.272],[8.111,46.127],[7.831,45.914],[7.541,45.984],[7.362,45.908],[7.067,45.89],[6.915,46.049],[6.851,46.05],[6.869,46.112],[6.774,46.135],[6.828,46.269],[6.75,46.346],[6.787,46.414],[6.614,46.456],[6.302,46.394],[6.214,46.315],[6.281,46.24],[6.108,46.139],[5.959,46.13],[5.959,46.212],[6.09,46.246],[6.136,46.359],[6.054,46.419],[6.146,46.552],[6.118,46.583],[6.429,46.761],[6.443,46.944],[6.665,47.021],[7.037,47.33],[7.004,47.368],[6.867,47.354],[6.991,47.452],[6.973,47.489],[7.181,47.488],[7.168,47.444],[7.238,47.417],[7.406,47.438],[7.414,47.49],[7.484,47.493],[7.483,47.542],[7.637,47.595],[7.61,47.565],[7.683,47.544],[7.82,47.595],[8.042,47.561],[8.233,47.622],[8.561,47.589],[8.607,47.656],[8.391,47.665],[8.464,47.764],[8.558,47.801],[8.713,47.757],[8.717,47.695],[8.798,47.72],[8.882,47.656],[9.273,47.65],[9.65,47.452],[9.487,47.21],[9.512,47.108],[9.477,47.064],[9.858,47.015],[9.875,46.927],[10.111,46.847],[10.373,46.996],[10.458,46.937],[10.451,46.886],[10.454,46.864]]]}},{"type":"Feature","id":"NLD","properties":{"name":"Netherlands","id":"NLD"},"geometry":{"type":"MultiPolygon","coordinates":[[[[7.195,53.245],[7.193,52.998],[7.062,52.824],[7.037,52.647],[6.737,52.635],[6.704,52.583],[6.744,52.56],[6.672,52.542],[6.715,52.462],[6.973,52.451],[7.048,52.365],[7.026,52.231],[6.673,52.05],[6.811,51.961],[6.717,51.899],[6.378,51.86],[6.345,51.821],[6.127,51.897],[6.093,51.885],[6.156,51.842],[5.931,51.816],[5.939,51.732],[6.099,51.644],[6.086,51.596],[6.205,51.458],[6.194,51.345],[6.057,51.212],[6.061,51.171],[6.147,51.152],[5.938,51.031],[5.852,51.043],[5.875,50.965],[6.004,50.974],[6.0,50.929],[6.064,50.908],[5.969,50.795],[5.995,50.75],[5.707,50.754],[5.624,50.83],[5.764,50.959],[5.722,50.959],[5.846,51.103],[5.829,51.156],[5.568,51.208],[5.493,51.287],[5.215,51.259],[5.068,51.375],[5.08,51.439],[5.028,51.477],[4.91,51.392],[4.762,51.413],[4.823,51.414],[4.824,51.476],[4.779,51.495],[4.63,51.418],[4.541,51.42],[4.525,51.476],[4.483,51.474],[4.377,51.443],[4.392,51.35],[3.999,51.453],[3.827,51.391],[3.69,51.454],[3.535,51.459],[3.451,51.53],[3.56,51.595],[3.851,51.611],[3.906,51.569],[3.872,51.549],[4.016,51.531],[4.105,51.446],[4.283,51.448],[4.268,51.508],[3.988,51.59],[4.207,51.59],[4.113,51.639],[4.177,51.686],[4.072,51.717],[3.981,51.81],[3.862,51.816],[4.078,51.844],[4.016,51.988],[4.142,52.006],[4.508,52.336],[4.745,52.968],[4.817,52.968],[4.809,52.93],[4.874,52.904],[5.078,52.954],[5.379,53.097],[5.447,53.221],[5.592,53.303],[5.981,53.406],[6.829,53.451],[6.901,53.352],[7.183,53.245],[7.195,53.245]]],[[[3.349,51.375],[3.541,51.417],[3.834,51.343],[3.984,51.41],[4.221,51.368],[4.169,51.297],[3.927,51.206],[3.809,51.205],[3.776,51.255],[3.61,51.29],[3.422,51.238],[3.367,51.263],[3.358,51.337],[3.349,51.375]]],[[[-68.212,12.228],[-68.254,12.024],[-68.303,12.203],[-68.417,12.257],[-68.377,12.31],[-68.221,12.231],[-68.212,12.228]]],[[[-62.997,17.526],[-62.945,17.485],[-62.995,17.492],[-62.997,17.526]]],[[[4.037,51.686],[4.099,51.654],[3.96,51.624],[3.809,51.7],[3.687,51.693],[3.814,51.748],[4.027,51.691],[4.037,51.686]]],[[[4.893,53.111],[4.796,53.0],[4.708,53.028],[4.854,53.188],[4.91,53.119],[4.893,53.111]]],[[[4.879,53.221],[5.105,53.31],[4.91,53.212],[4.879,53.221]]],[[[5.424,53.43],[5.585,53.454],[5.168,53.368],[5.407,53.423],[5.424,53.43]]],[[[5.674,53.468],[5.955,53.461],[5.679,53.43],[5.636,53.449],[5.659,53.472],[5.674,53.468]]],[[[6.212,53.509],[6.339,53.502],[6.127,53.46],[6.185,53.505],[6.212,53.509]]],[[[6.441,53.557],[6.51,53.544],[6.443,53.55],[6.441,53.557]]],[[[-63.238,17.647],[-63.23,17.642],[-63.224,17.629],[-63.238,17.647]]]]}},{"type":"Feature","id":"SRB","properties":{"name":"Serbia","id":"SRB"},"geometry":{"type":"Polygon","coordinates":[[[20.243,46.108],[20.354,45.977],[20.572,45.888],[20.688,45.743],[20.786,45.753],[20.767,45.479],[20.981,45.333],[21.493,45.145],[21.351,44.998],[21.536,44.889],[21.356,44.857],[21.396,44.79],[21.578,44.778],[21.656,44.688],[21.994,44.659],[22.127,44.503],[22.426,44.734],[22.765,44.583],[22.7,44.542],[22.58,44.565],[22.484,44.5],[22.523,44.375],[22.682,44.305],[22.692,44.228],[22.606,44.175],[22.593,44.064],[22.4,43.993],[22.349,43.808],[22.466,43.649],[22.519,43.474],[22.733,43.382],[22.985,43.175],[22.727,42.887],[22.564,42.884],[22.427,42.814],[22.483,42.734],[22.425,42.573],[22.537,42.478],[22.424,42.326],[22.308,42.319],[22.269,42.37],[22.096,42.306],[21.929,42.335],[21.677,42.235],[21.575,42.242],[21.516,42.342],[21.617,42.387],[21.764,42.67],[21.379,42.744],[21.408,42.847],[21.261,42.887],[21.21,42.996],[21.148,42.993],[21.093,43.091],[20.839,43.17],[20.865,43.217],[20.819,43.257],[20.604,43.198],[20.669,43.11],[20.644,43.052],[20.459,42.95],[20.476,42.856],[20.345,42.827],[20.337,42.907],[20.117,42.977],[19.929,43.114],[19.805,43.09],[19.714,43.166],[19.598,43.176],[19.372,43.384],[19.176,43.481],[19.253,43.589],[19.347,43.609],[19.411,43.541],[19.49,43.564],[19.507,43.647],[19.462,43.762],[19.229,43.958],[19.244,44.002],[19.529,43.977],[19.619,44.036],[19.362,44.191],[19.324,44.264],[19.157,44.294],[19.117,44.344],[19.13,44.518],[19.318,44.715],[19.377,44.863],[19.187,44.928],[19.016,44.866],[18.991,44.915],[19.132,44.953],[19.045,45.137],[19.138,45.146],[19.122,45.196],[19.226,45.162],[19.408,45.203],[18.977,45.371],[19.031,45.416],[19.01,45.499],[19.106,45.512],[18.904,45.573],[18.968,45.669],[18.845,45.816],[18.855,45.857],[18.907,45.868],[18.873,45.895],[18.901,45.931],[18.988,45.924],[19.065,46.012],[19.263,45.981],[19.55,46.164],[20.188,46.14],[20.243,46.108]]]}},{"type":"Feature","id":"HRV","properties":{"name":"Croatia","id":"HRV"},"geometry":{"type":"MultiPolygon","coordinates":[[[[16.515,46.502],[16.838,46.382],[17.053,46.153],[17.209,46.117],[17.29,45.985],[17.591,45.936],[17.657,45.845],[17.858,45.772],[18.211,45.785],[18.404,45.742],[18.573,45.817],[18.656,45.908],[18.776,45.883],[18.901,45.931],[18.873,45.895],[18.907,45.868],[18.845,45.816],[18.968,45.669],[18.904,45.573],[19.106,45.512],[19.01,45.499],[19.031,45.416],[18.977,45.371],[19.408,45.203],[19.226,45.162],[19.122,45.196],[19.138,45.146],[19.045,45.137],[19.132,44.953],[18.991,44.915],[19.016,44.866],[18.89,44.861],[18.783,44.914],[18.792,45.002],[18.684,45.085],[18.55,45.095],[18.517,45.056],[18.238,45.157],[18.154,45.098],[18.003,45.149],[17.836,45.064],[17.685,45.164],[17.482,45.114],[17.443,45.162],[17.382,45.14],[17.269,45.19],[17.187,45.149],[16.947,45.236],[16.924,45.285],[16.812,45.181],[16.529,45.222],[16.316,45.001],[16.122,45.096],[16.02,45.214],[15.792,45.19],[15.731,44.927],[15.773,44.845],[15.728,44.769],[15.806,44.697],[15.889,44.724],[16.028,44.625],[16.006,44.541],[16.116,44.521],[16.138,44.378],[16.203,44.36],[16.216,44.208],[16.327,44.082],[16.501,43.993],[16.713,43.772],[17.031,43.548],[17.271,43.463],[17.29,43.303],[17.628,43.047],[17.635,42.95],[17.516,42.959],[17.471,43.013],[17.502,43.031],[17.434,43.017],[17.426,43.065],[17.114,43.213],[16.881,43.406],[16.391,43.511],[16.473,43.538],[16.434,43.55],[16.118,43.524],[16.172,43.49],[16.113,43.479],[15.959,43.504],[15.987,43.545],[15.925,43.559],[15.919,43.629],[15.966,43.641],[15.905,43.648],[15.95,43.689],[15.706,43.763],[15.145,44.195],[15.11,44.264],[15.141,44.282],[15.177,44.25],[15.198,44.302],[15.295,44.251],[15.261,44.333],[15.529,44.272],[15.308,44.354],[15.007,44.57],[14.884,44.724],[14.922,44.959],[14.853,45.094],[14.571,45.294],[14.312,45.344],[14.233,45.149],[14.144,45.059],[14.151,44.977],[14.069,44.95],[14.04,45.039],[14.076,44.984],[13.973,44.901],[14.0,44.813],[13.89,44.833],[13.903,44.772],[13.787,44.875],[13.842,44.888],[13.795,44.895],[13.774,44.964],[13.623,45.073],[13.613,45.118],[13.726,45.135],[13.596,45.145],[13.575,45.306],[13.61,45.32],[13.541,45.346],[13.507,45.512],[13.889,45.424],[13.983,45.475],[13.972,45.514],[14.373,45.478],[14.581,45.668],[14.668,45.534],[14.797,45.465],[14.923,45.515],[15.139,45.43],[15.325,45.453],[15.361,45.482],[15.269,45.602],[15.374,45.64],[15.255,45.723],[15.451,45.815],[15.676,45.842],[15.698,46.036],[15.59,46.114],[15.64,46.208],[16.019,46.299],[16.058,46.378],[16.276,46.373],[16.235,46.493],[16.344,46.547],[16.491,46.515],[16.515,46.502]]],[[[18.437,42.559],[18.496,42.416],[17.893,42.791],[17.721,42.826],[17.749,42.772],[17.214,42.983],[17.046,42.995],[17.002,43.051],[17.24,43.023],[17.741,42.839],[17.653,42.891],[17.812,42.91],[17.858,42.817],[18.421,42.564],[18.437,42.559]]],[[[16.858,42.784],[16.936,42.756],[16.834,42.731],[16.828,42.781],[16.858,42.784]]],[[[17.659,42.743],[17.749,42.695],[17.324,42.791],[17.648,42.739],[17.659,42.743]]],[[[17.132,42.97],[17.2,42.922],[16.851,42.901],[16.655,42.926],[16.707,42.97],[16.632,42.983],[17.111,42.964],[17.132,42.97]]],[[[16.241,43.072],[16.087,43.011],[16.049,43.065],[16.228,43.079],[16.241,43.072]]],[[[16.693,43.127],[16.372,43.196],[16.583,43.189],[16.521,43.229],[16.563,43.229],[16.728,43.165],[17.193,43.127],[16.943,43.127],[16.693,43.127]]],[[[16.501,43.284],[16.406,43.333],[16.453,43.353],[16.426,43.394],[16.892,43.312],[16.813,43.268],[16.564,43.27],[16.501,43.284]]],[[[16.391,43.346],[16.2,43.407],[16.367,43.361],[16.391,43.346]]],[[[15.679,43.648],[15.74,43.628],[15.604,43.675],[15.67,43.656],[15.679,43.648]]],[[[15.261,43.867],[15.396,43.772],[15.241,43.881],[15.261,43.867]]],[[[15.303,43.966],[15.261,44.011],[15.384,43.97],[15.446,43.888],[15.31,43.958],[15.303,43.966]]],[[[15.254,44.018],[15.063,44.162],[15.247,44.047],[15.254,44.018]]],[[[14.843,44.148],[14.85,44.152],[14.857,44.152],[14.843,44.148]]],[[[15.145,43.95],[15.217,43.913],[15.133,43.921],[15.195,43.873],[14.85,44.176],[15.117,43.979],[15.145,43.95]]],[[[14.877,44.56],[14.734,44.703],[14.845,44.601],[15.041,44.527],[15.076,44.484],[14.911,44.552],[15.048,44.439],[15.097,44.415],[15.042,44.477],[15.254,44.34],[15.165,44.367],[15.22,44.313],[15.129,44.312],[15.117,44.387],[14.897,44.491],[14.878,44.551],[14.877,44.56]]],[[[14.446,44.566],[14.534,44.484],[14.363,44.573],[14.336,44.717],[14.397,44.686],[14.41,44.601],[14.446,44.566]]],[[[14.74,44.778],[14.658,44.799],[14.727,44.799],[14.686,44.847],[14.753,44.846],[14.859,44.717],[14.773,44.76],[14.74,44.778]]],[[[14.514,44.662],[14.513,44.619],[14.428,44.657],[14.294,44.909],[14.302,44.943],[14.387,44.909],[14.411,44.956],[14.278,45.113],[14.314,45.172],[14.356,45.169],[14.388,45.039],[14.473,44.971],[14.452,44.799],[14.501,44.678],[14.514,44.662]]],[[[14.723,44.943],[14.629,44.978],[14.621,45.046],[14.511,45.032],[14.425,45.087],[14.53,45.135],[14.549,45.249],[14.596,45.238],[14.597,45.166],[14.665,45.162],[14.665,45.087],[14.8,45.005],[14.815,44.977],[14.742,44.945],[14.723,44.943]]],[[[16.31,43.508],[16.375,43.49],[16.211,43.49],[16.264,43.513],[16.31,43.508]]],[[[14.76,44.292],[14.79,44.267],[14.753,44.291],[14.76,44.292]]],[[[14.613,44.341],[14.661,44.309],[14.595,44.347],[14.613,44.341]]],[[[14.798,44.378],[14.801,44.343],[14.756,44.364],[14.763,44.415],[14.797,44.381],[14.798,44.378]]],[[[14.244,44.661],[14.28,44.678],[14.271,44.613],[14.236,44.642],[14.244,44.661]]]]}},{"type":"Feature","id":"SVN","properties":{"name":"Slovenia","id":"SVN"},"geometry":{"type":"Polygon","coordinates":[[[13.643,45.459],[13.569,45.539],[13.753,45.553],[13.712,45.593],[13.848,45.585],[13.895,45.632],[13.779,45.743],[13.581,45.809],[13.606,45.985],[13.509,45.967],[13.462,46.006],[13.637,46.18],[13.41,46.208],[13.365,46.29],[13.677,46.452],[13.701,46.52],[14.406,46.439],[14.54,46.379],[14.789,46.507],[14.85,46.601],[15.062,46.65],[15.463,46.615],[15.636,46.718],[15.851,46.724],[16.017,46.671],[15.972,46.821],[16.094,46.863],[16.325,46.839],[16.314,46.743],[16.411,46.668],[16.376,46.629],[16.501,46.545],[16.515,46.502],[16.358,46.547],[16.264,46.516],[16.234,46.479],[16.276,46.373],[16.058,46.378],[16.019,46.299],[15.64,46.208],[15.59,46.114],[15.698,46.036],[15.676,45.842],[15.451,45.815],[15.255,45.723],[15.374,45.64],[15.269,45.602],[15.361,45.482],[15.325,45.453],[15.139,45.43],[14.923,45.515],[14.797,45.465],[14.668,45.534],[14.581,45.668],[14.373,45.478],[13.972,45.514],[13.983,45.475],[13.889,45.424],[13.66,45.46],[13.643,45.459]]]}},{"type":"Feature","id":"BGR","properties":{"name":"Bulgaria","id":"BGR"},"geometry":{"type":"Polygon","coordinates":[[[26.333,41.713],[26.212,41.75],[26.054,41.702],[26.176,41.432],[26.121,41.358],[25.882,41.304],[25.811,41.341],[25.68,41.297],[25.551,41.316],[25.239,41.241],[25.102,41.337],[24.886,41.401],[24.774,41.348],[24.58,41.441],[24.51,41.562],[24.296,41.515],[24.251,41.563],[24.17,41.512],[24.077,41.536],[24.035,41.451],[23.895,41.464],[23.612,41.371],[23.288,41.398],[23.157,41.316],[22.917,41.336],[22.955,41.432],[22.936,41.626],[23.009,41.74],[22.881,41.873],[22.838,42.019],[22.531,42.129],[22.345,42.313],[22.424,42.326],[22.533,42.458],[22.425,42.573],[22.483,42.734],[22.427,42.814],[22.564,42.884],[22.727,42.887],[22.776,42.98],[22.956,43.108],[22.981,43.199],[22.519,43.474],[22.466,43.649],[22.349,43.808],[22.4,43.993],[22.593,44.064],[22.606,44.175],[22.692,44.228],[23.031,44.093],[23.023,44.032],[22.886,43.995],[22.851,43.897],[22.889,43.84],[23.485,43.881],[24.159,43.753],[24.466,43.802],[24.706,43.744],[24.964,43.75],[25.403,43.65],[25.781,43.732],[26.151,44.012],[27.027,44.177],[27.251,44.122],[27.384,44.015],[27.633,44.03],[27.722,43.949],[27.912,43.993],[27.981,43.849],[28.221,43.762],[28.578,43.741],[28.604,43.538],[28.56,43.454],[28.473,43.367],[28.322,43.428],[28.119,43.392],[28.018,43.233],[27.904,43.202],[27.946,43.169],[27.884,43.031],[27.892,42.711],[27.733,42.715],[27.74,42.661],[27.628,42.629],[27.65,42.558],[27.541,42.565],[27.453,42.48],[27.466,42.428],[27.473,42.462],[27.629,42.459],[27.719,42.415],[27.714,42.349],[27.788,42.311],[27.756,42.258],[27.987,42.072],[28.017,41.973],[27.812,41.995],[27.815,41.947],[27.687,41.969],[27.546,41.901],[27.273,42.092],[27.174,42.057],[27.047,42.083],[26.939,41.996],[26.606,41.967],[26.543,41.92],[26.526,41.824],[26.376,41.817],[26.323,41.724],[26.333,41.713]]]}},{"type":"Feature","id":"MNE","properties":{"name":"Montenegro","id":"MNE"},"geometry":{"type":"Polygon","coordinates":[[[18.496,42.416],[18.437,42.559],[18.492,42.565],[18.55,42.668],[18.454,42.793],[18.434,42.954],[18.483,43.015],[18.639,43.02],[18.621,43.123],[18.664,43.233],[18.821,43.341],[18.923,43.347],[18.992,43.267],[19.07,43.309],[18.906,43.491],[18.977,43.546],[19.055,43.507],[19.195,43.533],[19.192,43.455],[19.372,43.384],[19.598,43.176],[19.714,43.166],[19.805,43.09],[19.929,43.114],[20.117,42.977],[20.354,42.891],[20.345,42.827],[20.218,42.803],[20.183,42.743],[20.076,42.773],[20.027,42.743],[20.104,42.653],[20.077,42.56],[19.982,42.511],[19.801,42.468],[19.734,42.524],[19.722,42.646],[19.622,42.605],[19.275,42.191],[19.372,42.104],[19.365,41.852],[19.17,41.938],[19.084,42.11],[18.886,42.284],[18.779,42.271],[18.678,42.386],[18.617,42.368],[18.545,42.424],[18.7,42.393],[18.687,42.483],[18.502,42.456],[18.51,42.405],[18.496,42.416]]]}},{"type":"Feature","id":"BIH","properties":{"name":"Bosnia and Herz.","id":"BIH"},"geometry":{"type":"Polygon","coordinates":[[[17.653,42.891],[17.556,42.935],[17.663,42.966],[17.628,43.047],[17.29,43.303],[17.271,43.463],[17.031,43.548],[16.713,43.772],[16.501,43.993],[16.327,44.082],[16.216,44.208],[16.203,44.36],[16.138,44.378],[16.116,44.521],[16.006,44.541],[16.028,44.625],[15.889,44.724],[15.806,44.697],[15.728,44.769],[15.773,44.845],[15.731,44.927],[15.792,45.19],[16.02,45.214],[16.122,45.096],[16.316,45.001],[16.529,45.222],[16.812,45.181],[16.924,45.285],[16.947,45.236],[17.187,45.149],[17.269,45.19],[17.382,45.14],[17.443,45.162],[17.482,45.114],[17.685,45.164],[17.836,45.064],[18.003,45.149],[18.154,45.098],[18.238,45.157],[18.517,45.056],[18.55,45.095],[18.678,45.087],[18.792,45.002],[18.783,44.914],[18.89,44.861],[19.187,44.928],[19.369,44.887],[19.318,44.715],[19.13,44.518],[19.107,44.383],[19.157,44.294],[19.307,44.274],[19.381,44.177],[19.611,44.055],[19.529,43.977],[19.273,44.012],[19.229,43.958],[19.462,43.762],[19.506,43.674],[19.49,43.564],[19.411,43.541],[19.347,43.609],[19.253,43.589],[19.217,43.533],[19.055,43.507],[18.977,43.546],[18.911,43.507],[19.07,43.309],[18.992,43.267],[18.923,43.347],[18.821,43.341],[18.664,43.233],[18.621,43.123],[18.639,43.02],[18.453,42.993],[18.445,42.817],[18.55,42.668],[18.492,42.565],[18.385,42.567],[17.995,42.74],[17.858,42.817],[17.812,42.91],[17.666,42.905],[17.653,42.891]]]}},{"type":"Feature","id":"PRT","properties":{"name":"Portugal","id":"PRT"},"geometry":{"type":"MultiPolygon","coordinates":[[[[-7.105,38.827],[-7.27,38.738],[-7.27,38.618],[-7.359,38.446],[-7.104,38.174],[-6.948,38.197],[-7.024,38.023],[-7.123,38.04],[-7.273,37.977],[-7.307,37.851],[-7.444,37.73],[-7.53,37.567],[-7.469,37.476],[-7.408,37.165],[-7.512,37.172],[-7.82,36.999],[-7.991,37.014],[-7.977,36.987],[-8.179,37.088],[-8.58,37.124],[-8.998,37.021],[-8.816,37.418],[-8.827,37.601],[-8.752,37.731],[-8.809,37.723],[-8.805,37.902],[-8.895,37.953],[-8.774,38.187],[-8.795,38.359],[-8.943,38.481],[-8.607,38.419],[-8.736,38.452],[-8.773,38.565],[-8.813,38.529],[-8.788,38.481],[-8.906,38.512],[-9.231,38.419],[-9.184,38.552],[-9.253,38.665],[-9.108,38.659],[-8.943,38.776],[-9.012,38.913],[-8.943,39.015],[-8.765,39.098],[-8.936,39.041],[-9.1,38.83],[-9.113,38.714],[-9.322,38.67],[-9.472,38.702],[-9.497,38.81],[-9.351,39.197],[-9.354,39.316],[-9.409,39.375],[-9.218,39.406],[-9.23,39.441],[-9.09,39.579],[-8.868,40.125],[-8.785,40.119],[-8.908,40.201],[-8.753,40.641],[-8.573,40.756],[-8.668,40.747],[-8.655,40.845],[-8.751,40.653],[-8.648,41.153],[-8.737,41.25],[-8.831,41.672],[-8.696,41.722],[-8.83,41.695],[-8.88,41.737],[-8.868,41.859],[-8.627,42.051],[-8.222,42.154],[-8.204,42.07],[-8.095,42.041],[-8.232,41.886],[-8.18,41.811],[-8.093,41.807],[-7.906,41.914],[-7.897,41.858],[-7.722,41.899],[-7.607,41.873],[-7.606,41.826],[-7.469,41.853],[-7.443,41.806],[-7.219,41.879],[-7.16,41.986],[-7.051,41.942],[-6.855,41.943],[-6.825,41.984],[-6.728,41.931],[-6.609,41.962],[-6.524,41.867],[-6.577,41.74],[-6.542,41.659],[-6.366,41.664],[-6.206,41.57],[-6.321,41.411],[-6.496,41.295],[-6.647,41.268],[-6.804,41.064],[-6.942,41.016],[-6.816,40.857],[-6.85,40.582],[-6.813,40.515],[-6.857,40.442],[-6.794,40.356],[-7.043,40.181],[-6.88,40.009],[-7.021,39.694],[-7.557,39.68],[-7.516,39.594],[-7.314,39.457],[-7.327,39.341],[-7.251,39.271],[-7.244,39.196],[-7.168,39.171],[-7.157,39.105],[-6.986,39.067],[-6.973,39.014],[-7.089,38.833],[-7.105,38.827]]],[[[-16.487,32.492],[-16.542,32.581],[-16.492,32.517],[-16.487,32.492]]],[[[-16.789,32.687],[-16.977,32.647],[-17.181,32.726],[-17.252,32.815],[-17.185,32.874],[-17.068,32.814],[-16.92,32.841],[-16.673,32.759],[-16.782,32.696],[-16.789,32.687]]],[[[-16.34,33.057],[-16.398,33.04],[-16.289,33.109],[-16.275,33.06],[-16.326,33.066],[-16.34,33.057]]],[[[-7.956,36.981],[-7.853,36.987],[-7.956,36.973],[-7.956,36.981]]],[[[-25.067,37.021],[-25.027,36.934],[-25.169,36.946],[-25.202,36.99],[-25.094,37.024],[-25.067,37.021]]],[[[-25.198,37.864],[-25.135,37.822],[-25.157,37.755],[-25.506,37.707],[-25.704,37.744],[-25.859,37.854],[-25.841,37.906],[-25.765,37.912],[-25.681,37.843],[-25.34,37.862],[-25.198,37.864]]],[[[-28.109,38.447],[-28.041,38.409],[-28.46,38.406],[-28.549,38.529],[-28.375,38.55],[-28.174,38.465],[-28.109,38.447]]],[[[-28.61,38.597],[-28.623,38.522],[-28.727,38.515],[-28.842,38.599],[-28.72,38.645],[-28.633,38.614],[-28.61,38.597]]],[[[-27.891,38.604],[-27.761,38.549],[-28.035,38.59],[-28.316,38.755],[-28.034,38.666],[-27.891,38.604]]],[[[-27.02,38.694],[-27.089,38.631],[-27.228,38.641],[-27.353,38.684],[-27.392,38.759],[-27.298,38.804],[-27.144,38.796],[-27.023,38.703],[-27.02,38.694]]],[[[-27.983,39.015],[-28.062,39.036],[-28.055,39.098],[-27.942,39.053],[-27.966,39.017],[-27.983,39.015]]],[[[-31.208,39.509],[-31.141,39.483],[-31.132,39.423],[-31.177,39.356],[-31.255,39.358],[-31.281,39.443],[-31.201,39.522],[-31.208,39.509]]],[[[-31.117,39.728],[-31.08,39.693],[-31.132,39.659],[-31.129,39.727],[-31.117,39.728]]],[[[-16.028,30.034],[-16.023,30.032],[-16.023,30.029],[-16.028,30.034]]],[[[-15.864,30.153],[-15.855,30.147],[-15.855,30.14],[-15.864,30.153]]],[[[-9.041,38.868],[-9.08,38.82],[-9.044,38.866],[-9.041,38.868]]]]}},{"type":"Feature","id":"MDA","properties":{"name":"Moldova","id":"MDA"},"geometry":{"type":"Polygon","coordinates":[[[26.618,48.259],[26.68,48.33],[26.786,48.294],[26.778,48.366],[26.832,48.391],[26.943,48.351],[27.033,48.36],[27.037,48.4],[27.209,48.361],[27.342,48.436],[27.403,48.411],[27.605,48.484],[28.076,48.315],[28.093,48.237],[28.358,48.239],[28.317,48.135],[28.412,48.171],[28.48,48.065],[28.519,48.149],[28.574,48.155],[28.799,48.112],[28.833,48.025],[28.95,47.935],[29.124,47.976],[29.236,47.871],[29.178,47.79],[29.239,47.756],[29.117,47.533],[29.156,47.45],[29.233,47.446],[29.41,47.28],[29.481,47.338],[29.557,47.324],[29.545,47.136],[29.478,47.112],[29.52,47.06],[29.57,47.091],[29.602,47.061],[29.559,46.946],[29.928,46.81],[29.95,46.579],[29.902,46.531],[30.132,46.423],[30.081,46.374],[29.828,46.339],[29.714,46.471],[29.616,46.362],[29.481,46.425],[29.458,46.485],[29.375,46.416],[29.307,46.472],[29.283,46.397],[29.201,46.357],[29.184,46.538],[28.946,46.455],[28.934,46.259],[29.015,46.183],[28.939,46.089],[28.957,46.001],[28.74,45.953],[28.738,45.838],[28.474,45.658],[28.537,45.58],[28.502,45.509],[28.271,45.522],[28.199,45.462],[28.141,45.56],[28.062,45.594],[28.168,45.632],[28.083,46.015],[28.145,46.183],[28.109,46.234],[28.246,46.428],[28.247,46.621],[28.083,46.972],[27.807,47.145],[27.733,47.276],[27.572,47.375],[27.576,47.46],[27.473,47.492],[27.304,47.667],[27.219,47.814],[27.253,47.828],[27.161,47.922],[27.169,47.983],[27.096,48.006],[27.043,48.127],[26.822,48.253],[26.666,48.274],[26.618,48.259]]]}}]}